timestamp,open,high,low,close,volume
1777446000,0.00003486237930523772,0.000052842419247266616,0.00002723294238913364,0.000040597475559236045,34303.852424109915
1777446900,0.000040597475559236045,0.00005392249643976495,0.000031785751033269085,0.00004344340793819268,39031.236550327514
1777447800,0.00004344340793819268,0.00004750570262618037,0.000014546796545764785,0.00001689799777851487,21234.304972192447
1777448700,0.00001689799777851487,0.000032338745129518065,0.000016154896088422714,0.000026119201915206863,11524.965837797434
1777449600,0.000026119201915206863,0.000034329668571002674,0.000024801043853447588,0.000026409439169213315,5205.136053520762
1777450500,0.000026409439169213315,0.000031364041547374495,0.000022409848853668463,0.000028536404520915682,5264.534506767912
1777451400,0.000028536404520915682,0.00003687256941126344,0.00001764409479038023,0.00002300069341268423,8412.37977609862
1777452300,0.00002300069341268423,0.00003134151532061078,0.00002185264791315604,0.00003134151532061078,2873.15484924709
1777453200,0.00003134151532061078,0.00003196991694145425,0.00002465930280722071,0.000026653227163027166,2381.4094243731333
1777454100,0.000026653227163027166,0.00004861699951371295,0.000026388524119334087,0.00003805708651999374,7354.8513533466585
1777455000,0.00003805708651999374,0.00007097186894527866,0.0000369830422670407,0.00006653141742750943,11022.838807778182
1777455900,0.00006653141742750943,0.00011905349114629342,0.00006529858456362344,0.00011682241020650303,16695.30037714938
1777456800,0.00011682241020650303,0.00012433105939362482,0.00006170790470753946,0.0000832208305811015,34349.39123037075
1777457700,0.0000832208305811015,0.00008416155140439909,0.00003596065353118255,0.0000368770242631945,16856.820263347334
1777458600,0.0000368770242631945,0.00004823199444504267,0.00003399838454765398,0.00004315575134729788,5296.534915296335
1777459500,0.00004315575134729788,0.00004722191840868882,0.000039541745623788386,0.000046067982735091706,3632.127956342123
1777460400,0.000046067982735091706,0.000048391464090147854,0.000032994642825233456,0.00003826616098021217,3168.845015424154
1777461300,0.00003826616098021217,0.00005507259168567601,0.0000371785684637813,0.00004964190630776346,4065.26441976198
1777462200,0.00004964190630776346,0.00004964190630776346,0.00004186162074728163,0.00004347027111484145,1480.719973587573
1777463100,0.00004347027111484145,0.00004584665594331201,0.00003805945279400801,0.00003805945279400801,2235.6423712709584
1777464000,0.00003805945279400801,0.0000393418352792056,0.00003779883787624509,0.000039332273506636165,410.397909807794
1777464900,0.000039332273506636165,0.00004747873298428652,0.000039332273506636165,0.000042570754232901544,1532.1528972820074
1777465800,0.000042570754232901544,0.00004868907014842785,0.00004070177048353196,0.00004868907014842785,1365.032673116786
1777466700,0.00004868907014842785,0.00004868907014842785,0.00003289044635258373,0.00003621350142320672,3027.686295723284
1777467600,0.00003621350142320672,0.000050900867735221504,0.00003333309772691431,0.000050900867735221504,4056.628982161965
1777468500,0.000050900867735221504,0.00005474251284291929,0.00003841005583846361,0.000047637339680230515,4739.901053709841
1777469400,0.000047637339680230515,0.00005055924832631924,0.000035263819608870015,0.000037287448064559024,2606.0780596739023
1777470300,0.000037287448064559024,0.000041871712030691826,0.00003488821309612008,0.000038117072449994986,2098.979508598505
1777471200,0.000038117072449994986,0.000044616796391892273,0.000038117072449994986,0.00004175801454711638,1015.8526600767863
1777472100,0.00004175801454711638,0.000055986946500996946,0.00004175801454711638,0.0000546944309053559,2155.0212825500544
1777473000,0.0000546944309053559,0.00006757163680478015,0.00005267390259601363,0.00005772467298484593,4110.773957484489
1777473900,0.00005772467298484593,0.00006871740537401945,0.00004240271362698521,0.00006860685021181514,7098.897839880931
1777474800,0.00006860685021181514,0.00008994715295545109,0.00006232238911805222,0.00008573587922284867,9618.536849123091
1777475700,0.00008573587922284867,0.00009391838437886772,0.00006885180295353519,0.00007553943417254936,11625.410283557967
1777476600,0.00007553943417254936,0.00015416552230218742,0.00007288149209522439,0.0001372874149708639,39697.22777391855
1777477500,0.0001372874149708639,0.00017072510859674422,0.0001144820329070866,0.00011715910350940093,38552.720108239904
1777478400,0.00011715910350940093,0.00021214150307614197,0.00011437539583572535,0.00015361972266386508,54544.45925995177
1777479300,0.00015361972266386508,0.00016974018698104703,0.00006895340824078119,0.00009371106556544649,39732.08176772809
1777480200,0.00009371106556544649,0.00014536588158620963,0.00008131259821421022,0.00010683698008036102,62212.132969361846
1777481100,0.00010683698008036102,0.00012988653528437952,0.00007522725904603314,0.00008568952835981467,20028.5445305579
1777482000,0.00008568952835981467,0.00009266103706572553,0.00006733184226010497,0.00007756069420427841,8439.742083279345
1777482900,0.00007756069420427841,0.00009303338542997738,0.00007514124777624251,0.00009151711788041,3775.365077938998
1777483800,0.00009151711788041,0.0000930391896466756,0.0000747884794732033,0.00007622592728397486,4960.879586628092
1777484700,0.00007622592728397486,0.00009645543538936825,0.00006940646735926566,0.000083862093592825,6735.483715419219
1777485600,0.000083862093592825,0.000083862093592825,0.00004589396133649097,0.00004735386754256616,13906.625975422974
1777486500,0.00004735386754256616,0.000047611432293564974,0.000019471103674608822,0.00002385150779818055,12870.422287315834
1777487400,0.00002385150779818055,0.00003831608923193068,0.00002141190000600309,0.00003210739636296559,6941.953944804111
1777488300,0.00003210739636296559,0.000043240183011974085,0.000031968188638861926,0.000033315884625533025,3673.370572044105
1777489200,0.000033315884625533025,0.000042109622290395625,0.00002960550781715881,0.00003962993509509596,2798.4572295212056
1777490100,0.00003962993509509596,0.000057302766050790735,0.0000362094289020957,0.00005254714711163541,7135.292917873694
1777491000,0.00005254714711163541,0.00005844308815676285,0.00005047668435615876,0.00005617741851413224,3201.354294518488
1777491900,0.00005617741851413224,0.00005647467375080594,0.00004431536902031128,0.00004462805522920025,4064.708747074536
1777492800,0.00004462805522920025,0.000054191161633583976,0.00004462805522920025,0.000054191161633583976,1834.3833161797693
1777493700,0.000054191161633583976,0.00007799619559398425,0.00005282109785116768,0.00007468112229003218,3885.990256954737
1777494600,0.00007468112229003218,0.00007582832987067397,0.00006333571294958292,0.00007276815384815514,2343.559321929477
1777495500,0.00007276815384815514,0.00013288295816903177,0.00007133057973410222,0.00008542390083948225,29021.090139289263
1777496400,0.00008542390083948225,0.0000877420684862816,0.00007072756250969269,0.00007072756250969269,2238.329034193005
1777497300,0.00007072756250969269,0.00007766736510385623,0.00006825842015284503,0.00007157596057032516,2096.5566409289268
1777498200,0.00007157596057032516,0.00007207189725071899,0.00006231424240727694,0.00006307142907184287,1914.4898566310299
1777499100,0.00006307142907184287,0.00006937570951327534,0.000058882931792492045,0.00006536455419666322,2160.337286880449
1777500000,0.00006536455419666322,0.00006536455419666322,0.000053636635928207675,0.0000622535566293282,2719.0521375560807
1777500900,0.0000622535566293282,0.00006776622206530514,0.000057628021957260315,0.00006652156767010661,1521.960386673131
1777501800,0.00006652156767010661,0.00009475139008631517,0.00006507092391963656,0.00008182221674708145,5375.526364564201
1777502700,0.00008182221674708145,0.00009178257487769658,0.00007489708763888614,0.00007489708763888614,2247.311292185514
1777503600,0.00007489708763888614,0.00007822556011515496,0.00006757351015718856,0.00007365773039648043,2485.7674873409846
1777504500,0.00007365773039648043,0.00007371541141586785,0.00006513762173422083,0.00006808012595915741,1789.5400604560568
1777505400,0.00006808012595915741,0.00007154292147219344,0.00005794322410596751,0.000059334718622493616,1684.3957423602783
1777506300,0.000059334718622493616,0.0000624798289298174,0.00005908028638980609,0.00006242579474937418,829.62647123642
1777507200,0.00006242579474937418,0.00006242579474937418,0.00005240124861808839,0.00005509309827308856,1511.077219150339
1777508100,0.00005509309827308856,0.000058189978296792955,0.000052113678965211975,0.000058189978296792955,992.3148525152128
1777509000,0.000058189978296792955,0.000058189978296792955,0.00005606823133543314,0.00005634981847259602,346.90528467554134
1777509900,0.00005634981847259602,0.00006169644726338301,0.00005001316362634643,0.00005557089116716748,3933.1278720196115
1777510800,0.00005557089116716748,0.00006478652019953223,0.0000541446556889322,0.00005967701073594385,1465.8772095719212
1777511700,0.00005967701073594385,0.00005985883226782278,0.000051190531969407824,0.000051784167294728435,978.0409984321931
1777512600,0.000051784167294728435,0.00005349574200494742,0.00005127234198381446,0.00005189318558735882,302.706243828249
1777513500,0.00005189318558735882,0.00005342792233277218,0.00005182493693829141,0.00005182493693829141,190.3097983149383
1777514400,0.00005182493693829141,0.00005248570807544405,0.000051710641504489955,0.000051710641504489955,39.08636161604801
1777515300,0.000051710641504489955,0.000051914097030877424,0.000050985215941521724,0.00005164159974668698,68.65030162659708
1777516200,0.00005164159974668698,0.00005164159974668698,0.00004225395416557954,0.00004447178763633212,1456.351767890644
1777517100,0.00004447178763633212,0.00004641338329278962,0.00003977079913082247,0.00004229645171512439,1070.5331878083994
1777518000,0.00004229645171512439,0.00005535422556230642,0.000041986429131628176,0.00005488180355623754,2139.1921336238333
1777518900,0.00005488180355623754,0.00005780397401896764,0.00005193099990827544,0.00005193099990827544,968.6049555137743
1777519800,0.00005193099990827544,0.00005193099990827544,0.00004261678005389565,0.00004347367486205739,1930.4798472673717
1777520700,0.00004347367486205739,0.00004347367486205739,0.00003859311941709361,0.00004002050622179232,968.2002108377645
1777521600,0.00004002050622179232,0.00004099327939341961,0.000037405042044019604,0.00004006926978612102,792.466860219777
1777522500,0.00004006926978612102,0.00004032384354939147,0.00003560800779081815,0.00003676962361781134,801.1804011874509
1777523400,0.00003676962361781134,0.00003676962361781134,0.00003550807063651497,0.000035852350617930375,235.6039332440872
1777524300,0.000035852350617930375,0.00004702852600761208,0.000035362392300800756,0.000044597999350599235,2763.042030596276
1777525200,0.000044597999350599235,0.00004740652624934949,0.00004065058123286088,0.00004740652624934949,1263.3818487554915
1777526100,0.00004740652624934949,0.00005303011622084717,0.00004740652624934949,0.00004777279548440313,1508.305338289767
1777527000,0.00004777279548440313,0.0000518447801329976,0.0000384219240191942,0.000043311791266540536,3968.950240809555
1777527900,0.000043311791266540536,0.000044977830961012876,0.000041134569928699445,0.00004180188956244747,723.9684698797918
1777528800,0.00004180188956244747,0.000048411734151528206,0.00004180188956244747,0.00004735491176543349,889.6350943251313
1777529700,0.00004735491176543349,0.00004735491176543349,0.00004556332670959313,0.000045577620453130545,280.78568466608255
1777530600,0.000045577620453130545,0.00005056112588667789,0.00004443119024249774,0.00004443119024249774,1024.1427123088292
1777531500,0.00004443119024249774,0.0000509632442944063,0.000044336700355300863,0.0000509632442944063,1396.9836236608292
1777532400,0.0000509632442944063,0.00006236379033754889,0.0000509632442944063,0.00006227885933535411,1295.9074631307715
1777533300,0.00006227885933535411,0.00007162544386154445,0.00005621216542894176,0.00006749229999670648,2401.7005930689456
1777534200,0.00006749229999670648,0.00006949803968863934,0.00006705155149558197,0.00006868122324548475,191.97207662215115
1777535100,0.00006868122324548475,0.0000757532673877644,0.00006863620631831536,0.00007451312287167957,785.8890158859425
1777536000,0.00007451312287167957,0.00007503146260577023,0.00006348185943457174,0.00006956177161020239,1767.5158377402518
1777536900,0.00006956177161020239,0.00007896670284008927,0.00006539681210156004,0.00007896670284008927,1801.8622050736865
1777537800,0.00007896670284008927,0.00008083045414576177,0.00007896670284008927,0.00007931662430458237,247.8493878319925
1777538700,0.00007931662430458237,0.00008904543279930769,0.00007917975372787297,0.0000803791048554444,1412.6351040170307
1777539600,0.0000803791048554444,0.00009985915138484621,0.00007193780211732337,0.00008644755372977691,4438.739296839268
1777540500,0.00008644755372977691,0.00008881973016565899,0.0000832973870464952,0.00008481328726436571,699.9205634450695
1777541400,0.00008481328726436571,0.00008621644063830422,0.00008056181919793989,0.00008445709762351551,687.0961059363223
1777542300,0.00008445709762351551,0.00008445709762351551,0.00008179171874098829,0.0000828370306227495,327.1284794539788
1777543200,0.0000828370306227495,0.00009155954844027992,0.00008154014862731764,0.00008920553760735402,793.1122069569753
1777544100,0.00008920553760735402,0.00009360728595062494,0.00008077842501181401,0.0000814762841757752,1208.9357355000668
1777545000,0.0000814762841757752,0.0000885591833155054,0.00006082613909311254,0.0000647379832588183,6135.651363750693
1777545900,0.0000647379832588183,0.00006698202221804526,0.00005312219954836842,0.00006517952968386256,3714.870966195647
1777546800,0.00006517952968386256,0.00006544165850110685,0.00006122707768719027,0.00006133385426880209,1097.5636284438417
1777547700,0.00006133385426880209,0.00006592574587068762,0.0000568040677298912,0.00006323155635741476,1889.6467823718233
1777548600,0.00006323155635741476,0.00006465932836833485,0.00005854829408082818,0.00005854829408082818,604.6260455237318
1777549500,0.00005854829408082818,0.00005892566272486882,0.000057663515341102806,0.00005892566272486882,150.15200815929063
1777550400,0.00005892566272486882,0.0000647938735662265,0.00005856302105759203,0.00006296814134729716,583.0530494622941
1777551300,0.00006296814134729716,0.00006345868303768949,0.000060380953065726126,0.000060380953065726126,372.3382779130396
1777552200,0.000060380953065726126,0.00009663276338175025,0.00005539440255748989,0.00008767362120710098,10088.873242689117
1777553100,0.00008767362120710098,0.00010253335348256173,0.0000852958523497123,0.0000852958523497123,6553.053956036846
1777554000,0.0000852958523497123,0.00009588449634013106,0.00008418987400115886,0.00008708000738231817,1644.1496395783565
1777554900,0.00008708000738231817,0.00011105797241135745,0.00008325706823082407,0.00010336553453906538,3274.201715863141
1777555800,0.00010336553453906538,0.00012626242754288372,0.0001025447619260022,0.00010724919702909443,3389.6509061962092
1777556700,0.00010724919702909443,0.00013050878215518875,0.00009875695326742844,0.0001184673159789649,4150.479300572242
1777557600,0.0001184673159789649,0.00012007639563800586,0.00008646985855396866,0.00009953640156391385,4083.1345949889496
1777558500,0.00009953640156391385,0.00009953640156391385,0.00009536157732717826,0.00009873687404224217,622.8258687338121
1777559400,0.00009873687404224217,0.00012132793541084686,0.00009873687404224217,0.00012132793541084686,2042.8960141264358
1777560300,0.00012132793541084686,0.000171443067928663,0.00012132793541084686,0.00014232932367870963,12151.563297544924
1777561200,0.00014232932367870963,0.0001463833714405787,0.0001369905992805239,0.00013724766230644732,1371.46711118828
1777562100,0.00013724766230644732,0.00013724766230644732,0.00011945091780888762,0.00012380516647959852,2457.106969264145
1777563000,0.00012380516647959852,0.0001285967073833782,0.0001179255400432691,0.0001285967073833782,877.588444800313
1777563900,0.0001285967073833782,0.00013038694793035871,0.0001224328408675926,0.00012387998532418685,684.8782350384927
1777564800,0.00012387998532418685,0.00012387998532418685,0.00011822584699876769,0.00011991270117286689,232.9635474010794
1777565700,0.00011991270117286689,0.00011991270117286689,0.0001135053918247602,0.00011472509444239861,455.60770345034575
1777566600,0.00011472509444239861,0.00011472509444239861,0.0001033207432426176,0.0001033207432426176,968.0573948274409
1777567500,0.0001033207432426176,0.00010460568942886533,0.00010177655753958065,0.00010296487675996166,210.46204815986698
1777568400,0.00010296487675996166,0.00010445049987972772,0.00010264732289620101,0.00010264732289620101,174.0701259792233
1777569300,0.00010264732289620101,0.00010264732289620101,0.00008712298058436244,0.00009020784766400931,2037.561413428969
1777570200,0.00009020784766400931,0.00009020784766400931,0.00007868742913529607,0.00008458607928202156,1768.5984100974786
1777571100,0.00008458607928202156,0.00008973727119687177,0.00007985236991594817,0.00008973727119687177,1557.4985244798872
1777572000,0.00008973727119687177,0.00008991841552788757,0.00007851695253627691,0.00008550642236565702,1559.847034527711
1777572900,0.00008550642236565702,0.0000965657182558875,0.00008498530046737077,0.00009241797264765146,2011.9619619721868
1777573800,0.00009241797264765146,0.00009488758353999161,0.00008629590374953487,0.00008642948106403142,1144.688701258708
1777574700,0.00008642948106403142,0.00008720534487392342,0.00008574419512217567,0.00008720534487392342,63.86548224435929
1777575600,0.00008720534487392342,0.00008720534487392342,0.00008169549844722085,0.00008169549844722085,376.5370565946822
1777576500,0.00008169549844722085,0.00008435613983028814,0.00008169549844722085,0.00008294813510950482,186.3579784393285
1777577400,0.00008294813510950482,0.00008567334696753308,0.00008271239558030173,0.00008567334696753308,363.73028605143224
1777578300,0.00008567334696753308,0.0000990555008107954,0.00008567334696753308,0.00009777600192450294,1260.1407111958729
1777579200,0.00009777600192450294,0.00009928008500384772,0.00009777600192450294,0.00009799458901812423,173.9306247333842
1777580100,0.00009799458901812423,0.00011482241211109566,0.00008812716971469731,0.00011482241211109566,2336.0790365246153
1777581000,0.00011482241211109566,0.00011493505879120163,0.0001070461477262133,0.0001078976831188913,1570.310471226053
1777581900,0.0001078976831188913,0.0001078976831188913,0.00010624378189337784,0.00010624378189337784,95.90431355402188
1777582800,0.00010624378189337784,0.00010624378189337784,0.00009879136951899294,0.00009879136951899294,813.1175589514395
1777583700,0.00009879136951899294,0.00009879136951899294,0.00009386890016593099,0.00009386890016593099,458.5355305280477
1777584600,0.00009386890016593099,0.00009386890016593099,0.00009176177578133653,0.00009220647039146553,48.49712626233427
1777585500,0.00009220647039146553,0.00010608211460457344,0.00009220647039146553,0.00010351881578221106,1083.3388481207269
1777586400,0.00010351881578221106,0.00010550823863938026,0.00010351881578221106,0.00010550823863938026,97.55462801430122
1777587300,0.00010550823863938026,0.00010897844837121564,0.00008469508783772674,0.00008719565385557314,4582.048354396464
1777588200,0.00008719565385557314,0.00009041229866836073,0.00008433038185864078,0.00009041229866836073,683.1145682806756
1777589100,0.00009041229866836073,0.00009329387246539171,0.00008940963716853511,0.00009060000378221805,507.91824034887526
1777590000,0.00009060000378221805,0.00009166623031471597,0.00008962621850592977,0.00008962621850592977,149.2827099607754
1777590900,0.00008962621850592977,0.0004261239412418454,0.00008962621850592977,0.00030150820933396696,126534.15231323044
1777591800,0.00030150820933396696,0.00038513922840919043,0.00014804633079209075,0.00016618706139744985,202959.3207898094
1777592700,0.00016618706139744985,0.00017555398725299328,0.0001185283502792682,0.0001402982868884034,34096.59134393488
1777593600,0.0001402982868884034,0.00018262937011419636,0.00012885763824642594,0.00018262937011419636,18684.237106196266
1777594500,0.00018262937011419636,0.00018551245271872864,0.00014392243421851073,0.00014392243421851073,10257.508574574484
1777595400,0.00014392243421851073,0.00017816790523623787,0.00013578362425903932,0.00015016823263218365,11846.648411214286
1777596300,0.00015016823263218365,0.00015149169259730922,0.00012061002196222121,0.0001411465730241307,7948.680961064459
1777597200,0.0001411465730241307,0.00016258769735679905,0.00013990218133097624,0.00015264687565694234,4054.49318896926
1777598100,0.00015264687565694234,0.00015890177887917695,0.00012608941083852126,0.00013668315100640347,4747.894278368985
1777599000,0.00013668315100640347,0.0001446187277137876,0.00012430803562083875,0.0001345121811536416,3934.8600801464545
1777599900,0.0001345121811536416,0.00013660730412273553,0.00012843459561752147,0.0001299562471942473,1082.5748748555525
1777600800,0.0001299562471942473,0.00013247206920423204,0.0001262438954121167,0.00012960134613381328,675.6251126272037
1777601700,0.00012960134613381328,0.0001350717026577894,0.00012142177648927501,0.0001334450753642589,1469.5905241255964
1777602600,0.0001334450753642589,0.0001334450753642589,0.00012173716979281646,0.00012173716979281646,1294.920457507442
1777603500,0.00012173716979281646,0.00012317623215620977,0.00009610392749936985,0.00010755050675729959,3881.9112059810827
1777604400,0.00010755050675729959,0.00012152231363899961,0.00010636690097825552,0.00012135537249628293,1804.0356172695256
1777605300,0.00011433942192809888,0.00011966393282399591,0.00011223551646928255,0.00011433942192809888,1041.928810175931
1777606200,0.00011433942192809888,0.00013708400163126426,0.0001132704639011358,0.00012029631480814297,4516.983388259684
1777607100,0.00012029631480814297,0.0001388098322174181,0.00011995816109865427,0.0001303435542373957,3440.748819072748
1777608000,0.0001303435542373957,0.00014612413555080262,0.0001266261996190625,0.0001438899019519323,1810.9734034663318
1777608900,0.0001438899019519323,0.0001438899019519323,0.00012381052566944623,0.00012719739812759934,1543.8762370736727
1777609800,0.00012719739812759934,0.00012719739812759934,0.00011797020745147467,0.00011797020745147467,658.0880553813457
1777610700,0.00011797020745147467,0.00012017495577795978,0.00011738514838578561,0.00011936082013424647,167.04231892944455
1777611600,0.00011936082013424647,0.00012628788415942893,0.00011568041694229694,0.0001242239817556704,1085.5339198636805
1777612500,0.0001242239817556704,0.00012482821194674908,0.00011373196217360458,0.00011582985722675565,1085.9300391781533
1777613400,0.00011582985722675565,0.00011793393922535562,0.00011531875270662272,0.00011738509969831728,228.76531214000704
1777614300,0.00011738509969831728,0.00013822035695919578,0.00011738509969831728,0.00013353083370994053,1440.2237208728386
1777615200,0.00013353083370994053,0.0001357345578796847,0.0001238715494999672,0.00012431561800231702,772.9094661252983
1777616100,0.00012431561800231702,0.0001340085720063844,0.00012431561800231702,0.00012588263898071774,932.903135376359
1777617000,0.00012588263898071774,0.00012588263898071774,0.00012343689145921695,0.00012512713130060087,60.94480717397492
1777617900,0.00012512713130060087,0.00014765133341167332,0.00012318035033328435,0.00014765133341167332,4671.76180838285
1777618800,0.00014765133341167332,0.00014765133341167332,0.0001254525697224424,0.0001254525697224424,1242.3352284062069
1777619700,0.0001254525697224424,0.0001356105559108355,0.0001254525697224424,0.0001356105559108355,784.5202844360064
1777620600,0.0001356105559108355,0.0001450950159013628,0.00012819110173444573,0.000142984728110861,1723.3569156156505
1777621500,0.000142984728110861,0.000142984728110861,0.0001291376827425389,0.00013009752299082442,1313.9519115845146
1777622400,0.00013009752299082442,0.00014364920044137604,0.00012734811850658034,0.00014079516595812957,1310.0858411921188
1777623300,0.00014079516595812957,0.00014277215221292648,0.00013594443621194112,0.00013594443621194112,300.20460597642784
1777624200,0.00013594443621194112,0.00013594443621194112,0.00011971722118913731,0.00012375576911100402,1457.5138777443804
1777625100,0.00012375576911100402,0.00012395601328490713,0.00011525863484272217,0.0001213636893037834,884.6029217373326
1777626000,0.0001213636893037834,0.00013420016244182815,0.00011742111550889691,0.00013420016244182815,1370.5618080383604
1777626900,0.00013420016244182815,0.00013458001615014123,0.00012106778844481856,0.00012270935006417492,785.1983931222319
1777627800,0.00012270935006417492,0.00012298329887891403,0.00011788784161003721,0.00011896054622085706,749.9196215785126
1777628700,0.00011896054622085706,0.000121898280631397,0.00011865688874620506,0.000121898280631397,212.70252384563048
1777629600,0.000121898280631397,0.0001225833858350398,0.00011579964681833539,0.00011579964681833539,409.626721103534
1777630500,0.00011579964681833539,0.00011916018389297962,0.00011549463639624836,0.00011589201083197747,385.44245472258433
1777631400,0.00011589201083197747,0.00011735410232742143,0.00011589201083197747,0.00011730006162297505,1.0913457100549533
1777632300,0.00011730006162297505,0.00012098273304693906,0.00011555138781353159,0.00012098273304693906,445.16490900963123
1777633200,0.00012098273304693906,0.00012999529759114928,0.00012098273304693906,0.000127415484226909,620.6567600850314
1777634100,0.000127415484226909,0.000127415484226909,0.00011674404786124605,0.0001184301747664276,836.4452197256363
1777635000,0.0001184301747664276,0.00012626926982115365,0.0001184301747664276,0.00012209363005507282,747.0296923627428
1777635900,0.00012209363005507282,0.00012462247358741355,0.00011974020273698158,0.0001231035977846643,402.60672610215687
1777636800,0.0001231035977846643,0.0001231035977846643,0.00012091491802661831,0.00012279637819453146,149.63924655405293
1777637700,0.00012279637819453146,0.00012413157227865308,0.00011562178655658371,0.00011730831594894535,661.0780870335349
1777638600,0.00011730831594894535,0.0001192132137830897,0.00011434459751209442,0.00011790033635077891,601.3388392099193
1777639500,0.00011790033635077891,0.00012033999277954573,0.00011613788779045666,0.00011613788779045666,323.294127778119
1777640400,0.00011613788779045666,0.00012996833011734757,0.00011451968547109668,0.00012628281506392604,973.6769919896038
1777641300,0.00012628281506392604,0.0001388848667366336,0.00012628281506392604,0.00013372501433485853,1516.6777876931753
1777642200,0.00013372501433485853,0.000137765292924431,0.00013259175749050158,0.00013259175749050158,1275.687758140847
1777643100,0.00013259175749050158,0.0001441255087215952,0.00012779062953950207,0.00014208345557810442,1453.515044879361
1777644000,0.00014208345557810442,0.00014464828819717328,0.00013692497492223026,0.00013853150704634364,587.6849859334587
1777644900,0.00013853150704634364,0.00014302500643346953,0.0001302529108720572,0.00014301031592454965,1712.0914784881377
1777645800,0.00014301031592454965,0.00017036416318524518,0.00014301031592454965,0.0001692597657873008,4064.3012629445484
1777646700,0.0001692597657873008,0.00020739355967275855,0.00015730324574579014,0.0001861374208879074,5902.82301322486
1777647600,0.0001861374208879074,0.00018986843496252248,0.0001713735630073273,0.00017989578682436357,2255.9469008174656
1777648500,0.00017989578682436357,0.000202298384966182,0.00017401521155062724,0.00018980512661704088,4660.450818323014
1777649400,0.00018980512661704088,0.0001916159630952871,0.00016346925982439316,0.00017654838913415822,3811.16670729649
1777650300,0.00017654838913415822,0.00017654838913415822,0.00017223664381207923,0.00017589384947738196,296.0465412469405
1777651200,0.00017589384947738196,0.00017607380183056893,0.00015199928941665025,0.00015478008424563863,2643.9216237551036
1777652100,0.00015478008424563863,0.0001602154928981002,0.00014641054722386215,0.00014641054722386215,1723.9956744378783
1777653000,0.00014641054722386215,0.00015318598926753797,0.00014572276470399534,0.00015304473531266345,289.6517898185736
1777653900,0.00015304473531266345,0.00015598202862835396,0.00015230590846076542,0.00015598202862835396,177.37059367140506
1777654800,0.00015598202862835396,0.00015680338790022654,0.0001484765147856086,0.00014928755822147475,478.976367876918
1777655700,0.00014928755822147475,0.00014958456686537048,0.00012706293785365473,0.0001338541112284672,2860.837886120992
1777656600,0.0001338541112284672,0.0001373242777936125,0.0001338541112284672,0.00013690373154492917,195.12704469306115
1777657500,0.00013690373154492917,0.0001431376421776461,0.0001358736376590651,0.0001411979175315231,850.8108030359857
1777658400,0.0001411979175315231,0.0001414324520335959,0.0001285771805562014,0.0001285771805562014,1271.234230526675
1777659300,0.0001285771805562014,0.0001297566973422084,0.00012009009383862034,0.00012661177134908912,1390.7296799764106
1777660200,0.00012661177134908912,0.00012823076326091517,0.00011929844168876039,0.00012166876908736816,1248.8933575710141
1777661100,0.00012166876908736816,0.00012166876908736816,0.00010750461624752563,0.00011153132298351553,3076.39362453448
1777662000,0.00011153132298351553,0.00012957413775306598,0.0001067774280261389,0.00012810517574365495,4155.739360501945
1777662900,0.00012810517574365495,0.00012810517574365495,0.00009397379247961572,0.00009853071130668969,5454.153912780097
1777663800,0.00009853071130668969,0.00009947883330831912,0.00007766881829125877,0.0000853615553424162,3914.986344541831
1777664700,0.0000853615553424162,0.00009187044732411175,0.00008452891701474727,0.00008841500507954942,1439.508558781251
1777665600,0.00008841500507954942,0.00009319618455821557,0.00008480952404425258,0.00008555948724563971,863.2428212088304
1777666500,0.00008555948724563971,0.00008697822330766846,0.00007607328156973598,0.00008468146577391535,4535.748895851465
1777667400,0.00008468146577391535,0.00009455566318368445,0.00008468146577391535,0.00008885956065087216,1652.520119989433
1777668300,0.00008885956065087216,0.00008957757906672107,0.00008733714109900571,0.00008957757906672107,300.0297856788718
1777669200,0.00008957757906672107,0.00010127781126444542,0.00008957757906672107,0.00009802599318118451,1903.2949780671877
1777670100,0.00009802599318118451,0.00009979177901266539,0.00009586857280327185,0.00009637157911357991,704.3062270102873
1777671000,0.00009637157911357991,0.00009637157911357991,0.0000702879746861444,0.00008192726282176262,6628.582566757648
1777671900,0.00008192726282176262,0.00008665555118102288,0.00007894553517097601,0.00008636101778349872,857.433538375497
1777672800,0.00008636101778349872,0.00008769071207052793,0.00008625483374071445,0.00008744658299497905,67.35833779175753
1777673700,0.00008744658299497905,0.00008763970878456256,0.00007625620973550176,0.0000782607312146075,963.1361556037017
1777674600,0.0000782607312146075,0.00008289230079172848,0.00007632701300687168,0.00008075067420015397,964.9910023738262
1777675500,0.00008075067420015397,0.000108999334851602,0.0000794456620451153,0.00009902094180796167,5609.593853889624
1777676400,0.00009902094180796167,0.00009902094180796167,0.00009022333251417785,0.00009022333251417785,1317.0124380541774
1777677300,0.00009022333251417785,0.00009150364532165934,0.00008820213200237058,0.00008963670765904923,320.2315167499587
1777678200,0.00008963670765904923,0.00009275526994055923,0.00008958682842634813,0.00008991569950603734,423.0850330409729
1777679100,0.00008991569950603734,0.00008991569950603734,0.00008314668958777864,0.00008375139843364882,853.1225342782891
1777680000,0.00008375139843364882,0.00009089704576106098,0.00008375139843364882,0.00009089704576106098,1123.760659720197
1777680900,0.00009089704576106098,0.00009089704576106098,0.00008722807479219513,0.00008722807479219513,579.9761093136518
1777681800,0.00008722807479219513,0.00008784834785175225,0.0000853357919771656,0.0000853357919771656,144.19091139854004
1777682700,0.0000853357919771656,0.00009403940048481718,0.00008309593588513187,0.00009403940048481718,1203.1641357801152
1777683600,0.00009403940048481718,0.00009740129588936394,0.00008210635219448999,0.00009266138635705983,2879.2393739608024
1777684500,0.00009266138635705983,0.00009266138635705983,0.00008790025775010552,0.00008904322355343994,223.30599036324102
1777685400,0.00008904322355343994,0.00008913771618349747,0.00008592179842340525,0.0000866574054874656,188.2038034096434
1777686300,0.0000866574054874656,0.00008845524396438673,0.0000866574054874656,0.00008845524396438673,95.80709321479601
1777687200,0.00008845524396438673,0.00008845524396438673,0.00008534523965369598,0.00008534523965369598,284.6640882267672
1777688100,0.00008534523965369598,0.00008682511629181203,0.00008510236657511534,0.00008682511629181203,131.9328816050125
1777689000,0.00008682511629181203,0.00011816830612516714,0.00008682511629181203,0.00010944362782351558,5204.9903089185045
1777689900,0.00010944362782351558,0.00010944362782351558,0.0001058162696954441,0.00010688999127933151,257.89473686299056
1777690800,0.00010688999127933151,0.00010823711616123426,0.00010428776241065231,0.00010689428814326131,410.40979320888306
1777691700,0.00010689428814326131,0.0001086097428754755,0.00010278449162881936,0.00010278449162881936,396.9044783631929
1777692600,0.00010278449162881936,0.00010280880917426471,0.00009991687941318483,0.00009991687941318483,233.86275427232235
1777693500,0.00009991687941318483,0.00010138496361419868,0.00009989089515074988,0.00009989089515074988,26.346417777623017
1777694400,0.00009989089515074988,0.00010150835188112094,0.00009989089515074988,0.00010150835188112094,28.17901214773267
1777695300,0.00010150835188112094,0.0001016923683628937,0.00010015130447753698,0.00010015130447753698,32.88581022661854
1777696200,0.00010015130447753698,0.00010148992588890118,0.0001000438695048976,0.0001000438695048976,5.7812265887222924
1777698000,0.0001000438695048976,0.0001000438695048976,0.00009551279417502283,0.00009650261065462424,488.7716026182356
1777699800,0.00009650261065462424,0.00009761468653029141,0.00009629087442554529,0.00009629087442554529,68.08009764702867
1777700700,0.00009629087442554529,0.00010745167697551293,0.00009629087442554529,0.00010631490836928864,750.4734087454946
1777701600,0.00010631490836928864,0.0001244890502003423,0.00010631490836928864,0.00011368627157222858,1789.1890110862812
1777702500,0.00011368627157222858,0.00011422191203555885,0.00011368627157222858,0.00011422191203555885,17.39855174782413
1777703400,0.00011422191203555885,0.00011422191203555885,0.00011236454647072252,0.00011236454647072252,40.0175439606005
1777704300,0.00011236454647072252,0.00011236454647072252,0.00010787971879532582,0.00010860909641052189,349.74014576144873
1777705200,0.00010860909641052189,0.00010860909641052189,0.00010509079403010187,0.00010732769920781586,278.0476287059524
1777706100,0.00010732769920781586,0.00010750749501533718,0.00009511562373874772,0.00010009619198516149,1541.1440278038747
1777707000,0.00010009619198516149,0.00010026759152379794,0.00009793612528422338,0.0000992019242740714,124.68700400957063
1777707900,0.0000992019242740714,0.00009931877689860362,0.00009780780121374449,0.00009931877689860362,10.235014945074026
1777708800,0.00009931877689860362,0.00010037890369456999,0.00009897581401987891,0.00009897581401987891,73.62024847026899
1777709700,0.00009897581401987891,0.00010091456760477175,0.0000981523836612446,0.00010091456760477175,250.36436970442782
1777710600,0.00010091456760477175,0.0001302842868384093,0.00010091456760477175,0.00012157223371031469,5284.884848087906
1777711500,0.00012157223371031469,0.00012157223371031469,0.00011041061446652152,0.00012002664889882128,1294.03715397156
1777712400,0.00012002664889882128,0.00012002664889882128,0.00011449786187707031,0.00011468209370810177,509.39318174054773
1777713300,0.00011468209370810177,0.00011674037401156697,0.00010291380583721993,0.00010687041606936604,1471.377708856129
1777714200,0.00010687041606936604,0.000108162644096738,0.00010687041606936604,0.000108162644096738,9.325245953098001
1777715100,0.000108162644096738,0.00010841121051024026,0.00010201747537959701,0.00010368811866428734,633.0832252226631
1777716000,0.00010368811866428734,0.00010625537908845106,0.00010315420774388616,0.00010315420774388616,303.8352802571535
1777716900,0.00010315420774388616,0.00010488383813909097,0.00010315420774388616,0.00010488383813909097,60.06907884756157
1777717800,0.00010488383813909097,0.00010488383813909097,0.00010381604379655526,0.00010381604379655526,2.4403163356081885
1777718700,0.00010381604379655526,0.00010381604379655526,0.00009351610887196639,0.00009351610887196639,980.5877403347658
1777719600,0.00009351610887196639,0.00010926089078532186,0.00009290282484245055,0.00010503592227593259,1625.0778140532534
1777720500,0.00010503592227593259,0.00010503592227593259,0.00010314815305834376,0.00010455386863154377,7.018580406270731
1777721400,0.00010455386863154377,0.00010455386863154377,0.00008291204073230603,0.0000895315661428573,2589.4052867464384
1777722300,0.0000895315661428573,0.000093142941646966,0.0000895315661428573,0.00009264756192319352,165.37213784709542
1777723200,0.00009264756192319352,0.00009264756192319352,0.00008789315318883059,0.0000914660502306166,729.5334836071481
1777724100,0.0000914660502306166,0.0000914660502306166,0.00008614450519868655,0.00008614450519868655,491.18172918601925
1777725000,0.00008614450519868655,0.00008754178418587149,0.00007870984536821425,0.00008438726715543447,1187.6346714996364
1777725900,0.00008438726715543447,0.00009087832302986163,0.00007383916817745403,0.0000890836241139078,2973.476175253486
1777726800,0.0000890836241139078,0.00009238896552958261,0.0000860556422461486,0.0000860556422461486,946.35839718242
1777727700,0.0000860556422461486,0.00009343108976044748,0.0000860556422461486,0.00009211001757159272,565.421059507887
1777728600,0.00009211001757159272,0.00010135039821920571,0.00008982329715444707,0.000095750696038381,1775.0403765966207
1777729500,0.000095750696038381,0.00009849603474596167,0.00009431190547360226,0.00009560074805198421,558.980824608232
1777730400,0.00009560074805198421,0.00009560074805198421,0.00009308093727093317,0.00009497413762969391,194.24827164009776
1777731300,0.00009497413762969391,0.00010715853747951969,0.00009139169841078125,0.0001018130721414677,1730.4462474220463
1777732200,0.0001018130721414677,0.0001290771303578297,0.00009438510597984376,0.00011372115695806843,6307.334168469706
1777733100,0.00011372115695806843,0.00012442647696417163,0.00011262041866746837,0.0001132157376455343,2833.080386548724
1777734000,0.0001132157376455343,0.0001132157376455343,0.00010288220013151236,0.00010612328936058752,1950.0518144964306
1777734900,0.00010612328936058752,0.0001071088076379408,0.00009570996360404052,0.00009750892231429562,1893.6566911367881
1777735800,0.00009750892231429562,0.00010333593927489068,0.00009367964980265666,0.00009383391180311964,1686.547843542519
1777736700,0.00009383391180311964,0.0000959940824382492,0.00009225708025550067,0.0000959940824382492,340.590749490862
1777737600,0.0000959940824382492,0.0000959940824382492,0.00009401922596497223,0.000095255896656018,171.92330827241605
1777738500,0.000095255896656018,0.00009576005660399354,0.00008747769795689694,0.0000884726053664475,729.0187628668523
1777739400,0.0000884726053664475,0.00009606910722980697,0.0000884726053664475,0.00009114889241485916,1010.9033055994031
1777740300,0.00009114889241485916,0.00009114889241485916,0.00008409941343240788,0.00008530285358991674,354.6941731199404
1777741200,0.00008530285358991674,0.00009060170816391348,0.00008417163159703225,0.00008939475784598777,398.5443816855514
1777742100,0.00008939475784598777,0.00009221842522438614,0.00008939475784598777,0.00009221842522438614,191.419604359525
1777743000,0.00009221842522438614,0.00010603505713349013,0.00009221842522438614,0.00009744007401889438,1900.446850072455
1777743900,0.00009744007401889438,0.00009849622952049056,0.00009744007401889438,0.00009849622952049056,41.245776547486926
1777744800,0.00009849622952049056,0.00009849622952049056,0.00008899590246352715,0.00008899590246352715,771.3814625013406
1777745700,0.00008899590246352715,0.00009039293748597386,0.00008728888012739553,0.00008728888012739553,305.88083287028877
1777746600,0.00008728888012739553,0.00008858114530485056,0.00008174821579375564,0.00008763247312256224,1428.4456661594395
1777747500,0.00008763247312256224,0.00008763247312256224,0.00008762047381072719,0.00008762047381072719,0.008330404480968884
1777748400,0.00008762047381072719,0.00008762047381072719,0.00008469264347941455,0.0000865182876424091,272.13904396242447
1777749300,0.0000865182876424091,0.0000865182876424091,0.0000747882853970422,0.00008344312250668648,1698.4671149728542
1777750200,0.00008344312250668648,0.000086496255814123,0.0000806554232175817,0.00008108603111036028,870.2500913768042
1777751100,0.00008108603111036028,0.00008392832470257363,0.00008108603111036028,0.0000830386672283741,279.3703444753781
1777752000,0.0000830386672283741,0.00008459436967440015,0.0000815171531777345,0.00008459436967440015,223.99818080265544
1777752900,0.00008459436967440015,0.00008469074452640085,0.00008220378064537305,0.00008225689900269273,117.04731241995336
1777753800,0.00008225689900269273,0.00008344785449756613,0.00008225689900269273,0.00008344785449756613,1.5541001010122921
1777754700,0.00008344785449756613,0.00008344785449756613,0.00006868896171402819,0.00007764410146879787,2769.7684578646604
1777755600,0.00007764410146879787,0.0000871076026663434,0.00007597623350960325,0.00008119693987177798,2004.4682874584016
1777756500,0.00008119693987177798,0.00008119693987177798,0.00007923969181032629,0.0000800577945666967,94.96896907074382
1777757400,0.0000800577945666967,0.00008006066427305299,0.00007876525302282826,0.00008006066427305299,38.3619496504322
1777758300,0.00008006066427305299,0.00008041803826134563,0.00007929518718740228,0.00008010732187304551,135.76591713202225
1777759200,0.00008010732187304551,0.00008369359551571687,0.00007461447891879324,0.00007578181016752996,1443.9208253594563
1777760100,0.00007578181016752996,0.00007578181016752996,0.00006721339531193131,0.00007464157269377305,1562.3605178346165
1777761000,0.00007464157269377305,0.00007790568638560477,0.00007380947965790363,0.00007593823284885824,361.71838244425106
1777761900,0.00007593823284885824,0.00007755263751790905,0.00007422226490752175,0.00007705616066419553,905.6224871409852
1777762800,0.00007705616066419553,0.00008252380456430423,0.00007705616066419553,0.00008252380456430423,847.2184329304496
1777763700,0.00008252380456430423,0.00008695948974563888,0.00008161947270837742,0.00008455659620645746,1135.6361601936787
1777764600,0.00008455659620645746,0.0000857124331758255,0.00007359976451776177,0.00007726425844016777,1668.706534499748
1777765500,0.00007726425844016777,0.00007726425844016777,0.0000717560548746574,0.00007459219908214997,1543.3664973345074
1777766400,0.00007459219908214997,0.00007505626547846347,0.00007324378971108325,0.00007408272905932882,281.2559794470345
1777767300,0.00007408272905932882,0.00007440057271089307,0.00007286551351384217,0.00007440057271089307,57.899439532204404
1777768200,0.00007440057271089307,0.00007440057271089307,0.00007266793794490131,0.00007290950244697807,121.97788462810901
1777769100,0.00007290950244697807,0.0000776090552256926,0.00007173385388241515,0.00007564793278262957,2283.986999560376
1777770000,0.00007564793278262957,0.00008124980885702423,0.00007388142225888882,0.00007794013860661673,1070.5632865954105
1777770900,0.00007794013860661673,0.00008010020774672624,0.00007381005029869973,0.00008010020774672624,887.4551142149913
1777771800,0.00008010020774672624,0.00008102988770538796,0.00007791633809869852,0.00007791633809869852,405.024365812549
1777772700,0.00007791633809869852,0.00009378559026366553,0.00007791633809869852,0.00009366681437612622,1739.3993768966475
1777773600,0.00009366681437612622,0.00009662937891546143,0.00008165389277333924,0.0000864474375997923,2658.656780256553
1777774500,0.0000864474375997923,0.0000864474375997923,0.00008373216906622921,0.00008487466004910921,194.0875913966164
1777775400,0.00008487466004910921,0.00008487466004910921,0.00008053653803993211,0.00008172130945394086,241.8625319832469
1777776300,0.00008172130945394086,0.00008172130945394086,0.00007947352768479651,0.00008085408823125952,281.7306415590904
1777777200,0.00008085408823125952,0.00008085408823125952,0.00007441920598347079,0.00007621542669100814,709.9996847327333
1777778100,0.00007621542669100814,0.00008184835704158645,0.00007621542669100814,0.00008184835704158645,426.1123215615317
1777779000,0.00008184835704158645,0.00008184835704158645,0.00007709580037200686,0.00007709580037200686,383.5413402759681
1777779900,0.00007709580037200686,0.00007709580037200686,0.00007595583089695572,0.00007704246373410632,2.0803087169043257
1777780800,0.00007704246373410632,0.00007710876523805536,0.00006653355397408883,0.00007174776478112148,2388.9195878146684
1777781700,0.00007174776478112148,0.00007424372086523209,0.0000701570360969545,0.00007424372086523209,1100.1504716349496
1777782600,0.00007424372086523209,0.00007424372086523209,0.00007258700531676129,0.00007370380224392015,130.1420446507286
1777783500,0.00007370380224392015,0.0000738010572236403,0.00006318814485593366,0.00006372810853146812,2513.069273810542
1777784400,0.00006372810853146812,0.00007041841620635671,0.0000624241039258935,0.00006571016992624883,1927.5081815145452
1777785300,0.00006571016992624883,0.00006762009438893667,0.00006546738845013121,0.00006633924823293646,302.1714407070021
1777786200,0.00006633924823293646,0.00007186357860633324,0.00006633924823293646,0.00006888834006164553,608.6166103453501
1777787100,0.00006888834006164553,0.00007370621366787213,0.00006565963644681746,0.0000709420420838743,1231.0488050076146
1777788000,0.0000709420420838743,0.00007182781126141375,0.00007048386515011166,0.00007127417337481155,114.8690901249095
1777788900,0.00007127417337481155,0.00007127417337481155,0.00007003622658496096,0.00007003622658496096,22.62966036995046
1777789800,0.00007003622658496096,0.00007102009486939182,0.00006982896998740176,0.00007060592096922951,29.193724782006488
1777790700,0.00007060592096922951,0.00007060592096922951,0.00006859478231568627,0.00006968281226078182,156.2547943458125
1777791600,0.00006968281226078182,0.00007042498077062899,0.00006898592730056816,0.00006937439110340042,64.97514882797586
1777792500,0.00006937439110340042,0.00007292580787860569,0.00006937439110340042,0.0000719887046919987,223.12468303534058
1777793400,0.0000719887046919987,0.00007301489064424803,0.00007138800545018749,0.00007179644760311344,102.64120920691842
1777794300,0.00007179644760311344,0.00007179644760311344,0.00007072281900020831,0.00007072281900020831,14.035423525375842
1777795200,0.00007072281900020831,0.0000725488295817746,0.00007072281900020831,0.00007219333797108254,116.08367767972634
1777796100,0.00007219333797108254,0.00007293481047660325,0.00007125823425321062,0.00007139624681458791,203.64850731295812
1777797000,0.00007139624681458791,0.00007139624681458791,0.0000699639237771292,0.00007083425624074574,49.987701577612015
1777797900,0.00007083425624074574,0.00007083425624074574,0.00006981285404430463,0.00006981285404430463,11.298793154804327
1777798800,0.00006981285404430463,0.00008108115613430628,0.00006964476640711954,0.0000790078659115097,1963.4728510242749
1777799700,0.0000790078659115097,0.00008038510502149871,0.00007694867662104973,0.00007797940045419653,249.0670085369976
1777800600,0.00007797940045419653,0.00007797940045419653,0.00007484637539857444,0.00007569470731706199,237.50805685119684
1777801500,0.00007569470731706199,0.0000797731841771253,0.00007468417286307499,0.00007557273879358519,657.5133147093908
1777802400,0.00007557273879358519,0.0000756234684667419,0.00006671991061486443,0.00006721459097601748,1087.4241936734531
1777803300,0.00006721459097601748,0.0000689446772930205,0.00006711923124786255,0.00006855185501018842,382.46062109873236
1777804200,0.00006855185501018842,0.00009404709308303933,0.00006785241843787247,0.00008952337692990372,4237.857891145206
1777805100,0.00008952337692990372,0.00008952337692990372,0.00008388455519221569,0.0000862395571722168,578.2437307572728
1777806000,0.0000862395571722168,0.00008910104382400339,0.00008467684188686576,0.00008910104382400339,422.9203825924621
1777806900,0.00008910104382400339,0.00008910104382400339,0.000086119912227995,0.000086119912227995,128.79559179129834
1777807800,0.000086119912227995,0.00008950258980755463,0.00007805948097720077,0.00007930845340120054,1698.2156152267796
1777808700,0.00007930845340120054,0.00008033630446151019,0.00007791649368636865,0.000079128421427791,244.80179573742626
1777809600,0.000079128421427791,0.00008051254991435607,0.000079128421427791,0.00008051254991435607,22.167559355673554
1777810500,0.00008051254991435607,0.00008051254991435607,0.00007596940294278594,0.00007646865626705132,592.3065066430197
1777811400,0.00007646865626705132,0.00007691472126689731,0.00007646865626705132,0.00007691472126689731,0.8334885503880115
1777813200,0.00007691472126689731,0.00007691472126689731,0.00007496048900478412,0.0000758500255993231,86.90525471306984
1777814100,0.0000758500255993231,0.00007600384925700932,0.0000758500255993231,0.00007600384925700932,29.966410474627146
1777815000,0.00007600384925700932,0.00007600384925700932,0.00007486545190558544,0.00007486545190558544,29.517568966605104
1777815900,0.00007486545190558544,0.00007573498235628955,0.00007458965739948766,0.00007463993017852084,19.76028315152478
1777816800,0.00007463993017852084,0.00007737465993242837,0.00007463993017852084,0.00007468838464629496,546.0193630650522
1777817700,0.00007468838464629496,0.00007468838464629496,0.00007250399267644833,0.00007250399267644833,234.8940662112311
1777818600,0.00007250399267644833,0.00007250399267644833,0.00006994079612313703,0.00007034358253972947,328.8938122005491
1777819500,0.00007034358253972947,0.00007034358253972947,0.00006841264391307523,0.00006841264391307523,177.44001519055016
1777820400,0.00006841264391307523,0.00006961989726024052,0.00006824624932237653,0.00006961989726024052,203.01530306957267
1777822200,0.00006961989726024052,0.00006961989726024052,0.000059013108658201976,0.00006343449459485229,1676.0381131315085
1777823100,0.00006343449459485229,0.00006343449459485229,0.000051716853862986715,0.0000575200524570243,2203.33560602611
1777824000,0.0000575200524570243,0.0000575200524570243,0.000055439530923676865,0.000055439530923676865,360.0997329532668
1777824900,0.000055439530923676865,0.000055439530923676865,0.00005422820301721594,0.000054493574326272475,190.1468496711302
1777825800,0.000054493574326272475,0.000054493574326272475,0.000052743924450354855,0.000052743924450354855,110.94215059610826
1777826700,0.000052743924450354855,0.000060204009308525937,0.000052249410677880124,0.00005942605779361088,808.1740522997727
1777827600,0.00005942605779361088,0.00006360242198555133,0.00005942605779361088,0.00006360242198555133,393.8911553265089
1777828500,0.00006360242198555133,0.00006360242198555133,0.000060692062898415,0.000060692062898415,187.73012978278203
1777829400,0.000060692062898415,0.00006708984946242262,0.000060692062898415,0.00006457118179749527,650.5016637252253
1777830300,0.00006457118179749527,0.00006457118179749527,0.00006264341953514979,0.00006264341953514979,166.27009572261503
1777831200,0.00006264341953514979,0.0000670888183285402,0.00006264341953514979,0.0000643902040653958,599.2323477907161
1777832100,0.0000643902040653958,0.0000643902040653958,0.00006299401282013929,0.0000638889365867267,90.9040930384069
1777833000,0.0000638889365867267,0.0000638889365867267,0.00005655126618705926,0.0000569457590377653,1234.3586458670484
1777833900,0.0000569457590377653,0.00005698026673084207,0.00005616638691028968,0.00005698026673084207,161.23719339873315
1777834800,0.00005698026673084207,0.00005698026673084207,0.00005533841666892725,0.00005553509353100913,181.937031760714
1777835700,0.00005553509353100913,0.000060502070333416525,0.00005553509353100913,0.000058300074270584665,508.13556075635796
1777836600,0.000058300074270584665,0.00006301049363411776,0.000058300074270584665,0.00006301049363411776,344.33075110419867
1777837500,0.00006301049363411776,0.00006316505946726904,0.00006220187062271002,0.0000629343967290896,89.14115808182082
1777838400,0.0000629343967290896,0.00006319012892601794,0.00006187758771132941,0.00006319012892601794,141.80798892829625
1777839300,0.00006319012892601794,0.00006436839680246716,0.00006319012892601794,0.00006387358201367887,159.35245231513196
1777840200,0.00006387358201367887,0.00006387358201367887,0.00006244270999824577,0.00006244270999824577,106.12801738980949
1777841100,0.00006244270999824577,0.00006244270999824577,0.00006194227725598645,0.00006194227725598645,23.36407786618754
1777842900,0.00006194227725598645,0.00006194512251192015,0.00006194227725598645,0.00006194512251192015,11.667616684676638
1777843800,0.00006194512251192015,0.00006199069446088189,0.00006132099447218047,0.00006199069446088189,67.9856652163488
1777844700,0.00006199069446088189,0.00006199069446088189,0.00006089301799873186,0.00006184999821013525,1.6580021621830499
1777846500,0.00006184999821013525,0.00006248131963125896,0.00006184999821013525,0.00006248131963125896,23.927818887233396
1777847400,0.00006248131963125896,0.00006248131963125896,0.00006165932453308265,0.00006165932453308265,7.525828855885402
1777848300,0.00006165932453308265,0.00006299600504925698,0.00006165932453308265,0.00006299600504925698,83.0364237663095
1777849200,0.00006299600504925698,0.00006299600504925698,0.00006229960658868269,0.00006229960658868269,26.40236671706589
1777850100,0.00006229960658868269,0.00007496138506929579,0.00006229960658868269,0.00007049688891394153,1308.2253096745403
1777851000,0.00007049688891394153,0.00007049688891394153,0.00006800729298421695,0.0000687748493457598,209.8384645010539
1777851900,0.0000687748493457598,0.00008040114821363737,0.00006403411943856978,0.0000669992896310263,2793.4478195442525
1777852800,0.0000669992896310263,0.00006745781454160566,0.000064437911351774,0.00006745781454160566,329.2145010699338
1777853700,0.00006745781454160566,0.00006745781454160566,0.00006619487849643807,0.0000664272378493659,95.2826280319442
1777854600,0.0000664272378493659,0.00006737019646573135,0.0000658249010055436,0.0000658249010055436,75.43596050635153
1777855500,0.0000658249010055436,0.00006674274077353998,0.00006532285666610018,0.00006532285666610018,51.49143531495866
1777856400,0.00006532285666610018,0.0000659992546858045,0.00006525634751891886,0.0000659992546858045,30.103916241419594
1777857300,0.0000659992546858045,0.0000659992546858045,0.000064693560383023,0.000064693560383023,42.973385528061854
1777858200,0.000064693560383023,0.00006599804190488626,0.000064693560383023,0.00006587859076606653,3.3380436274687537
1777859100,0.00006587859076606653,0.00006609210039586551,0.00006527039888411097,0.00006527039888411097,9.148345304833665
1777860000,0.00006527039888411097,0.00006668177181036676,0.00006527039888411097,0.00006668177181036676,4.20873165989885
1777860900,0.00006668177181036676,0.0000668801299948012,0.00006668177181036676,0.0000668801299948012,11.961844887586047
1777861800,0.0000668801299948012,0.00006725835423975233,0.0000668801299948012,0.00006725835423975233,1.7002610438603962
1777862700,0.00006725835423975233,0.00006883621070408174,0.0000662292857707818,0.00006883621070408174,184.620972144429
1777863600,0.00006883621070408174,0.00007284081369480836,0.00006799633929206972,0.00007284081369480836,347.6574983615536
1777864500,0.00007284081369480836,0.00007284081369480836,0.0000602113874819266,0.0000636351836608785,1733.752823480613
1777865400,0.0000636351836608785,0.00007256903368748824,0.0000636351836608785,0.0000725373225766242,1117.452472253436
1777866300,0.0000725373225766242,0.00007338083836938027,0.00006880392609827008,0.00006981677868112713,443.4879795587244
1777867200,0.00006981677868112713,0.0000807924407528166,0.00006574611313477687,0.00007155811337954694,3555.5808711530076
1777868100,0.00007155811337954694,0.00007226899699196723,0.00007028621155799287,0.00007132827100747204,194.97703417883085
1777869000,0.00007132827100747204,0.00007132827100747204,0.00006867018099647492,0.00006981355656171988,297.173019924125
1777869900,0.00006981355656171988,0.00007052201798112305,0.00006872680119832243,0.0000700226857457349,158.09888635013994
1777870800,0.0000700226857457349,0.00007498898722999051,0.0000700226857457349,0.00007310697334071578,787.7356987194488
1777871700,0.00007310697334071578,0.00007310697334071578,0.00007168123368095299,0.00007168123368095299,23.466321135783758
1777872600,0.00007168123368095299,0.00007877836118002627,0.00007168123368095299,0.00007877836118002627,482.44309219462815
1777873500,0.00007877836118002627,0.00007930118875189178,0.00007572868886074219,0.0000757540847802862,403.859920656975
1777874400,0.0000757540847802862,0.00007945024661488709,0.00007384299867679983,0.00007945024661488709,426.52472792821686
1777875300,0.00007945024661488709,0.00008010276042369173,0.00007812615617430931,0.00007813251396357723,104.61982449462334
1777876200,0.00007813251396357723,0.00007924719729113743,0.00007671314234325252,0.0000779985143200116,141.50931357861882
1777877100,0.0000779985143200116,0.00010957487646238352,0.0000779985143200116,0.00010897950267895668,3553.697813096487
1777878000,0.00010897950267895668,0.00011598794785567932,0.00010811936160903743,0.00011390797645075931,936.0906727977014
1777878900,0.00011390797645075931,0.0001141294457646233,0.0001077191966910642,0.00011012787409966725,853.5986658578888
1777879800,0.00011012787409966725,0.00011198405525429417,0.00010971330306992596,0.00011198405525429417,136.60745222085797
1777880700,0.00011198405525429417,0.00011198405525429417,0.00010476722494846328,0.00010765106598747586,604.033066592753
1777881600,0.00010765106598747586,0.00012429696263520785,0.00010765106598747586,0.00012429696263520785,994.0852615415214
1777882500,0.00012429696263520785,0.00012461984465114584,0.00011757056847974653,0.00011757056847974653,417.189368721276
1777883400,0.00011757056847974653,0.00011934656103646222,0.00011361574902276001,0.00011361574902276001,323.80423849613373
1777884300,0.00011361574902276001,0.0001161314532959472,0.0001089169900348778,0.0001089169900348778,470.29033899443766
1777885200,0.0001089169900348778,0.0001106242198450702,0.0001089169900348778,0.0001106242198450702,83.88004335897855
1777886100,0.0001106242198450702,0.00011146821955842999,0.0001106242198450702,0.00011146821955842999,0.008395049046336787
1777887000,0.00011146821955842999,0.00011236125781090694,0.00011146821955842999,0.00011236125781090694,42.09414835141367
1777887900,0.00011236125781090694,0.00011258279541751961,0.00011236125781090694,0.00011258279541751961,0.42145002759867234
1777888800,0.00011258279541751961,0.00011258279541751961,0.00010858659953563428,0.00010858659953563428,57.459974249399224
1777889700,0.00010858659953563428,0.00010993028180988008,0.00010457809260231793,0.00010457809260231793,295.96996512789474
1777890600,0.00010457809260231793,0.0001333192126179488,0.00010457809260231793,0.0001333192126179488,1843.0115437482646
1777891500,0.0001333192126179488,0.0001333192126179488,0.00012773425386026878,0.00012852595214739307,314.97089641284003
1777892400,0.00012852595214739307,0.00012852595214739307,0.0001233986488052474,0.0001233986488052474,288.7459623184773
1777893300,0.0001233986488052474,0.00013723009752122865,0.00012061890607815495,0.00013416237899769212,1338.2375748293387
1777894200,0.00013416237899769212,0.0001574486013593549,0.00013096694274185078,0.00015243335300886253,2243.330770275215
1777895100,0.00015243335300886253,0.00015603991669975163,0.00013544742157594136,0.00013544742157594136,1155.4492906195596
1777896000,0.00013544742157594136,0.0001446896830670051,0.00013544742157594136,0.00014165854783546947,636.0391131629633
1777896900,0.00014165854783546947,0.00014165854783546947,0.00012549580691247923,0.00012712472462547513,1051.873306771816
1777897800,0.00012712472462547513,0.00012973393500865187,0.00012495900105078308,0.00012537973603124166,552.8014040267341
1777898700,0.00012537973603124166,0.00012537973603124166,0.00011985375682976395,0.00012502972557778587,466.34754337261364
1777899600,0.00012502972557778587,0.00012502972557778587,0.00011636026851192183,0.00012065648578090924,931.4192101163144
1777900500,0.00012065648578090924,0.00012471345591520718,0.0001198598356145655,0.00012391515983560037,261.2938077340929
1777901400,0.00012391515983560037,0.00012495111950289867,0.0001225304477694161,0.00012373574698191795,103.36744570993888
1777902300,0.00012373574698191795,0.0001294387447302382,0.00012206199257343033,0.0001294387447302382,380.7009730650633
1777903200,0.0001294387447302382,0.0001294387447302382,0.00012492859227860117,0.00012658089941616231,167.09610955686077
1777904100,0.00012658089941616231,0.00012658089941616231,0.00012111153059172586,0.00012409349669014776,457.9324010311188
1777905000,0.00012409349669014776,0.00012545633909800212,0.0001231397174771183,0.0001248892569931093,44.96982588139917
1777905900,0.0001248892569931093,0.0001248892569931093,0.00009407982069817693,0.00011351375341201364,6904.269374331179
1777906800,0.00011351375341201364,0.00011555277955631477,0.00011146137974663669,0.00011279576377607352,461.1190380821428
1777907700,0.00011279576377607352,0.00011279576377607352,0.00010985171108666507,0.00010985171108666507,60.20186742184854
1777908600,0.00010985171108666507,0.00011134703742724589,0.00009970756592469477,0.00009970756592469477,1281.868068967134
1777909500,0.00009970756592469477,0.00009970756592469477,0.00009203423544508638,0.00009352188750471482,1851.9137034544228
1777910400,0.00009352188750471482,0.00009352188750471482,0.00008648614357076857,0.00008946786072050433,1881.059420732218
1777911300,0.00008946786072050433,0.00009207920119652043,0.00008784905980171675,0.00008831826696586135,557.8334827536123
1777912200,0.00008831826696586135,0.00008831826696586135,0.00008386269553922858,0.00008533548715544387,478.6233936938025
1777913100,0.00008533548715544387,0.00008672181200308359,0.00008267235967889943,0.00008644484183499021,595.1688143982233
1777914000,0.00008644484183499021,0.00009181050468162078,0.00008452419610164328,0.00009153254951279703,807.9179742755416
1777914900,0.00009153254951279703,0.00009915964911730062,0.0000897050697673934,0.00009915964911730062,801.1123693445063
1777915800,0.00009915964911730062,0.00011272201282304195,0.00009363311015263855,0.00009466539551793292,2759.9672441331372
1777916700,0.00009466539551793292,0.00009466539551793292,0.00008560008286733556,0.0000898810846210546,1702.0779797574562
1777917600,0.0000898810846210546,0.0000972810549544008,0.0000898810846210546,0.0000972810549544008,501.77211760998233
1777918500,0.0000972810549544008,0.0000972810549544008,0.00009007243765347973,0.00009480635239788054,830.7295362687677
1777919400,0.00009480635239788054,0.00010238081957379431,0.0000934387252283405,0.00009890731064812961,947.3424470345818
1777920300,0.00009890731064812961,0.00009951137796570362,0.00009776663387097804,0.0000994205295437575,67.72647458707677
1777921200,0.0000994205295437575,0.00010118521866138659,0.00009664835639365774,0.00010039952005877159,383.3989099307468
1777922100,0.00010039952005877159,0.00010039952005877159,0.00009501988150078437,0.00009501988150078437,267.1508314963715
1777923000,0.00009501988150078437,0.00009637732017238648,0.00009501988150078437,0.00009637732017238648,0.016718528906710127
1777923900,0.00009637732017238648,0.00009637732017238648,0.00009460212264171811,0.00009460212264171811,26.903978426908647
1777924800,0.00009460212264171811,0.00009560822699527018,0.00009443071897124344,0.00009560615348013854,9.241410987615176
1777925700,0.00009560615348013854,0.00009560615348013854,0.00009554584186980422,0.00009559046925241404,4.1744948965122095
1777926600,0.00009559046925241404,0.00009559046925241404,0.00009297882856692772,0.0000942811252177497,132.52429671158166
1777927500,0.0000942811252177497,0.00009440144569429223,0.00008918766446505732,0.00008918766446505732,494.0862886995763
1777928400,0.00008918766446505732,0.00009033026760759523,0.00008210211896849617,0.00008841953604781297,1265.7160995246677
1777930200,0.00008841953604781297,0.00008909202854846685,0.00008402256065861889,0.00008521248290233304,438.7211630762228
1777931100,0.00008521248290233304,0.00008550581489944629,0.00008401469445288621,0.00008550581489944629,47.67464076902526
1777932000,0.00008550581489944629,0.00009622512472906042,0.00008550581489944629,0.00009622512472906042,1069.784348008563
1777932900,0.00009622512472906042,0.00009622512472906042,0.00009139111561008985,0.00009193670358141597,292.5168201497345
1777933800,0.00009193670358141597,0.00009193670358141597,0.00009185194079053823,0.00009185217452180742,0.025014633619868554
1777934700,0.00009185217452180742,0.00009185217452180742,0.0000881087471739542,0.0000883372295319237,314.4900544155914
1777935600,0.0000883372295319237,0.00009374811187446103,0.00008660010350959851,0.00009374811187446103,670.7973945869707
1777936500,0.00009374811187446103,0.00009374811187446103,0.00009155319933753646,0.00009196342433200092,208.39292793392923
1777937400,0.00009196342433200092,0.00009388718755097969,0.00009196342433200092,0.00009388718755097969,58.26194194808243
1777938300,0.00009388718755097969,0.0000946396357248498,0.0000926131570868735,0.0000926131570868735,150.47247275603797
1777939200,0.0000926131570868735,0.0000926131570868735,0.00009063454913725184,0.00009063454913725184,101.76776872597189
1777940100,0.00009063454913725184,0.00009427770916583087,0.00009063454913725184,0.00009427770916583087,188.4188469559916
1777941000,0.00009427770916583087,0.00009427770916583087,0.00009149686033535959,0.0000920021790318154,180.2441099202511
1777941900,0.0000920021790318154,0.00009322412280544348,0.0000920021790318154,0.00009322412280544348,118.57136059260229
1777942800,0.00009322412280544348,0.00009342821640055584,0.00009223293981198855,0.00009342821640055584,24.01787986861515
1777943700,0.00009342821640055584,0.00009351788714150417,0.00007974593155742366,0.00008528004397421241,1680.119209564398
1777944600,0.00008528004397421241,0.00008660928914163495,0.00008500842327802839,0.00008500842327802839,447.40143742937295
1777945500,0.00008500842327802839,0.00008582499465389446,0.00008453292777278279,0.00008582499465389446,120.36325828815768
1777946400,0.00008582499465389446,0.00009552306840216109,0.00008582499465389446,0.00009433841016833147,1270.30094245981
1777947300,0.00009433841016833147,0.00009459414749817052,0.00009146368341331546,0.0000928253710740626,148.5912537635434
1777948200,0.0000928253710740626,0.0000928253710740626,0.00009004884363276986,0.00009004884363276986,118.67730511426218
1777949100,0.00009004884363276986,0.0000970041890635588,0.0000896909264392077,0.0000970041890635588,683.2316390811419
1777950000,0.0000970041890635588,0.00010509314821106375,0.0000970041890635588,0.00010362738409425784,721.5638287931115
1777950900,0.00010362738409425784,0.0001248751451760325,0.00010362738409425784,0.00011402071355517646,2054.5259338436244
1777951800,0.00011402071355517646,0.00011402071355517646,0.00011084153882656668,0.0001123436611886116,218.81846349111262
1777952700,0.0001123436611886116,0.0001123436611886116,0.000107961315289011,0.00011140898611844782,302.2254716437908
1777953600,0.00011140898611844782,0.0001114588575109198,0.00010972077763339716,0.00011131566268626201,5.454466465038216
1777954500,0.00011131566268626201,0.00011131566268626201,0.00010226747944630304,0.00010226760155167135,784.6852232497112
1777955400,0.00010226760155167135,0.00010302686600477878,0.0001007228820206412,0.00010302686600477878,74.63603986359618
1777956300,0.00010302686600477878,0.00010309661038114111,0.00010297654451109409,0.00010309661038114111,4.952817546687319
1777957200,0.00010309661038114111,0.00010496067583805655,0.00010160211518291353,0.00010487642665581433,624.3419890588034
1777958100,0.00010487642665581433,0.00010487642665581433,0.00009364422647495724,0.00010040254719367589,1645.760066886804
1777959000,0.00010040254719367589,0.00010040254719367589,0.00008296418818206998,0.00009206432769142305,3853.186607867268
1777959900,0.00009206432769142305,0.00009331072950763517,0.00008842767000608451,0.00008881824032353737,477.4741934196602
1777960800,0.00008881824032353737,0.0000895997685411887,0.00008748494666783397,0.0000895997685411887,119.93498576062109
1777961700,0.0000895997685411887,0.00009239941967567543,0.0000895997685411887,0.00009239941967567543,263.2159738647491
1777962600,0.00009239941967567543,0.0000933808099862672,0.00009168035374964135,0.0000933808099862672,90.58761354037348
1777963500,0.0000933808099862672,0.00009515753628724001,0.00009265987089217119,0.00009515753628724001,139.9333611192676
1777964400,0.00009515753628724001,0.00009552125240352418,0.00009383354100656063,0.00009504843250976337,81.71991607554143
1777965300,0.00009504843250976337,0.00010090071688031069,0.00009067487049565634,0.00009129405057088965,1777.9313472484912
1777966200,0.00009129405057088965,0.00009187117582696585,0.00008997968243748642,0.00009131146835948677,89.49505505680624
1777967100,0.00009131146835948677,0.00009204835841065192,0.0000878594456694857,0.00008913769271128502,350.90868038936696
1777968000,0.00008913769271128502,0.00008913769271128502,0.0000878218687644269,0.00008892681299427693,14.118824739227566
1777968900,0.00008892681299427693,0.00009377260678884382,0.00008750465520448285,0.00009377260678884382,491.19765961190154
1777969800,0.00009377260678884382,0.00009515260279586527,0.00009377260678884382,0.00009515260279586527,34.912380090320895
1777970700,0.00009515260279586527,0.00009515260279586527,0.00009336802469186832,0.00009456851966223389,15.995984537431953
1777971600,0.00009456851966223389,0.00009456851966223389,0.00009269082066624284,0.00009269082066624284,33.63438981888923
1777972500,0.00009269082066624284,0.00009486808203091627,0.00009269082066624284,0.00009486808203091627,81.79601020441125
1777973400,0.00009486808203091627,0.00009509727726290708,0.0000925274344013186,0.00009381641211615317,145.01931560481066
1777974300,0.00009381641211615317,0.0000940086589353429,0.00009218000040112479,0.0000940086589353429,112.68860455981519
1777975200,0.0000940086589353429,0.00009707244086631597,0.00009176925852497311,0.00009631825017542977,783.9538876685122
1777976100,0.00009631825017542977,0.00009738214488569685,0.00009550306570291938,0.00009603161025526154,91.35065357427933
1777977000,0.00009603161025526154,0.00010106367590738177,0.00009603161025526154,0.00010086052979804252,307.14195771932253
1777977900,0.00010086052979804252,0.00011318530567701294,0.00009899797154802228,0.00010865892763735564,2539.0303228513394
1777978800,0.00010865892763735564,0.00014648546197709876,0.00010346115468215703,0.00014648546197709876,6124.430066206684
1777979700,0.00014648546197709876,0.00014648546197709876,0.00012056107332014507,0.00012454727061566613,2998.358682322555
1777980600,0.00012454727061566613,0.00012684028509877404,0.00011153894270862303,0.00011820475450672032,2205.916114100164
1777981500,0.00011820475450672032,0.00011926369508711925,0.00010769010521004844,0.00011618752995381678,1106.6371451798213
1777982400,0.00011618752995381678,0.00012544213909983768,0.00010968235276693617,0.00012169607897748302,2081.9915955030333
1777983300,0.00012169607897748302,0.00012919890259504026,0.00010165248197654144,0.00011655411535092666,8152.571748221736
1777984200,0.00011655411535092666,0.00011787706586157251,0.00011358400871307238,0.0001158245916380513,2355.9044232422602
1777985100,0.0001158245916380513,0.00011716717481711604,0.00011078728298517386,0.00011276192859299242,1986.1191158096838
1777986000,0.00011276192859299242,0.00012405859350461007,0.00011089351261223804,0.0001167535342367241,3074.503136971416
1777986900,0.0001167535342367241,0.00011857372565889127,0.00010861276590637551,0.00011126113834292542,1319.5184113604864
1777987800,0.00011126113834292542,0.00011646369798593482,0.0001051909930430417,0.00010881588687666815,2097.009932187603
1777988700,0.00010881588687666815,0.00011222565930303806,0.00010491000141986733,0.00010645998355301592,1476.5424371376055
1777989600,0.00010645998355301592,0.00010977764595775864,0.00009764866165287593,0.00009941881725982058,1230.0652932491591
1777990500,0.00009941881725982058,0.0001014339701657562,0.00009610033124070143,0.00009883643007191463,1484.2027684208695
1777991400,0.00009883643007191463,0.00010131214083095254,0.00009883643007191463,0.00010047467342747126,328.3294804122065
1777992300,0.00010047467342747126,0.00010047467342747126,0.00009469539937015977,0.00009469539937015977,496.15573339303813
1777993200,0.00009469539937015977,0.0001097253414385881,0.00009469539937015977,0.00010862516026713607,869.6790700806283
1777994100,0.00010862516026713607,0.00010862516026713607,0.00009486900724736889,0.00009850214021420129,1611.2529069733039
1777995000,0.00009850214021420129,0.00011014425279598706,0.00009434436555242969,0.00010302535573435609,2960.6647910497995
1777995900,0.00010302535573435609,0.00011893254394667239,0.00010302535573435609,0.00010321988679913791,2968.479719521752
1777996800,0.00010321988679913791,0.00011841893133245903,0.00010113337161569535,0.0001108758586075227,3092.9050566449496
1777997700,0.0001108758586075227,0.0001108758586075227,0.0000976327030534268,0.00010016049059909929,2018.651085650507
1777998600,0.00010016049059909929,0.00010065196989635275,0.00009794894995102056,0.00010043352695936235,349.3770558010488
1777999500,0.00010043352695936235,0.00010179556807966496,0.00009908834224997167,0.00010095558641424626,116.98868373606028
1778000400,0.00010095558641424626,0.0001135281928614837,0.00009938735924250224,0.00010852269107484405,2083.449935359543
1778001300,0.00010852269107484405,0.00011006539659156547,0.00009801017237142243,0.00010162383996846424,1526.6906540419252
1778002200,0.00010162383996846424,0.00010304440696755313,0.00009895330932951276,0.00009895330932951276,284.0454212945388
1778003100,0.00009895330932951276,0.00010038073302897053,0.000098290373915457,0.000098290373915457,118.09262103582805
1778004000,0.000098290373915457,0.0001005295431708301,0.00009716025949820217,0.0001005295431708301,986.6989929016659
1778004900,0.0001005295431708301,0.00014240489964072517,0.0001005295431708301,0.00014240489964072517,4404.879259028784
1778005800,0.00014240489964072517,0.00020974529536704281,0.00014240489964072517,0.00019319834111289287,22874.84386539842
1778006700,0.00019319834111289287,0.0003437402156275388,0.0001769727886707901,0.00024493978136082376,70295.04717163523
1778007600,0.00024493978136082376,0.000280890521281672,0.00023805529575176117,0.00024664162976035267,19733.506013952105
1778008500,0.00024664162976035267,0.00025199051579516516,0.00017282555752151996,0.0001828556481495029,16846.980596971945
1778009400,0.0001828556481495029,0.0001855145822378457,0.0001452533273946547,0.00016638807667662388,12151.68737700136
1778010300,0.00016638807667662388,0.00017172249592824136,0.0001549689602927291,0.00017172249592824136,2294.7286445180016
1778011200,0.00017172249592824136,0.00018962932178941613,0.00016503103939372082,0.00016929082676717756,4559.279663644878
1778012100,0.00016929082676717756,0.00017576861262157272,0.00016609380234483632,0.00017411703178964828,1126.439166497923
1778013000,0.00017411703178964828,0.00017575801074050466,0.00017029294538586413,0.00017328484842469885,481.4352180809962
1778013900,0.00017328484842469885,0.00017339943450260254,0.00016632583448672009,0.00016836309517443624,465.3362548009786
1778014800,0.00016836309517443624,0.00016836309517443624,0.00014436034974760423,0.00015982774514470874,3476.098394179068
1778015700,0.00015982774514470874,0.00016652594601860576,0.00013012777042332055,0.0001526775355307404,8161.198548980289
1778016600,0.0001526775355307404,0.00015920862027360145,0.00014531603911956554,0.00015920862027360145,1437.7166098824089
1778017500,0.00015920862027360145,0.00017378320093401937,0.00015727303920740033,0.00015744347455874747,2167.1666519011546
1778018400,0.00015744347455874747,0.00015858256836875012,0.00015219549943643786,0.00015219549943643786,429.2328086605357
1778019300,0.00015219549943643786,0.00016788571563777487,0.00015219549943643786,0.00016515535319988015,1322.6804523042815
1778020200,0.00016515535319988015,0.00016515535319988015,0.00016240967312193598,0.00016472792667248038,94.05620239145534
1778021100,0.00016472792667248038,0.000181542264424085,0.00016472792667248038,0.000181542264424085,1652.7557922819283
1778022000,0.000181542264424085,0.00018990523989795632,0.00017838308116723914,0.00018713976737100716,1060.4936589176264
1778022900,0.00018713976737100716,0.00018713976737100716,0.000169734807000054,0.00017628969073696968,1796.1989670811338
1778023800,0.00017628969073696968,0.00017628969073696968,0.0001619587285030042,0.0001619587285030042,919.7934515666474
1778024700,0.0001619587285030042,0.00016502043692580257,0.0001619587285030042,0.00016321191416860002,80.3231931629712
1778025600,0.00016321191416860002,0.00016594623095049727,0.0001618374188307144,0.0001618374188307144,318.2686691046491
1778026500,0.0001618374188307144,0.00016826958680370765,0.0001592043730653541,0.00016826958680370765,512.1672314692134
1778027400,0.00016826958680370765,0.00016826958680370765,0.00016246015950936257,0.00016271033571821415,397.2346691973967
1778028300,0.00016271033571821415,0.00016271033571821415,0.0001565022723930003,0.00015678670392361863,377.0945275584951
1778029200,0.00015678670392361863,0.00016015950583921825,0.00015678670392361863,0.00016015950583921825,172.84606450155866
1778030100,0.00016015950583921825,0.00016015950583921825,0.00015485301872649468,0.00015861101906210114,308.4746645041438
1778031000,0.00015861101906210114,0.00015861101906210114,0.0001566293382295173,0.00015668414434932745,3.4364450314648245
1778031900,0.00015668414434932745,0.00015833392034397657,0.0001557511223381987,0.00015833392034397657,254.2183233267095
1778032800,0.00015833392034397657,0.00016110059063084391,0.00015833392034397657,0.00016110059063084391,109.59329274782289
1778033700,0.00016110059063084391,0.00016408678399892681,0.00015951401539083057,0.00016164510020776288,287.02993682720995
1778034600,0.00016164510020776288,0.00016164733048436072,0.0001476537548812122,0.00014948315736928747,1347.522830165852
1778035500,0.00014948315736928747,0.00016210884438492572,0.00014569394022402804,0.00016210884438492572,1183.2211739141906
1778036400,0.00016210884438492572,0.0001884813756699706,0.00015569845901238432,0.00017232932231324913,5703.680450796938
1778037300,0.00017232932231324913,0.0001769074084340529,0.00017232932231324913,0.00017612528379815895,927.145983469853
1778038200,0.00017612528379815895,0.00017612528379815895,0.00015498125134218903,0.00016071645221607325,1643.5857679956844
1778039100,0.00016071645221607325,0.00016625894067520263,0.0001583766241958068,0.00016380718322030573,582.1635547418464
1778040000,0.00016380718322030573,0.00017284600727311298,0.00016380718322030573,0.00017077542877128689,776.3266375336118
1778040900,0.00017077542877128689,0.00017077542877128689,0.00016688151458930163,0.00016688151458930163,157.29638125913186
1778041800,0.00016688151458930163,0.00016849427709333029,0.0001645323869458244,0.00016845817466901538,187.5022569669332
1778042700,0.00016845817466901538,0.0001708894940002528,0.0001602090742928597,0.0001708894940002528,830.4504526608099
1778043600,0.0001708894940002528,0.00017096906930029145,0.00014075498598142632,0.0001561968724305959,4027.555221437616
1778044500,0.0001561968724305959,0.0001766424811080272,0.00015348784506539237,0.00016938755297757766,2406.642173193037
1778045400,0.00016938755297757766,0.0001718941010076074,0.00016594349537601323,0.0001662163492937201,294.18926953845386
1778046300,0.0001662163492937201,0.0001662163492937201,0.00016161962159762052,0.00016505018279394277,351.2527355010084
1778047200,0.00016505018279394277,0.00017007287160372123,0.00016466638596974542,0.00016672665035249277,782.0960325728828
1778048100,0.00016672665035249277,0.00016672665035249277,0.00015425902156797314,0.00016022325416383868,1171.0537964593916
1778049000,0.00016022325416383868,0.00016054442873986613,0.00015848067954722856,0.00015848067954722856,15.849050706692728
1778049900,0.00015848067954722856,0.00017931107535107779,0.00015848067954722856,0.00017441527888145735,1997.6343770797116
1778050800,0.00017441527888145735,0.00018180213279349054,0.000171388174750256,0.00018164765142387052,657.7354423737819
1778051700,0.00018164765142387052,0.00018666080200606397,0.0001708374332896939,0.0001708374332896939,1826.9058324037628
1778052600,0.0001708374332896939,0.0001711999350252524,0.00016827645269479346,0.00016827645269479346,76.02934448662313
1778053500,0.00016827645269479346,0.0001851192019042127,0.00016717279661632322,0.00017636130332492246,1716.1068488757846
1778054400,0.00017636130332492246,0.0001810574097342662,0.00017494594202185267,0.0001810574097342662,272.3750117445835
1778055300,0.0001810574097342662,0.0001821952208673506,0.00017781945343893832,0.00017781945343893832,179.13855728790014
1778056200,0.00017781945343893832,0.00021958575761548378,0.00017781945343893832,0.00019741901794667456,6328.455917687584
1778057100,0.00019741901794667456,0.00019741901794667456,0.0001732513215261807,0.0001811777433289963,2849.7222290347786
1778058000,0.0001811777433289963,0.00018190283172265346,0.00017691109388111737,0.0001818667624778758,313.45172692760474
1778058900,0.0001818667624778758,0.0001818667624778758,0.00016240070817451373,0.00017270533631916706,2496.885822634018
1778059800,0.00017270533631916706,0.00017440936191417925,0.0001684963818729552,0.0001684963818729552,445.3085469966644
1778060700,0.0001684963818729552,0.00017043347203526176,0.00014688877132254486,0.00016362992428236407,3830.812637500858
1778061600,0.00016362992428236407,0.00017103872181856598,0.0001599804472831764,0.00016852989401000293,1198.687752570997
1778062500,0.00016852989401000293,0.00019596919876026535,0.00016852989401000293,0.00018820494755873168,5127.397909185207
1778063400,0.00018820494755873168,0.000210402759221357,0.00018820494755873168,0.0002030316052675491,2312.7362769677675
1778064300,0.0002030316052675491,0.00020820276199789154,0.00019162090544302236,0.00020505767602878596,1612.6052071410047
1778065200,0.00020505767602878596,0.00020505767602878596,0.0001809722539727437,0.000185416737770191,2125.8607157188812
1778066100,0.000185416737770191,0.00018629500539495624,0.0001834639224516171,0.00018624260052858436,22.396026473549938
1778067000,0.00018624260052858436,0.00018772046500481097,0.00018353819978296967,0.00018772046500481097,213.85927747326974
1778067900,0.00018772046500481097,0.00019370390186486882,0.0001870494757293811,0.00019359555344603379,421.8759197918944
1778068800,0.00019359555344603379,0.00019645154808462819,0.00018830810713942237,0.00018830810713942237,327.8186404260742
1778069700,0.00018830810713942237,0.00019333082326124064,0.00018639937732291064,0.00018639937732291064,743.2710292941307
1778070600,0.00018639937732291064,0.0001887751483223962,0.00016235468392660106,0.0001636121601687757,4402.809644750625
1778071500,0.0001636121601687757,0.00017054723790285985,0.00016038144192517231,0.0001695492612655459,989.9043275556534
1778072400,0.0001695492612655459,0.0001695492612655459,0.00016399889232268457,0.00016800960195370666,423.7351232767177
1778073300,0.00016800960195370666,0.00017973497198690448,0.00014970076993138458,0.00017303556013132683,5044.357136410334
1778074200,0.00017303556013132683,0.00018637776418232614,0.00017303556013132683,0.0001846463634987456,1568.8594198558199
1778075100,0.0001846463634987456,0.0001846463634987456,0.00018031523776648574,0.00018314230334822503,113.71369273965948
1778076000,0.00018314230334822503,0.00018314230334822503,0.0001715054158939476,0.0001715054158939476,502.0950605504538
1778076900,0.0001715054158939476,0.00017199646898704866,0.00015838255898350604,0.00015958990144937906,980.8220581672143
1778077800,0.00015958990144937906,0.0001617699704331603,0.000146373890410444,0.00015011897270858997,2153.628817216167
1778078700,0.00015011897270858997,0.00015400957789076617,0.0001299416359602071,0.00013924043657015668,4094.409201795082
1778079600,0.00013924043657015668,0.00014716460857044767,0.00013924043657015668,0.0001443591208537141,1352.523212100071
1778080500,0.0001443591208537141,0.00014709385949441444,0.00013965166616837325,0.00014222889252675047,1071.3617327281906
1778081400,0.00014222889252675047,0.00014368896279101165,0.00014107825354399127,0.00014306314875938854,322.8988532170507
1778082300,0.00014306314875938854,0.00014450000395396928,0.00013162427578085255,0.00013450005115264212,1776.9927124170995
1778083200,0.00013450005115264212,0.00014032263399875667,0.00013450005115264212,0.00014032263399875667,423.11246406792156
1778084100,0.00014032263399875667,0.00014039618151410885,0.00013795645635548203,0.00013795645635548203,47.110376889117255
1778085000,0.00013795645635548203,0.00014075658964127926,0.00013386799563112564,0.00013386799563112564,545.3531372031572
1778085900,0.00013386799563112564,0.00014123955372764512,0.00013355978242319888,0.00014123955372764512,559.9687222776497
1778086800,0.00014123955372764512,0.000151228219359523,0.00014123955372764512,0.00014270744795531642,1008.7260048554449
1778087700,0.00014270744795531642,0.00014270744795531642,0.0001402026388885634,0.0001402026388885634,186.72886047210037
1778088600,0.0001402026388885634,0.0001402026388885634,0.00013294132248381575,0.00013308426950339714,500.84283957695556
1778089500,0.00013308426950339714,0.00013308426950339714,0.00011779971187740171,0.00012040436045537598,2043.5261814063429
1778090400,0.00012040436045537598,0.00013058718712810475,0.00012040436045537598,0.00013058718712810475,1459.6751420641458
1778091300,0.00013058718712810475,0.00013147247808578742,0.000127889676332066,0.00013016635386949645,148.1685927677305
1778092200,0.00013016635386949645,0.00013173374667059358,0.00012824789734973573,0.00012955905306020213,239.2437083432281
1778093100,0.00012955905306020213,0.00013025364846494525,0.00012724310599581223,0.00012724310599581223,243.9589821106185
1778094000,0.00012724310599581223,0.00013347088658814533,0.0001265729390290851,0.0001265729390290851,655.4781437592608
1778094900,0.0001265729390290851,0.0001272166586322187,0.00011976863863005895,0.00012224149360378706,978.9209206438218
1778095800,0.00012224149360378706,0.0001224902483810599,0.00012040019671335433,0.00012040019671335433,64.23009056838104
1778096700,0.00012040019671335433,0.00012282203603250093,0.00012040019671335433,0.00012132263569250988,93.37733428319244
1778097600,0.00012132263569250988,0.00012335172972311264,0.00011866979989549801,0.00012335172972311264,702.3077721764765
1778098500,0.00012335172972311264,0.00012335172972311264,0.00010852603650095021,0.00010852603650095021,1381.836508164496
1778099400,0.00010852603650095021,0.00011773627803653574,0.00010092849698747286,0.00011434578685793728,4430.652222574556
1778100300,0.00011434578685793728,0.00011854788087819751,0.00011107067723604364,0.00011274009503748795,713.5634345162966
1778101200,0.00011274009503748795,0.0001164898401800358,0.00010808785655343722,0.00011102703955332553,1006.1940656393317
1778102100,0.00011102703955332553,0.00011102703955332553,0.00010905631386750048,0.00010905631386750048,47.257272286047076
1778103000,0.00010905631386750048,0.0001096296007003596,0.00010338791376637882,0.00010425057858401785,675.5356358659023
1778103900,0.00010425057858401785,0.00011805857528305356,0.00010257605783309525,0.00011670571497710603,1263.7910149606162
1778104800,0.00011670571497710603,0.00011852107309579518,0.00011552328567655473,0.00011704199932083312,280.5641169871309
1778105700,0.00011704199932083312,0.00011704199932083312,0.0001044901700401766,0.00010713124096434205,1722.3912817394332
1778106600,0.00010713124096434205,0.0001096618553640861,0.00010604569107568197,0.0001096618553640861,284.28191697553945
1778107500,0.0001096618553640861,0.00011058418604301817,0.00010384434419151393,0.00011058418604301817,962.7420050693094
1778108400,0.00011058418604301817,0.00011377747325518731,0.00011058418604301817,0.00011074929267818562,349.92999080709933
1778109300,0.00011074929267818562,0.00013380293872485369,0.00011072039532756423,0.0001330736661456779,5849.8835547220715
1778110200,0.0001330736661456779,0.00014872317522441505,0.00012747749763540803,0.00014255575521531508,10239.013000655426
1778111100,0.00014255575521531508,0.00015880090259747607,0.0001327886188521279,0.00015416156513412823,8968.886278787693
1778112000,0.00015416156513412823,0.00015526040868941844,0.0001336707034755526,0.00014312431159019238,8395.141389193639
1778112900,0.00014312431159019238,0.00015007099956559772,0.0001409897964524981,0.000145869887348189,2670.9538947331152
1778113800,0.000145869887348189,0.00014601193159969686,0.00012986833014646436,0.0001348856988292755,3724.3131033699783
1778114700,0.0001348856988292755,0.00013521280411431385,0.0001301028974173235,0.00013067340157179276,748.6242999455927
1778115600,0.00013067340157179276,0.00013282174713712193,0.00012663054550292405,0.00013282174713712193,808.9739205908378
1778116500,0.00013282174713712193,0.00014001458364094118,0.00013089127209967342,0.00013784857375271993,518.3809966952435
1778117400,0.00013784857375271993,0.0001423373815966982,0.00011999373867397945,0.00012310780371215416,3559.7461739386763
1778118300,0.00012310780371215416,0.00012573463411065682,0.00012310780371215416,0.00012573463411065682,142.36663354139776
1778119200,0.00012573463411065682,0.00013924618205429464,0.00012076133107329887,0.0001333336797818431,2023.0903003027709
1778120100,0.0001333336797818431,0.00013335496322054854,0.00012663837421317584,0.00012816315456115433,449.57124451692
1778121000,0.00012816315456115433,0.00013194002007442342,0.00012816315456115433,0.00012893029373464937,535.8515640469685
1778121900,0.00012893029373464937,0.00014120278734561212,0.00012829861042572762,0.00013527949389608904,1516.3487548141443
1778122800,0.00013527949389608904,0.00013527949389608904,0.00012174340199393318,0.0001264050489754358,1346.0291143419518
1778123700,0.0001264050489754358,0.0001268792971955914,0.00012475624057159995,0.0001263700138165417,0.503683167897545
1778124600,0.0001263700138165417,0.00012835780265758718,0.00012031466322917136,0.00012149062640584583,837.0821880270498
1778125500,0.00012149062640584583,0.00012539995230753442,0.00011986658650621123,0.00012539995230753442,273.1715533735113
1778126400,0.00012539995230753442,0.00012646473869567704,0.0001222555185157756,0.00012472358692476221,245.2986504901784
1778127300,0.00012472358692476221,0.00012672884008130557,0.00012472358692476221,0.00012672884008130557,8.989017816995265
1778128200,0.00012672884008130557,0.0001284886249855808,0.00012284958503798476,0.0001284886249855808,1070.7753447890202
1778129100,0.0001284886249855808,0.00013701402334677894,0.0001284886249855808,0.00013656001348607587,1701.5669033907077
1778130000,0.00013656001348607587,0.0001474481842216032,0.0001290194425257671,0.00014145200303421464,2422.5690699352967
1778130900,0.00014145200303421464,0.00015609817028930246,0.00014145200303421464,0.000146494287538846,1694.6241909812989
1778131800,0.000146494287538846,0.00015844675201618532,0.00014194956430702542,0.00015844675201618532,1283.3057067307013
1778132700,0.00015844675201618532,0.0001613268781041085,0.00014980852106288284,0.00015143422988275518,742.5975626256293
1778133600,0.00015143422988275518,0.00015143422988275518,0.00013345079912907483,0.00013689297861461104,1472.0211181445943
1778134500,0.00013689297861461104,0.0001382872397328009,0.00013453556513264478,0.00013570796465437693,639.9907926382634
1778135400,0.00013570796465437693,0.00013959692904566418,0.00013321969906294215,0.00013321969906294215,684.9773883077406
1778136300,0.00013321969906294215,0.00013448729795163442,0.00013173913491037976,0.00013311152639059872,130.34550148792732
1778137200,0.00013311152639059872,0.00014504505147762883,0.00013133337364200698,0.00014432196975935915,869.5488637228904
1778138100,0.00014432196975935915,0.00014432196975935915,0.00012045720116500154,0.0001257050958765846,3531.295411343763
1778139000,0.0001257050958765846,0.00013435681716819062,0.0001257050958765846,0.00013431868051680743,789.9332434341977
1778139900,0.00013431868051680743,0.00013921795116658212,0.00013246994150365102,0.00013552786875461797,574.6412566960387
1778140800,0.00013552786875461797,0.00014050921085948927,0.00013458754646754318,0.00013617634499044098,766.3670446110814
1778141700,0.00013617634499044098,0.00013617634499044098,0.00013227111950353044,0.00013407731381727024,112.93449692893215
1778142600,0.00013407731381727024,0.0001484265418941128,0.00013407731381727024,0.0001410994033996903,1955.0643710545685
1778143500,0.0001410994033996903,0.00014700812464220057,0.00014103628226287316,0.0001441096200199356,620.1055842898141
1778144400,0.0001441096200199356,0.0001468357871038001,0.00014100277105361746,0.0001468357871038001,416.44298913920767
1778145300,0.0001468357871038001,0.00014716901458049396,0.00013352892439826637,0.00013525271860100432,910.1402702277746
1778146200,0.00013525271860100432,0.0001441096387181339,0.0001347619244000784,0.0001441096387181339,591.2088476233183
1778147100,0.0001441096387181339,0.00014461761057649858,0.00014188787349129502,0.00014188787349129502,196.29244697712443
1778148900,0.00014188787349129502,0.00014188787349129502,0.00013037089836962027,0.00013341468019523466,1176.6530743341164
1778149800,0.00013341468019523466,0.00013998623095061384,0.00013341468019523466,0.00013865742268234248,529.3366582713496
1778150700,0.00013865742268234248,0.00013870813816168403,0.00013631512527077178,0.00013870813816168403,66.49590684967056
1778151600,0.00013870813816168403,0.00013870813816168403,0.0001352881167862629,0.00013608725329065054,219.94721980593027
1778152500,0.00013608725329065054,0.00013648501936632304,0.0001344052796148908,0.00013621550948938096,55.28616540428962
1778153400,0.00013621550948938096,0.0001411525891591952,0.00013482720898914873,0.0001411525891591952,363.20686144810855
1778154300,0.0001411525891591952,0.0001412545588056042,0.00013578742561097567,0.0001412545588056042,528.3461175679413
1778155200,0.0001412545588056042,0.0001467060876110217,0.00013904256983234564,0.0001411682770308868,861.7913602065927
1778156100,0.0001411682770308868,0.00014124021266353166,0.00013806574987102979,0.0001403107820642685,192.48560856399442
1778157000,0.0001403107820642685,0.0001403107820642685,0.0001381135056185728,0.0001381135056185728,20.84275135668353
1778157900,0.0001381135056185728,0.00014024511652501863,0.00013546214970134852,0.00013546214970134852,245.577767517654
1778158800,0.00013546214970134852,0.00013956521600875604,0.00012968212318202366,0.00013956521600875604,893.7203296597838
1778159700,0.00013956521600875604,0.00013956521600875604,0.00013541754360163333,0.00013541754360163333,355.240298544542
1778160600,0.00013541754360163333,0.00013722396301496281,0.00013031307966689663,0.000135353563203797,627.6043620933721
1778161500,0.000135353563203797,0.00013632542448319474,0.00013362790466611398,0.00013580878513177837,121.05506662231045
1778162400,0.00013580878513177837,0.00013593292801976722,0.00013375302486954782,0.00013375302486954782,48.83531412248352
1778163300,0.00013375302486954782,0.00013522303778027995,0.00013375302486954782,0.00013522303778027995,0.009747307924693098
1778164200,0.00013522303778027995,0.0001427559525011137,0.00013522303778027995,0.0001427559525011137,525.4224858083671
1778165100,0.0001427559525011137,0.0001461859260270212,0.0001380593044502622,0.0001461859260270212,975.9528849397835
1778166000,0.0001461859260270212,0.00014950646915199152,0.00013853389321177742,0.00014037922500899466,1018.1500458079557
1778166900,0.00014037922500899466,0.00014037922500899466,0.00013718443935357606,0.00013819319144131443,139.3383080175039
1778167800,0.00013819319144131443,0.00013900829932144703,0.0001363970639418175,0.0001363970639418175,101.07544245100242
1778168700,0.0001363970639418175,0.00013827690635844612,0.00012321918109494518,0.00012964547972729056,1394.1604121350483
1778169600,0.00012964547972729056,0.00012964547972729056,0.00010444365638480801,0.00011324413888670899,8091.4942494330435
1778170500,0.00011324413888670899,0.0001303997886118928,0.00009927342232091032,0.00012185522917654065,7746.845774349079
1778171400,0.00012185522917654065,0.00012837293290083817,0.00012035437061596747,0.00012295938314966354,1996.0532613869088
1778172300,0.00012295938314966354,0.00012392183206811773,0.00010978678916924301,0.00012095566565324976,2806.74056444734
1778173200,0.00012095566565324976,0.00012347881061941493,0.00011661237207993663,0.00012007917220862415,1269.6899024897014
1778174100,0.00012007917220862415,0.00012103013942143302,0.00011592804880129216,0.00012064377895741962,640.3947694737121
1778175000,0.00012064377895741962,0.00012522017580685605,0.00012011474923980776,0.00012522017580685605,240.43793525860025
1778175900,0.00012522017580685605,0.00012781342014418998,0.00012264183139755062,0.00012721500653717317,1042.952802882052
1778176800,0.00012721500653717317,0.000129895546593126,0.00012282195291306997,0.0001293434952513514,843.6225587130706
1778177700,0.0001293434952513514,0.00012995606664478385,0.00012808908672160428,0.00012995606664478385,66.73291759893175
1778178600,0.00012995606664478385,0.00012995606664478385,0.00012670616244911284,0.00012670616244911284,97.70292200375565
1778179500,0.00012670616244911284,0.00012670616244911284,0.0001166819170371912,0.00011770181948020596,1062.2280626185373
1778180400,0.00011770181948020596,0.00011770181948020596,0.00011098943040604607,0.00011114243415212927,978.3643042147164
1778181300,0.00011114243415212927,0.00011806551996392779,0.00011097210926729444,0.00011651333850357703,1145.5861636038953
1778182200,0.00011651333850357703,0.00012560200014489855,0.00011529201643429955,0.00011952071821286722,1168.5996989543305
1778183100,0.00011952071821286722,0.00011952071821286722,0.00011168172645758204,0.00011169796717069116,477.33635718926956
1778184000,0.00011169796717069116,0.0001124664895874399,0.00011030398149769664,0.0001120632455340547,205.44577243333768
1778184900,0.0001120632455340547,0.0001120632455340547,0.00010526152072302926,0.00010893808556917544,830.0070571198165
1778185800,0.00010893808556917544,0.00010893808556917544,0.00010531035134024469,0.00010666659199906751,166.13476355888923
1778186700,0.00010666659199906751,0.0001089875866928855,0.00010486646421139652,0.00010486646421139652,688.2009671023881
1778187600,0.00010486646421139652,0.00010922407910916694,0.00009992861454620933,0.00010455129886274622,1954.6360807035999
1778188500,0.00010455129886274622,0.0001077947615734695,0.00010385203983444134,0.00010699240213234589,275.6996726304015
1778189400,0.00010699240213234589,0.00010874530265858238,0.0001053087466476725,0.00010874530265858238,202.03268819343978
1778190300,0.00010874530265858238,0.00011585633328987787,0.00010874530265858238,0.00011261008237920148,1006.4823419232046
1778191200,0.00011261008237920148,0.00011587644583075605,0.00011042768200440884,0.00011302516616941408,901.8368810932769
1778192100,0.00011302516616941408,0.00011302516616941408,0.00008049080986073239,0.00009013563959573624,8661.325554897505
1778193000,0.00009013563959573624,0.0001063852210158157,0.00008394604819521613,0.0001019315604011318,4478.19257257662
1778193900,0.0001019315604011318,0.00010414235458694736,0.00009366710198016621,0.00009508262708163408,1108.5430090193065
1778194800,0.00009508262708163408,0.00009561301504351043,0.00008547277655052175,0.00009151475338940604,3526.757893935661
1778195700,0.00009151475338940604,0.0001078542209518651,0.0000799862224582371,0.00009026665845251344,9832.929762088961
1778196600,0.00009026665845251344,0.00009419546818771737,0.0000898558722675648,0.00009071739257723925,785.4933331905451
1778197500,0.00009071739257723925,0.0000910211011836103,0.00008587593829955496,0.00008587593829955496,1150.55823551056
1778198400,0.00008587593829955496,0.0000924070697942761,0.00008387897874530682,0.0000907490645425756,672.6384852737219
1778199300,0.0000907490645425756,0.0000907490645425756,0.00008405913065245895,0.0000867970457794585,1039.863554412006
1778200200,0.0000867970457794585,0.00008806671586477541,0.00008340611305835369,0.00008467927457743173,355.28171514612745
1778201100,0.00008467927457743173,0.00008654310958210296,0.00008467927457743173,0.0000864293832606134,209.99534663222627
1778202000,0.0000864293832606134,0.00009412007866116897,0.0000864293832606134,0.0000939539235156294,718.6485056287039
1778202900,0.0000939539235156294,0.0000939539235156294,0.00008932616072731047,0.00008967084166760803,532.7775392502716
1778203800,0.00008967084166760803,0.00009105859416079059,0.00008794810141919653,0.00008928490596687412,385.1393710164601
1778204700,0.00008928490596687412,0.00008928490596687412,0.00008531723688970338,0.00008679164182526916,375.98947572699456
1778205600,0.00008679164182526916,0.00008679164182526916,0.00008441573096023423,0.00008441573096023423,183.55403336840408
1778206500,0.00008441573096023423,0.00008541874916811051,0.00008412262059593868,0.00008541874916811051,4.330875367928304
1778207400,0.00008541874916811051,0.00009288767506233187,0.00008448271795361683,0.00009146655239881524,656.2514645130465
1778208300,0.00009146655239881524,0.00009484531797665456,0.00009146655239881524,0.0000918461287168384,551.6857023108101
1778209200,0.0000918461287168384,0.00009658084809957132,0.00008879582452821898,0.00009405686744488487,1339.6192504176865
1778210100,0.00009405686744488487,0.00010695445860230197,0.00009405686744488487,0.00010493912630279882,2270.0064322015683
1778211000,0.00010493912630279882,0.00010493912630279882,0.000099785455940991,0.000099785455940991,332.7984740161543
1778211900,0.000099785455940991,0.00010568843709476496,0.00009778339293761305,0.00010352825770511944,940.7687238003593
1778212800,0.00010352825770511944,0.00010563383313698573,0.00010249178973123728,0.00010460831161404694,423.11048952797535
1778213700,0.00010460831161404694,0.0002928451022897076,0.00010460831161404694,0.00020349669544029666,54378.66405520178
1778214600,0.00020349669544029666,0.00024992704790590976,0.0001563031545576372,0.00023179324223084448,35494.293813788936
1778215500,0.00023179324223084448,0.00035367699804669654,0.00019351085061733276,0.0002673572032680961,108410.66500803849
1778216400,0.0002673572032680961,0.00027686841655278656,0.0002074376597381527,0.00023322261401573008,15795.646507885476
1778217300,0.00023322261401573008,0.0002477510714012879,0.00019784656797425625,0.00021211239493773177,14516.262698063614
1778218200,0.00021211239493773177,0.0003026795171828599,0.0002053915598222422,0.00029108683397193553,16257.225634159387
1778219100,0.00029108683397193553,0.0003270550719183149,0.00026071056707807204,0.0002757595951915387,18893.70212320124
1778220000,0.0002757595951915387,0.00029152331895990365,0.000249065124348956,0.00027652333197946235,11539.853117633907
1778220900,0.00027652333197946235,0.0003087128382068648,0.00027199101418009006,0.00027503881850691976,6805.776612946235
1778221800,0.00027503881850691976,0.00028521448018275613,0.00024446271147384005,0.0002543635532478575,8480.536933743579
1778222700,0.0002543635532478575,0.0002688531865431262,0.0002543635532478575,0.000257037701317531,1426.2868090272596
1778223600,0.000257037701317531,0.00025917795680459343,0.00021662468598864838,0.00022247503718955127,4905.111679031338
1778224500,0.00022247503718955127,0.00024380756578084586,0.00021633049837344867,0.00024380756578084586,2397.043409823909
1778225400,0.00024380756578084586,0.0002529510700894855,0.00022632403613391685,0.0002343373358206633,3783.465065975106
1778226300,0.0002343373358206633,0.00024655591193528757,0.00023193150052960013,0.00023590184437187375,2222.527182293676
1778227200,0.00023590184437187375,0.0002366174996396896,0.00022923095508327104,0.00023268599774977576,857.1108810637688
1778228100,0.00023268599774977576,0.00023268599774977576,0.00019780807803436188,0.0002182515566121333,6414.987420939493
1778229000,0.0002182515566121333,0.0002182515566121333,0.00017748075462069274,0.00019071381394450255,10265.01808769868
1778229900,0.00019071381394450255,0.00019836326984862845,0.0001842831172973146,0.00019572885708152974,2570.9364579610233
1778230800,0.00019572885708152974,0.00021312062294796325,0.00019542075658310785,0.00020150897595350612,3694.248923007505
1778231700,0.00020150897595350612,0.00021703886457896673,0.00020150897595350612,0.00020817380752172793,2343.9194565525213
1778232600,0.00020817380752172793,0.00022082598240335234,0.00019319812304396635,0.00020205381840787071,3813.0696544094753
1778233500,0.00020205381840787071,0.00020480662235231048,0.0002011291087401411,0.00020144324346423436,338.67458426465896
1778234400,0.00020144324346423436,0.00028187579218033495,0.0001980878275885101,0.0002527987114891499,25795.438521844448
1778235300,0.0002527987114891499,0.00025284926065390084,0.0002321369157790343,0.0002321369157790343,2831.799081224327
1778236200,0.0002321369157790343,0.00023275830712179144,0.0002266458212600634,0.00022814427516684046,894.6279775811215
1778237100,0.00022814427516684046,0.00023700423940821848,0.00020652873864430017,0.0002227775408556072,3025.040164763838
1778238000,0.0002227775408556072,0.00022939439153356434,0.00020454709745984127,0.00020668906482350025,2042.0116795026192
1778238900,0.00020668906482350025,0.0002278039004368756,0.00020022500750129792,0.00021077574042995854,3436.880641130365
1778239800,0.00021077574042995854,0.00021077574042995854,0.00018421750287169305,0.00019058364764081378,4757.261071287752
1778240700,0.00019058364764081378,0.00019058364764081378,0.0001805541290002829,0.0001882920457221415,1606.9444073239804
1778241600,0.0001882920457221415,0.00019482467686644242,0.00018411782075095605,0.0001872315197806897,1263.641646579297
1778242500,0.0001872315197806897,0.00019496472242027554,0.00017396784724120563,0.00019279419990512472,2134.0136685193606
1778243400,0.00019279419990512472,0.00019522296371301666,0.000179463270003482,0.000179463270003482,1386.409564662561
1778244300,0.000179463270003482,0.00022377052238843116,0.0001788634070421076,0.0002065103949765211,7088.4285667895
1778245200,0.0002065103949765211,0.0002279702704216539,0.0002024262742240324,0.00020664662709164635,3693.7507217033653
1778246100,0.00020664662709164635,0.00020836246674801802,0.00019171205264934574,0.00019326712575692953,1589.7853612587794
1778247000,0.00019326712575692953,0.00019326712575692953,0.00017275219340796329,0.00017946452468985894,3072.484968631723
1778247900,0.00017946452468985894,0.00018046364418831864,0.00017374286352704463,0.0001741053547387833,1339.0519899348294
1778248800,0.0001741053547387833,0.00018564930809120099,0.0001741053547387833,0.00018075205497772857,1371.5992393042688
1778249700,0.00018075205497772857,0.00018075205497772857,0.0001682007699878305,0.00017304406558396314,1548.0833098651042
1778250600,0.00017304406558396314,0.0001946679258807657,0.00017044370094614593,0.0001946679258807657,2765.197030914807
1778251500,0.0001946679258807657,0.0001996192372305142,0.00017842215416755965,0.00017957693382970397,2252.5637045589056
1778252400,0.00017957693382970397,0.00017957693382970397,0.00017467241331691873,0.00017467241331691873,295.2681311739814
1778253300,0.00017467241331691873,0.00018775486775992855,0.00017467241331691873,0.00018726435852585305,953.6787251046159
1778254200,0.00018726435852585305,0.0001915206447990397,0.0001848024129737713,0.0001858486309046181,980.662900340132
1778255100,0.0001858486309046181,0.0001858486309046181,0.00018082722000675294,0.00018082722000675294,312.52550597445827
1778256000,0.00018082722000675294,0.00018082722000675294,0.00016962052069225195,0.00017290312228675656,1603.0320591090642
1778256900,0.00017290312228675656,0.00017394575492592725,0.00017080175800882183,0.0001732058913192143,137.0828742685754
1778257800,0.0001732058913192143,0.0001829262334850245,0.00016360472394462276,0.0001645222085275977,1893.5997110873577
1778258700,0.0001645222085275977,0.00016856983311229162,0.00011660055273145569,0.00013768904019165234,12687.635571605699
1778259600,0.00013768904019165234,0.00014891343873092879,0.0001294992280247531,0.00013513414497607842,5124.886259571558
1778260500,0.00013513414497607842,0.0001435243239155223,0.00013322837687775363,0.00013817849963118867,1171.1719988004922
1778261400,0.00013817849963118867,0.00014301917381013434,0.00013817849963118867,0.00013916288316015942,384.4214025463712
1778262300,0.00013916288316015942,0.00016001041773244077,0.00013043145602800507,0.0001529915964502698,4808.649795532972
1778263200,0.0001529915964502698,0.00021887190207097172,0.00014334744340008552,0.00020295271154490652,13598.796980175499
1778264100,0.00020295271154490652,0.0002044035632422397,0.000182078926456051,0.0002044035632422397,4321.471892357858
1778265000,0.0002044035632422397,0.00028933179479332895,0.00020324699403734137,0.0002657617128019112,11973.881342549621
1778265900,0.0002657617128019112,0.0002657617128019112,0.0002319833432144176,0.00023563633203525265,2329.6373238308033
1778266800,0.00023563633203525265,0.000271278514744072,0.00021482122397381857,0.0002450051600272794,8493.617735479618
1778267700,0.0002450051600272794,0.0002942033238700424,0.0002450051600272794,0.00025374987416191413,5342.464511087705
1778268600,0.00025374987416191413,0.00025495794534422255,0.0002408606422822652,0.00024177982224903163,792.3207269613794
1778269500,0.00024177982224903163,0.00024624909891746654,0.00024177982224903163,0.00024354446268489585,295.03892579122817
1778270400,0.00024354446268489585,0.00026140204323290005,0.00023405359056209994,0.00026140204323290005,2248.470820567828
1778271300,0.00026140204323290005,0.0003165298691966565,0.00025925461225928135,0.00029558247685837436,7685.5517475063225
1778272200,0.00029558247685837436,0.00034429820559724636,0.00026770317082267956,0.00032487349897181313,8533.832941104502
1778273100,0.00032487349897181313,0.0003301019016296032,0.0002903958577499572,0.0003301019016296032,3094.1512936090257
1778274000,0.0003301019016296032,0.0003301019016296032,0.00026853636740887057,0.00027207864544105,4006.5809911559572
1778274900,0.00027207864544105,0.0002817622823443926,0.0002675698500435074,0.0002675698500435074,1190.6529889352178
1778275800,0.0002675698500435074,0.0002675698500435074,0.0002495659957922379,0.0002495659957922379,711.9732870700477
1778276700,0.0002495659957922379,0.0002621007696721822,0.0002495659957922379,0.00026194390897919605,577.6262840949216
1778277600,0.00026194390897919605,0.0002657720816143023,0.00023463268610202364,0.0002515605722883528,3588.5492238153024
1778278500,0.0002515605722883528,0.00025257710155411275,0.0002497487542755284,0.00025257710155411275,112.48118970842233
1778279400,0.00025257710155411275,0.00025257710155411275,0.00023636987344838716,0.00023928853820295179,657.0025836851835
1778280300,0.00023928853820295179,0.00023933188384044508,0.00023445427657621718,0.0002374412670396556,90.12426185003602
1778281200,0.0002374412670396556,0.0002374412670396556,0.00022049813633479462,0.0002206350773850709,1381.309341075931
1778282100,0.0002206350773850709,0.00022071156865155895,0.00020383946851424052,0.00021709516342323566,2113.6037730873736
1778283000,0.00021709516342323566,0.00024035004170135864,0.00021709516342323566,0.00023897635034714283,2308.758801946527
1778283900,0.00023897635034714283,0.00024609766833166087,0.0002357599967319602,0.0002363073656060761,796.5988386444809
1778284800,0.0002363073656060761,0.0002363073656060761,0.00022657702776707677,0.0002299285947147835,377.92936383467793
1778285700,0.0002299285947147835,0.0002302796658857065,0.0002201382716626181,0.00022383846964478673,1139.9236551557733
1778286600,0.00022383846964478673,0.00022389297239982706,0.00022383846964478673,0.00022389297239982706,7.8362540339939475
1778287500,0.00022389297239982706,0.0002275597770077811,0.00022389297239982706,0.00022745872635865334,19.067983634243088
1778288400,0.00022745872635865334,0.0002283336689404007,0.00022404322426810533,0.0002283336689404007,98.56834949747078
1778289300,0.0002283336689404007,0.0002286139703052097,0.0002202883109669915,0.00022734543461787348,865.9970599417445
1778290200,0.00022734543461787348,0.00022751403824513436,0.00022302986996521068,0.00022751403824513436,192.0200519953725
1778291100,0.00022751403824513436,0.00024137245116503858,0.0002222441275040494,0.00024137245116503858,1411.9467913131282
1778292000,0.00024137245116503858,0.00025183480001541057,0.00023374636514813176,0.00024936497009548335,1337.7497524178848
1778292900,0.00024936497009548335,0.00028331922876199,0.00023932731182026309,0.00024287317908085215,7785.195741400179
1778293800,0.00024287317908085215,0.00024312766833949035,0.00023406869882588232,0.00023406869882588232,1292.7119519227697
1778294700,0.00023406869882588232,0.0002539526511441545,0.00023406869882588232,0.0002539526511441545,1189.1580610087967
1778295600,0.0002539526511441545,0.00026038321372145567,0.00024282049818612772,0.0002455970374986777,2023.4573309824532
1778296500,0.0002455970374986777,0.0002476242328440721,0.0002402412519607317,0.0002402412519607317,344.9875554988217
1778297400,0.0002402412519607317,0.00024418468710556374,0.00023515461074960357,0.0002368378935308271,567.2279628441024
1778298300,0.0002368378935308271,0.0002368378935308271,0.0002176345001416731,0.00022468439369242703,1718.744811039674
1778299200,0.00022468439369242703,0.00022921087510651016,0.00020893645249835574,0.0002153380357236277,3418.1193490797755
1778300100,0.0002153380357236277,0.0002153380357236277,0.00021165113701440916,0.00021165113701440916,94.93350799681468
1778301000,0.00021165113701440916,0.0002133419484331288,0.00019687757602208155,0.00019689068280820702,1774.0312484472388
1778301900,0.00019689068280820702,0.00020514856874312946,0.00018344603882955568,0.0002032385663763791,3846.894038357454
1778302800,0.0002032385663763791,0.00020992389269112216,0.00019743022888860432,0.00020358603913154377,1629.252968330777
1778303700,0.00020358603913154377,0.00020848778540671664,0.00020085436269954912,0.00020687815014292272,1589.72092021725
1778304600,0.00020687815014292272,0.00020968957900317347,0.00020651239990188117,0.00020651239990188117,112.4448993268381
1778305500,0.00020651239990188117,0.0002117519975746885,0.00020601211559256503,0.00021022264168685302,417.6884769001183
1778306400,0.00021022264168685302,0.00021313324694357112,0.00020959022797399814,0.00021008756181396527,202.4405127025257
1778307300,0.00021008756181396527,0.00021236369823586588,0.00018132957914843067,0.0001934368399223816,3314.9506175552347
1778308200,0.0001934368399223816,0.0002246522095814184,0.00018967104843441973,0.0002132240662168487,5024.082922872143
1778309100,0.0002132240662168487,0.00021631603204247738,0.00015809849991486183,0.0002020098057736197,10678.301136992986
1778310000,0.0002020098057736197,0.00021960130792931373,0.0001977783190627123,0.0002174460754524172,1634.3367747993248
1778310900,0.0002174460754524172,0.0002174460754524172,0.00020321399578067167,0.00020498826288079992,862.8967203238585
1778311800,0.00020498826288079992,0.00020558616785001623,0.00020257386049123412,0.00020558616785001623,227.33487791202094
1778312700,0.00020558616785001623,0.00020678736139599928,0.00020215949997442467,0.00020215949997442467,250.74913944340005
1778313600,0.00020215949997442467,0.00021342448868367654,0.00019749519132895757,0.00021011881726079598,1304.8995794558584
1778314500,0.00021011881726079598,0.0002291781132081134,0.00021011881726079598,0.00022799648153765237,1327.2454798737263
1778315400,0.00022799648153765237,0.0002861673646021811,0.00022350220513796552,0.00022643067732120527,6924.258978234781
1778316300,0.00022643067732120527,0.0002304793484801269,0.00020150068822923878,0.00021021932497772918,2147.7335676564176
1778317200,0.00021021932497772918,0.0002142261875110107,0.0002048324965107423,0.0002048324965107423,574.2068343831568
1778318100,0.0002048324965107423,0.00021328694000393922,0.0002048324965107423,0.00021328694000393922,353.9658005342624
1778319000,0.00021328694000393922,0.00021709965728340487,0.000210214735471846,0.00021709965728340487,282.048283120051
1778319900,0.00021709965728340487,0.00026621610612357835,0.00021709965728340487,0.0002571453204961029,5864.496365415254
1778320800,0.0002571453204961029,0.0002587565789797418,0.00024107192072109746,0.00024107192072109746,798.2273099941933
1778321700,0.00024107192072109746,0.0003519171796704239,0.0002400515302990207,0.0003326278560466421,10908.20167678802
1778322600,0.0003326278560466421,0.000380964744878155,0.000315856511263363,0.0003347996084061058,21206.346428634854
1778323500,0.0003347996084061058,0.0004776387726804977,0.00033068683904357096,0.0004519660887339441,12392.84678139932
1778324400,0.0004519660887339441,0.0005244627536239085,0.000343300332841095,0.0004029404091595698,48319.429292715984
1778325300,0.0004029404091595698,0.00043187402497635785,0.00035318184607157786,0.0004185802727676403,14843.365955458594
1778326200,0.0004185802727676403,0.0004489257375842467,0.00035657652919453265,0.0003825457912072937,10978.38198825093
1778327100,0.0003825457912072937,0.00038339027230116605,0.0003489025869475057,0.0003606175089360813,3112.303316037586
1778328000,0.0003606175089360813,0.0003758297430555567,0.0003518175303381719,0.0003758297430555567,1348.5314628467781
1778328900,0.0003758297430555567,0.00039752949162858743,0.00036912417190186896,0.00039403862020680945,3031.5188002661494
1778329800,0.00039403862020680945,0.00046823484952750194,0.0003778672228107746,0.00038983859880779473,12991.999514413037
1778330700,0.00038983859880779473,0.0003961584821251911,0.00038687949143362835,0.00038687949143362835,604.5089656510486
1778331600,0.00038687949143362835,0.0003911983145140486,0.0003783474820576442,0.0003783474820576442,528.5333503100543
1778332500,0.0003783474820576442,0.0003783474820576442,0.000368902125305991,0.00037279416616351407,252.64849732261723
1778333400,0.00037279416616351407,0.00037279416616351407,0.0003637823330531706,0.0003637823330531706,157.2703776413104
1778334300,0.0003637823330531706,0.0003814064205339591,0.0003637823330531706,0.0003759667631848123,723.4028337839289
1778335200,0.0003759667631848123,0.00038039601552104335,0.00037544943966137667,0.00037544943966137667,14.053218586180066
1778336100,0.00037544943966137667,0.0005706203182684419,0.00037544943966137667,0.000494143072721936,12986.550127474751
1778337000,0.000494143072721936,0.0005553865292097326,0.0004368906494983359,0.0004368906494983359,16464.595615080387
1778337900,0.0004368906494983359,0.00047840325432249304,0.00042960673263692196,0.0004534056466526578,5080.739934176562
1778338800,0.0004534056466526578,0.0004534056466526578,0.0004098168264401235,0.00042308038476701604,3447.65146293058
1778339700,0.00042308038476701604,0.00042308038476701604,0.0003748599644066478,0.0003796453850950624,4086.8228354877356
1778340600,0.0003796453850950624,0.0004376243416535857,0.00037488752938003624,0.0003974608477961301,5034.483850903959
1778341500,0.0003974608477961301,0.0003974608477961301,0.00035678350926020074,0.0003661433573277432,2696.6486515910606
1778342400,0.0003661433573277432,0.0003707126018786479,0.0003491636027263736,0.00036801858104363396,1901.270553950548
1778343300,0.00036801858104363396,0.0003725885614419599,0.0003616626797304063,0.0003616626797304063,620.4598251297921
1778344200,0.0003616626797304063,0.0004011897847860697,0.0003616626797304063,0.0004011897847860697,4690.045029445361
1778345100,0.0004011897847860697,0.0004028254664782764,0.0003627591577611848,0.00036758184065795174,2013.2245759357497
1778346000,0.00036758184065795174,0.00036758184065795174,0.000319155253198994,0.0003204085807633493,5970.727625651127
1778346900,0.0003204085807633493,0.00033973593884676425,0.0003057709964379597,0.00033775431980430235,3522.484275702954
1778347800,0.00033775431980430235,0.0003429813777360485,0.00031879348818479684,0.00032271470652609575,1146.2580900574624
1778348700,0.00032271470652609575,0.00032577065532412647,0.00029251992739614093,0.0003052702225246653,3646.913444108027
1778349600,0.0003052702225246653,0.0003336573452279278,0.0002758991632869664,0.00030227549011185525,8131.470025124847
1778350500,0.00030227549011185525,0.00030227549011185525,0.0002635266524050113,0.0002827821566963755,5037.681907590903
1778351400,0.0002827821566963755,0.00029850065713863815,0.00028042248097751883,0.00029290922805037036,1367.5959179406625
1778352300,0.00029290922805037036,0.00029290922805037036,0.00028541628998236156,0.00029220626929286566,919.0548896343302
1778353200,0.00029220626929286566,0.00031700870352697265,0.0002902253246416323,0.00030588775560827096,3217.851484005054
1778354100,0.00030588775560827096,0.00030588775560827096,0.00026659845700533407,0.000284800871147146,4674.626965420921
1778355000,0.000284800871147146,0.00029996762697035643,0.00027420600315803686,0.0002985279373822138,3569.8387738550077
1778355900,0.0002985279373822138,0.0002985279373822138,0.0002690299218377437,0.0002725365938806865,1643.2392067188694
1778356800,0.0002725365938806865,0.0003143909181789246,0.0002725365938806865,0.00030528353814699354,3919.6297810921096
1778357700,0.00030528353814699354,0.0003229412327808539,0.00029248326108043593,0.00031395983996071247,3318.18521036291
1778358600,0.00031395983996071247,0.000322567965579744,0.00029551855610397064,0.00029567267742420275,2334.9928184523224
1778359500,0.00029567267742420275,0.0003288462189495918,0.00029106269050829396,0.0003184497546716027,2059.3853901476705
1778360400,0.0003184497546716027,0.00032618689615999486,0.00031121121493468,0.00031480129664033726,799.8400778691051
1778361300,0.00031480129664033726,0.00031484380923093593,0.00030046261178448075,0.00030474654075454346,529.3333937895258
1778362200,0.00030474654075454346,0.00030954035673879586,0.0003026992662204683,0.00030954035673879586,219.89638782392402
1778363100,0.00030954035673879586,0.0003169546361884399,0.00030524265386113137,0.00031695415735146117,732.3828100988288
1778364000,0.00031695415735146117,0.00031786375178376235,0.00031075904621936826,0.00031786375178376235,393.55662459751
1778364900,0.00031786375178376235,0.00031786375178376235,0.00030331828019985823,0.0003070538836298402,596.7712215283592
1778365800,0.0003070538836298402,0.00032686979845558835,0.0003065746002248567,0.00032280080591806377,1022.5109855089747
1778366700,0.00032280080591806377,0.0003735763860350272,0.00032280080591806377,0.00035718387881721004,3590.089342164206
1778367600,0.00035718387881721004,0.00035718387881721004,0.00034024870277778326,0.0003421975554190698,1349.3552448313558
1778368500,0.0003421975554190698,0.0003421975554190698,0.00032206791726772645,0.000323953086552397,925.2368910772323
1778369400,0.000323953086552397,0.0003263514674855258,0.00031995893847321425,0.0003263514674855258,149.60504641877313
1778370300,0.0003263514674855258,0.00032707231799295724,0.0003189344183750486,0.00032382658241403246,365.5202209555209
1778371200,0.00032382658241403246,0.00032382658241403246,0.00030545552821084474,0.0003074457388837708,1269.6714172629536
1778372100,0.0003074457388837708,0.0003074457388837708,0.0003045386690672073,0.0003045386690672073,131.50966901791566
1778373000,0.0003045386690672073,0.00031423372542390316,0.0003045386690672073,0.0003131453904689906,463.3030499044219
1778373900,0.0003131453904689906,0.0003423784752721327,0.00031223176450138505,0.00033747750166721247,1381.388872159683
1778374800,0.00033747750166721247,0.0003417246648811719,0.00032933145184341726,0.00032933145184341726,586.6199799472247
1778375700,0.00032933145184341726,0.00033972088380074576,0.00032933145184341726,0.0003384777005722667,495.273670834866
1778376600,0.0003384777005722667,0.0003629285764906192,0.0003384777005722667,0.0003568606903053814,1430.5760836729162
1778377500,0.0003568606903053814,0.00036409028549828595,0.0003520102340185591,0.0003612313091082571,448.0083029247491
1778378400,0.0003612313091082571,0.0003723228532177747,0.0003612313091082571,0.0003663829220634355,1166.51599453587
1778379300,0.0003663829220634355,0.0003663829220634355,0.00035269402087084175,0.00035634486835216706,433.23151742607354
1778380200,0.00035634486835216706,0.0003566018928880903,0.00034853239395657833,0.00034853239395657833,306.4985435909785
1778381100,0.00034853239395657833,0.00034853239395657833,0.0003467977666992395,0.0003467977666992395,79.31761591126627
1778382000,0.0003467977666992395,0.00034749679832896536,0.0003467977666992395,0.00034744577555724326,4.07928116215753
1778382900,0.00034744577555724326,0.00035268702259636046,0.0003325564798916556,0.000339656123888423,1065.1924640817415
1778383800,0.000339656123888423,0.0003414468703457025,0.00033294631242612407,0.0003342642685343176,668.4810716705176
1778384700,0.0003342642685343176,0.0003342642685343176,0.0003156761158130737,0.0003231939581006882,1449.507096420021
1778385600,0.0003231939581006882,0.00032703238985895154,0.0003189780818047461,0.0003189780818047461,183.00280543762003
1778386500,0.0003189780818047461,0.0003227529925279108,0.00031318707996898557,0.0003139781441331429,548.4654437866905
1778387400,0.0003139781441331429,0.0003178311135000345,0.0003139781441331429,0.0003178311135000345,56.87691077203792
1778388300,0.0003178311135000345,0.0003209971817280347,0.00031337513446907337,0.0003207360639660142,467.2548141190903
1778389200,0.0003207360639660142,0.0003215296017582019,0.0003130788748825176,0.0003130788748825176,554.392981251371
1778390100,0.0003130788748825176,0.00031981503783590936,0.00027541687452082317,0.00029145672161445406,6595.604569405598
1778391000,0.00029145672161445406,0.0003025389214736512,0.00029145672161445406,0.0003018377695619778,623.8291280938979
1778391900,0.0003018377695619778,0.0003053598766480662,0.0002996230728200523,0.0002996230728200523,127.5358466052446
1778392800,0.0002996230728200523,0.0002996844327001991,0.0002902050291957416,0.00029410283057418937,603.2405386780777
1778393700,0.00029410283057418937,0.00030982419126963896,0.000284702128217689,0.00030982419126963896,1767.786860056621
1778394600,0.00030982419126963896,0.000313930307321979,0.0003018784718848056,0.00031320629231360606,1088.0949161583455
1778395500,0.00031320629231360606,0.0003189740602006947,0.0003078341365767348,0.0003189740602006947,804.0109793919287
1778396400,0.0003189740602006947,0.0003207344415657675,0.0002880416795848911,0.0002902409985912903,1661.1526903114602
1778397300,0.0002902409985912903,0.00029028307261388464,0.0002817965129605991,0.0002817965129605991,380.45131326841505
1778398200,0.0002817965129605991,0.0002860079996275818,0.000278606025613851,0.0002860079996275818,333.1186755413878
1778399100,0.0002860079996275818,0.0003371675503293209,0.0002830679732069358,0.00033456178592915583,3479.2330467713755
1778400000,0.00033456178592915583,0.00033456178592915583,0.00027065008119904287,0.0002944215074198,6011.832200943455
1778400900,0.0002944215074198,0.0003139497159547561,0.00028895395482314324,0.000300142582546557,2883.8515205691047
1778401800,0.000300142582546557,0.00030351188243343564,0.00029813260047104056,0.00030224369694504974,90.72869465078561
1778402700,0.00030224369694504974,0.00030508314733598206,0.0002975946645611769,0.000304951059933773,528.8928931508469
1778403600,0.000304951059933773,0.00031108216046756216,0.00030048474719077817,0.00030048474719077817,405.623769204236
1778404500,0.00030048474719077817,0.00030287105368177487,0.00029715902014143856,0.00029715902014143856,193.1616736037632
1778405400,0.00029715902014143856,0.00029715902014143856,0.0002884474000634186,0.00029602756384595433,793.8986268666788
1778406300,0.00029602756384595433,0.00029832236047479764,0.0002854870683079356,0.00028892082348905203,743.7339133449309
1778407200,0.00028892082348905203,0.00029830951654641016,0.00028403608880722204,0.00029322272936974076,949.4970931198507
1778408100,0.00029322272936974076,0.00029322272936974076,0.00027642112836522194,0.0002812453867056456,1195.8753108896424
1778409000,0.0002812453867056456,0.00028303154058094513,0.000276452430036917,0.0002803743552159281,840.821466494037
1778409900,0.0002803743552159281,0.00028697545611185664,0.0002796410788460521,0.00028309806346300993,326.7931974355696
1778410800,0.00028309806346300993,0.00029523993338120244,0.00028309806346300993,0.00029523993338120244,560.6715504330289
1778411700,0.00029523993338120244,0.00029523993338120244,0.0002901539869690915,0.0002901539869690915,128.7310775141119
1778412600,0.0002901539869690915,0.0002932438874559558,0.00028468613079548586,0.00028883528336943836,383.7107201543996
1778413500,0.00028883528336943836,0.00028883528336943836,0.0002848943816442228,0.0002849534335525175,26.910751250095146
1778414400,0.0002849534335525175,0.00029306667075954,0.0002747681434673117,0.0002747681434673117,1205.401891470835
1778415300,0.0002747681434673117,0.0002749620793354427,0.00026727924721856776,0.0002712537115925256,226.88052733750627
1778416200,0.0002712537115925256,0.0002727508721711429,0.00026807083177299377,0.00026874565075610127,220.510711498311
1778417100,0.00026874565075610127,0.0002916509950250097,0.0002677898950179338,0.0002916509950250097,1058.6143130751414
1778418000,0.0002916509950250097,0.0002916509950250097,0.0002839994141433383,0.00028411939114305034,201.0324388943417
1778418900,0.00028411939114305034,0.0003051405102811318,0.00025804197214632224,0.000262775076345429,6404.321802256615
1778419800,0.000262775076345429,0.0002748030379338684,0.00026241085562320437,0.0002653598536498609,1663.1231072230678
1778420700,0.0002653598536498609,0.0002727758724894159,0.0002530587167700566,0.0002664098075832383,3112.771571727458
1778421600,0.0002664098075832383,0.0002664098075832383,0.00025817755770120814,0.00026105535676319836,308.5082374676294
1778422500,0.00026105535676319836,0.0002621742126049535,0.00025716761115622853,0.00026092385211881847,301.08650003450794
1778423400,0.00026092385211881847,0.00026092385211881847,0.00024619860973787785,0.0002539027496865743,1604.0197540794059
1778424300,0.0002539027496865743,0.00027086121374083466,0.0002489644650789634,0.0002700969480375861,1478.7130520163162
1778425200,0.0002700969480375861,0.00027797901419417755,0.0002669034344332694,0.0002753898653234679,1112.785255279089
1778426100,0.0002753898653234679,0.00028331083097414843,0.00027453077258825036,0.00028174583625374666,864.6528078809451
1778427000,0.00028174583625374666,0.0003096295141828001,0.00028174583625374666,0.00028555918956864296,3279.554286382583
1778427900,0.00028555918956864296,0.00028555918956864296,0.00027858575477747487,0.00027858575477747487,334.1613336361114
1778428800,0.00027858575477747487,0.0002839913898414063,0.0002768109359241755,0.0002839913898414063,385.2002972565784
1778429700,0.0002839913898414063,0.0002839913898414063,0.00025870885289027725,0.0002693999585772408,2394.5320449253577
1778430600,0.0002693999585772408,0.0002771536204044435,0.0002691205557833392,0.0002771536204044435,470.28417761706623
1778431500,0.0002771536204044435,0.00028727242545273384,0.0002671588486788314,0.00028727242545273384,1362.6342906115037
1778432400,0.00028727242545273384,0.00028925684027363875,0.0002857162775389773,0.0002857162775389773,155.7512605774798
1778433300,0.0002857162775389773,0.0002905250173168036,0.0002647014285615837,0.0002647014285615837,1808.5723226722253
1778434200,0.0002647014285615837,0.00027737421615464344,0.0002504881018956024,0.00025062781787770817,1921.5615625926077
1778435100,0.00025062781787770817,0.00025371732516348076,0.00024537073395600363,0.00025371732516348076,508.92504073008024
1778436000,0.00025371732516348076,0.00026789837522927975,0.00025083651661759066,0.0002617627360803721,904.6599809480879
1778436900,0.0002617627360803721,0.0003363945717928409,0.0002617627360803721,0.0003288204574480517,8007.275322682806
1778437800,0.0003288204574480517,0.00035717679163050606,0.0002952359758042203,0.0003430538080472828,10324.771806759867
1778438700,0.0003430538080472828,0.00036767448408424786,0.00034284991045022915,0.00034782736466076826,2533.865521133329
1778439600,0.00034782736466076826,0.0003557961315691904,0.0003390124987289955,0.0003557961315691904,1561.2261201682277
1778440500,0.0003557961315691904,0.0003557961315691904,0.00033293540402751264,0.00033841829822754346,1006.9474212290831
1778441400,0.00033841829822754346,0.0003857609291614407,0.00033750582142465967,0.00037144074966320424,3450.083114354823
1778442300,0.00037144074966320424,0.00037144074966320424,0.00035092226429842525,0.00035092226429842525,1244.701019172704
1778443200,0.00035092226429842525,0.0003556958286963497,0.000348474481098812,0.00035185244044777574,688.5275503333409
1778444100,0.00035185244044777574,0.00036906277592327314,0.00035185244044777574,0.00036634861431968004,1428.1344341033027
1778445000,0.00036634861431968004,0.00036634861431968004,0.0003545027148245896,0.00035868903848795456,655.7064668591494
1778445900,0.00035868903848795456,0.00035868903848795456,0.00035108339464057583,0.0003547351228602208,205.89537382606653
1778446800,0.0003547351228602208,0.0003547351228602208,0.00034782215777968305,0.0003518995249330787,215.79723371712723
1778447700,0.0003518995249330787,0.00037177655839513724,0.0003518995249330787,0.00036746717342465415,832.8769425327563
1778448600,0.00036746717342465415,0.0003735713556318869,0.00034852142336963613,0.00034852142336963613,1470.6738256572742
1778449500,0.00034852142336963613,0.00034864118501601646,0.0003422808313659777,0.0003422808313659777,148.6048092942573
1778450400,0.0003422808313659777,0.0003490045996664044,0.0003422808313659777,0.0003490045996664044,110.86952911360841
1778451300,0.0003490045996664044,0.0003490045996664044,0.00031999479712705516,0.00032281240323503945,1760.614269401685
1778452200,0.00032281240323503945,0.00044251007720312103,0.0003183334335953165,0.00041969848538112503,12284.330089508483
1778453100,0.00041969848538112503,0.0004298995342224035,0.0003649783737931426,0.0003683671721481229,4849.750337885687
1778454000,0.0003683671721481229,0.00044082431094331686,0.0003683671721481229,0.00042516275572433877,6359.203927087715
1778454900,0.00042516275572433877,0.0004285404386282366,0.00039267483196903005,0.00039273905806936656,1901.028972984285
1778455800,0.00039273905806936656,0.0003933390545353437,0.0003458496635185884,0.0003617184937906025,6597.101552998878
1778456700,0.0003617184937906025,0.00038278011571502273,0.00035640527245482597,0.00038077755168934563,1243.2122643649793
1778457600,0.00038077755168934563,0.00038077755168934563,0.0003693742904846389,0.0003693742904846389,562.6128571894948
1778458500,0.0003693742904846389,0.0003834172400551285,0.0003668863598284506,0.0003832843675728221,1639.7565236406203
1778459400,0.0003832843675728221,0.0003832843675728221,0.00037900303191454966,0.00037900303191454966,24.724590497981243
1778460300,0.00037900303191454966,0.00038421681906083846,0.0003406015891018879,0.0003582372977485798,3457.267118829121
1778461200,0.0003582372977485798,0.0003631762354825625,0.00035315468089767857,0.000360645357730536,761.6718932903949
1778462100,0.000360645357730536,0.00036964324526968413,0.000360645357730536,0.00036964324526968413,207.81523971596155
1778463000,0.00036964324526968413,0.00036964324526968413,0.00035380421198139385,0.00035421349211335655,858.239523789534
1778463900,0.00035421349211335655,0.0003552530762029542,0.0003333581608333175,0.0003389932827496216,1686.027376279077
1778464800,0.0003389932827496216,0.000344912695538954,0.00033772430034135906,0.00033772430034135906,423.95437560992394
1778465700,0.00033772430034135906,0.000342397171110852,0.00033772430034135906,0.000342397171110852,99.07097221592711
1778466600,0.000342397171110852,0.0003434363937644345,0.00030137885318048426,0.00032349369734078055,3619.6920799778463
1778467500,0.00032349369734078055,0.0003259826299763722,0.0003196701380510623,0.0003216420886248187,564.360292018019
1778468400,0.0003216420886248187,0.0003306038426096322,0.0003216420886248187,0.0003306038426096322,368.833143685375
1778469300,0.0003306038426096322,0.0003329505557681743,0.0003252258702636569,0.0003311745787271937,383.39625185562727
1778470200,0.0003311745787271937,0.0003350671942659894,0.00032700729820845536,0.00032700729820845536,195.6510996899319
1778471100,0.00032700729820845536,0.0003293716994498362,0.00031943023084393386,0.0003236183376221529,347.01318744687177
1778472000,0.0003236183376221529,0.0003236183376221529,0.00031708321652637817,0.00032152867583874355,75.62335817541258
1778472900,0.00032152867583874355,0.00032152867583874355,0.0003128373386731243,0.0003128373386731243,454.42007842306396
1778473800,0.0003128373386731243,0.00032077671019013694,0.0003128373386731243,0.00031576491069958243,482.7444588294338
1778474700,0.00031576491069958243,0.0003422633997550517,0.00031367653675035525,0.0003422633997550517,1305.4106977537642
1778475600,0.0003422633997550517,0.0003536448243185455,0.0003422633997550517,0.00034786549193139334,1825.7746657244743
1778476500,0.00034786549193139334,0.000352740500101444,0.00034786549193139334,0.000352740500101444,18.683769171731033
1778477400,0.000352740500101444,0.00036586108747414234,0.00035208072393215983,0.0003585073435557879,1759.88522461021
1778478300,0.0003585073435557879,0.0003631598956599284,0.00035805074070073957,0.0003586450062813245,117.160503985748
1778479200,0.0003586450062813245,0.0003950406906599414,0.0003578355194389863,0.0003950406906599414,1941.796419291676
1778480100,0.0003950406906599414,0.0003950406906599414,0.0003765014472157991,0.0003765014472157991,634.4340149980019
1778481000,0.0003765014472157991,0.00038176651913519584,0.0003765014472157991,0.0003807050797174418,59.92045640506585
1778481900,0.0003807050797174418,0.0003807050797174418,0.0003726975721006585,0.0003748170303725744,171.66046646473248
1778482800,0.0003748170303725744,0.0003845270415100384,0.00028622665873457106,0.00032441397768363523,25177.476102644927
1778483700,0.00032441397768363523,0.00034571476089042765,0.0003117287175028771,0.00033021142900998586,4315.183247716874
1778484600,0.00033021142900998586,0.00033713034948573456,0.0003209203626651366,0.0003209203626651366,1231.9105400820567
1778485500,0.0003209203626651366,0.0003419099126918349,0.0003209203626651366,0.000335388034204009,1288.82935737803
1778486400,0.000335388034204009,0.0003375534484543695,0.0003054873283208804,0.00032949426939023386,3696.6544148612957
1778487300,0.00032949426939023386,0.0003412675705822068,0.00032949426939023386,0.00033814655679282127,820.5010550490284
1778488200,0.00033814655679282127,0.00033814655679282127,0.0003269178555492337,0.00033125414299879267,681.802117042456
1778489100,0.00033125414299879267,0.0003324936029340846,0.00032721340134066803,0.00032721340134066803,99.97221978236576
1778490000,0.00032721340134066803,0.00033409285849257735,0.00032650623761825115,0.00032717627462990046,515.5985870194578
1778490900,0.00032717627462990046,0.0003410820563972431,0.0003265285610372039,0.0003410820563972431,786.3858922840026
1778491800,0.0003410820563972431,0.00034929958810795574,0.00034103214293190244,0.00034103214293190244,350.6478895281463
1778492700,0.00034103214293190244,0.0003867725815133881,0.0003397938201807119,0.0003743276588312455,5256.661145923975
1778493600,0.0003743276588312455,0.00037956635877563693,0.00034287369494095113,0.0003506494350345788,1797.844662279498
1778494500,0.0003506494350345788,0.0003506494350345788,0.00032469711380756487,0.00033700253469441134,1695.7301821163203
1778495400,0.00033700253469441134,0.0003445378104540371,0.00033700253469441134,0.0003445378104540371,374.8017198147835
1778496300,0.0003445378104540371,0.0003445378104540371,0.0003122844777899131,0.00033293955338398477,3745.0656235423803
1778497200,0.00033293955338398477,0.00033293955338398477,0.0002793709137632532,0.0003097772683650869,5705.466886606414
1778498100,0.0003097772683650869,0.0003146411135078226,0.0002959990979972296,0.0002959990979972296,1416.465628041337
1778499000,0.0002959990979972296,0.00032172176329912813,0.0002959990979972296,0.0003185460900007178,3949.2281902588284
1778499900,0.0003185460900007178,0.00032257400416314737,0.00030551975352222663,0.0003101501791589,964.0800054796977
1778500800,0.0003101501791589,0.0005405984596959331,0.0003101501791589,0.00047250559206360747,47900.51524820765
1778501700,0.00047250559206360747,0.0006082873369055635,0.00044102138398431666,0.0005029869123308948,37487.52110062561
1778502600,0.0005029869123308948,0.0005087181582072507,0.00044785318192615915,0.00046786570636111276,10559.733632974807
1778503500,0.00046786570636111276,0.00047989436890569134,0.0004237012058159322,0.00044725287626266267,4758.974633363782
1778504400,0.00044725287626266267,0.0005175210756539925,0.0004413522260718606,0.0005029841571009021,10203.121219629866
1778505300,0.0005029841571009021,0.0005029841571009021,0.0004279691952625934,0.000440862706020819,4878.227169826683
1778506200,0.000440862706020819,0.00044571875204929096,0.0004268358598768538,0.00044571875204929096,1290.8780613053852
1778507100,0.00044571875204929096,0.0004526891238555788,0.000399487249606071,0.0004193905320822253,3575.4784207033695
1778508000,0.0004193905320822253,0.0005022474036211232,0.00041396669530260443,0.0004912847710979703,6216.058558995967
1778508900,0.0004912847710979703,0.0005428322912390442,0.0004607950462311149,0.000521742509763166,14707.623013087557
1778509800,0.000521742509763166,0.0005549613874380735,0.0005080567076371028,0.0005111748901177673,6560.291349505305
1778510700,0.0005111748901177673,0.000524365415231,0.00047704244700573267,0.000524365415231,3220.366024395679
1778511600,0.000524365415231,0.0005462426735201845,0.0005060859488334251,0.000536379878372309,2433.444375683717
1778512500,0.000536379878372309,0.0006351633674651671,0.0005075522539034044,0.000622509592270445,8179.408064425775
1778513400,0.000622509592270445,0.0006231576105077492,0.000520938531507798,0.0005712477448276453,7171.073532215842
1778514300,0.0005712477448276453,0.0005712477448276453,0.0005282762426085293,0.0005333278701877271,2991.7617909322403
1778515200,0.0005333278701877271,0.0005333278701877271,0.0004954185856854601,0.0005036107446611,2263.2565089096165
1778516100,0.0005036107446611,0.0005036107446611,0.00044363806542351973,0.00046617468852147874,6521.2919543857715
1778517000,0.00046617468852147874,0.0004989290209905438,0.00046617468852147874,0.0004820453068122522,2392.0984779101873
1778517900,0.0004604299561213007,0.000514202148436899,0.00042226736884457737,0.0004604299561213007,7337.97170426152
1778518800,0.0004604299561213007,0.00046140848764973473,0.0004232999311451919,0.0004232999311451919,3167.554185685203
1778519700,0.0004232999311451919,0.00044961620603562515,0.0004153975289657882,0.00042154550998095856,3040.3032140087694
1778520600,0.00042154550998095856,0.00045383196787510263,0.0003662361536862803,0.0004403771293564202,16755.07988863475
1778521500,0.0004403771293564202,0.00044874911888285036,0.00041312167822458225,0.00041312167822458225,2786.332793903143
1778522400,0.00041312167822458225,0.00042740809674425524,0.00041310628738213735,0.0004255559641146662,886.1082412241893
1778523300,0.0004255559641146662,0.0004555265683316964,0.0004255559641146662,0.000450335145446414,1884.5394554957352
1778524200,0.000450335145446414,0.0004645257525457191,0.000448962055018697,0.0004511220454337652,1065.831826745914
1778525100,0.0004511220454337652,0.00047025072132953914,0.00044301280257857186,0.00044301280257857186,1749.0138798329328
1778526000,0.00044301280257857186,0.00044650462894032844,0.0004089925639454826,0.000415160572642698,2960.8936225595044
1778526900,0.000415160572642698,0.0004196728396984463,0.0003971877345870515,0.00041658750324112434,2194.6425082747915
1778527800,0.00041658750324112434,0.00044634901213811594,0.0004158444901929746,0.0004410017934625063,2121.940203048157
1778528700,0.0004410017934625063,0.0004410017934625063,0.00039954961416262404,0.0004395962378994564,2803.2526607205377
1778529600,0.0004395962378994564,0.0004427307381801941,0.00042488907658269143,0.0004285805666473166,710.0083172130469
1778530500,0.0004285805666473166,0.00047317316965901835,0.0004197816468712393,0.0004589211261898591,3096.4821246944944
1778531400,0.0004589211261898591,0.0004589211261898591,0.0004396667400165369,0.0004510284245950138,1876.7949205412156
1778532300,0.0004510284245950138,0.0004510284245950138,0.00043422873552190433,0.00043865909777290033,497.6204593618908
1778533200,0.00043865909777290033,0.00043865909777290033,0.0003277423515614845,0.0003489153125763005,12579.510816330185
1778534100,0.0003489153125763005,0.0003598612998113088,0.00030890428231348307,0.00032820912665753216,18445.18857059083
1778535000,0.00032820912665753216,0.0003467947891031407,0.0003236827532492262,0.0003390985647970556,2592.2463362205494
1778535900,0.0003390985647970556,0.00036183353753740255,0.0003352443377497271,0.0003472782362325472,1667.704444570651
1778536800,0.0003472782362325472,0.0003921267864077725,0.0003195643122696401,0.000354236864598689,9896.884509505822
1778537700,0.000354236864598689,0.0003586066610576941,0.0003530728228366984,0.0003548984824121829,264.67935780391224
1778538600,0.0003548984824121829,0.0003706119932949559,0.0002896188852261343,0.0003398162593066705,9101.435756398241
1778539500,0.0003398162593066705,0.0003401045260500243,0.0003119134075394381,0.0003157926523546877,2124.0838973332666
1778540400,0.0003157926523546877,0.0003345297805581109,0.0003135694382173426,0.0003337264298657437,3212.9660979741993
1778541300,0.0003337264298657437,0.00033381009578331913,0.00032407413462719284,0.0003241223557923793,568.8170812888271
1778542200,0.0003241223557923793,0.0003244090528202698,0.00030775210596383764,0.0003244090528202698,1879.0924957787574
1778543100,0.0003244090528202698,0.000347037239675709,0.0003244090528202698,0.0003407959828166411,2167.5591707268277
1778544000,0.0003407959828166411,0.00034378043437772315,0.0003345717743274092,0.0003345717743274092,370.3380002602052
1778544900,0.0003345717743274092,0.0003381392603788286,0.00031715196289631043,0.0003290591211524126,2664.048094045127
1778545800,0.0003290591211524126,0.0003318036766565556,0.0003167282314600579,0.0003201721526448695,2142.479917008029
1778546700,0.0003201721526448695,0.0003397029969028198,0.0003201721526448695,0.0003276449666750519,1895.9636459831881
1778547600,0.0003276449666750519,0.0003276449666750519,0.0002961522506787098,0.00031410469127821306,3689.17994322276
1778548500,0.00031410469127821306,0.0003294027326182372,0.0003050619269273028,0.0003294027326182372,1525.6563266478338
1778549400,0.0003294027326182372,0.0003294027326182372,0.0002986749240032461,0.0003023005892605205,1280.4015071805288
1778550300,0.0003023005892605205,0.0003193667148014061,0.00029951155340057664,0.0003193667148014061,1183.3922017940154
1778551200,0.0003193667148014061,0.0003216503949272836,0.0002771721175283692,0.0002920010230354723,4743.5253069084365
1778552100,0.0002920010230354723,0.0002979535499430084,0.00028991837649945885,0.00028991837649945885,511.3095723452245
1778553000,0.00028991837649945885,0.00029694485551280415,0.00026801279126391364,0.0002940823271643935,4122.219524392653
1778553900,0.0002940823271643935,0.00029433716113771817,0.0002736553319682141,0.00029433716113771817,2142.618358563125
1778554800,0.00029433716113771817,0.0003215559761247586,0.000280457668387781,0.00032110092725615044,4785.207214027345
1778555700,0.00032110092725615044,0.00034161635504093837,0.00031769094882520496,0.000337352673734501,4206.255800876161
1778556600,0.000337352673734501,0.000337352673734501,0.0003166108833417494,0.0003266702359538502,1186.4121826236621
1778557500,0.0003266702359538502,0.00032690551798932125,0.0003170828335937655,0.00032011135999662055,426.62549294848037
1778558400,0.00032011135999662055,0.00032921235018274414,0.0003099895443666245,0.0003164739133847016,1595.907724171569
1778559300,0.0003164739133847016,0.00038099607204135024,0.0003164739133847016,0.0003424185973990537,10173.456072715268
1778560200,0.0003424185973990537,0.0003424185973990537,0.0003183754346225329,0.00032655323734825194,3147.85653173848
1778561100,0.00032655323734825194,0.00032685299467577966,0.00032074183354510754,0.00032074183354510754,149.52345513069386
1778562000,0.00032074183354510754,0.00032074183354510754,0.000311521549073218,0.00031702780611871464,581.3229680912187
1778562900,0.00031702780611871464,0.00031849760627097846,0.00031407749773935934,0.00031849760627097846,14.458949235322974
1778563800,0.00031849760627097846,0.0003220247495878722,0.00031257741041332987,0.0003176593587199812,941.853843083782
1778564700,0.0003176593587199812,0.0003479795959917807,0.00031670821425703607,0.0003469263817108808,1689.2011258569705
1778565600,0.0003469263817108808,0.00036948606985682424,0.0003469263817108808,0.0003599148853760628,1785.8452318297714
1778566500,0.0003599148853760628,0.0003743101180924502,0.00035744248559795976,0.00036994365391610125,1579.5447386950616
1778567400,0.00036994365391610125,0.00036994365391610125,0.000341209681668177,0.000346735822698295,1175.1030453952633
1778568300,0.000346735822698295,0.000346735822698295,0.0003184705243377561,0.00033501737759568265,2124.371130155705
1778569200,0.00033501737759568265,0.00033501737759568265,0.0003219876616978326,0.0003219876616978326,659.6187162222574
1778570100,0.0003219876616978326,0.00032326234186361977,0.00026638401668130655,0.000303335019040316,7771.13964446469
1778571000,0.000303335019040316,0.00030657930243114905,0.0002770899428150824,0.00029955572050890635,5294.540595041827
1778571900,0.00029955572050890635,0.00030111295825878957,0.00028050723449018057,0.00030111295825878957,2365.9553984641084
1778572800,0.00030111295825878957,0.00030423691834484336,0.0002919848114757237,0.00029582542258949047,641.34483422802
1778573700,0.00029582542258949047,0.00029582542258949047,0.0002764224037369658,0.00029411968685276,2499.9786830845205
1778574600,0.00029411968685276,0.00029938904350061143,0.000290525112656377,0.0002991960158385417,241.8511805811676
1778575500,0.0002991960158385417,0.0003046638988855937,0.00029293730783395625,0.0003046638988855937,650.1225155955492
1778576400,0.0003046638988855937,0.00031203848818496906,0.0002975991166673492,0.0003054644295299638,1464.4607900796336
1778577300,0.0003054644295299638,0.0003059736854865917,0.0002769262194756031,0.00028065197932721327,2757.7965844134264
1778578200,0.00028065197932721327,0.00028604168315251796,0.000275661932891464,0.0002811131832261196,986.0878870856061
1778579100,0.0002811131832261196,0.00028604773900722547,0.00028094329018140427,0.00028094329018140427,375.33336344805485
1778580000,0.00028094329018140427,0.0002842489429434184,0.00028024305565397736,0.00028362952711201916,154.09529230437042
1778580900,0.00028362952711201916,0.00031502717893564967,0.0002741243108652373,0.0003059156080387207,3887.576807400869
1778581800,0.0003059156080387207,0.0003143572229959924,0.0002910754431965782,0.0003029484073785374,3395.770156387366
1778582700,0.0003029484073785374,0.0003063059783019084,0.00029678180392345523,0.00029678180392345523,336.46287303374396
1778583600,0.00029678180392345523,0.00029758092242789994,0.0002897898683732161,0.00029642099912350137,662.1866634215932
1778584500,0.00029642099912350137,0.00029642099912350137,0.000282356439291475,0.0002826354442602749,2227.2453017644693
1778585400,0.0002826354442602749,0.00028568709224744055,0.0002549751219955672,0.0002772342337370844,4872.776260766662
1778586300,0.0002772342337370844,0.0002784099136466658,0.00025905162384348045,0.0002704181349868597,1591.6017266880338
1778587200,0.0002704181349868597,0.0002895047721273741,0.00026942034449749285,0.0002749118654820623,1822.2755096200915
1778588100,0.0002749118654820623,0.000276331166060089,0.00027053509630255596,0.000276331166060089,539.7331719486924
1778589000,0.000276331166060089,0.0003049363313047101,0.0002749370843191232,0.00029997115844687206,2381.367224405561
1778589900,0.00029997115844687206,0.0003309312648078615,0.0002881282869241983,0.0003007353508766486,5531.8612513182925
1778590800,0.0003007353508766486,0.0003007353508766486,0.00024777734629221346,0.00025639797843894814,5207.586494924128
1778591700,0.00025639797843894814,0.00026557238919172474,0.00022743136822424555,0.000245906620557519,17435.611741693898
1778592600,0.000245906620557519,0.0002508109511681813,0.0002349120365397383,0.00023796471672336532,2436.632038558851
1778593500,0.00023796471672336532,0.0002415060663361108,0.00023171618897926347,0.0002415060663361108,1387.118692869373
1778594400,0.0002415060663361108,0.0002415060663361108,0.0001740194957676447,0.0002183767109362443,20188.557618111307
1778595300,0.0002183767109362443,0.00027802663360189443,0.00021265300913797582,0.0002462420873974773,15282.931692353406
1778596200,0.0002462420873974773,0.0002462420873974773,0.00021272232439043857,0.00022290380420158495,8157.064130027344
1778597100,0.00022290380420158495,0.00023695982670821292,0.0002187046584372576,0.00022166903571536865,1778.265424811153
1778598000,0.00022166903571536865,0.0002292877834944527,0.00020377785799947928,0.0002180712710439067,6537.463860298583
1778598900,0.0002180712710439067,0.0002334854298408041,0.00021221921081140385,0.00021221921081140385,2599.693524382731
1778599800,0.00021221921081140385,0.0002441556556638638,0.00021221921081140385,0.00022040234492877765,4549.249955761722
1778600700,0.00022040234492877765,0.00022887359343461508,0.0002202008707112265,0.00022601648376689763,952.7676394330725
1778601600,0.00022601648376689763,0.00022623153692475677,0.00017982792398586514,0.00020024129940911093,7519.552900631719
1778602500,0.00020024129940911093,0.0002563527343759313,0.00019856443153573106,0.00024133476735323594,13561.234199319742
1778603400,0.00024133476735323594,0.00024133476735323594,0.00022206176552909076,0.00022206176552909076,1864.4817142361633
1778604300,0.00022206176552909076,0.00022891529446438687,0.00021393921855071706,0.0002187136213301664,1456.6969365154553
1778605200,0.0002187136213301664,0.00023064607865493254,0.00021733093249915608,0.0002303506254360002,872.1231866303757
1778606100,0.0002303506254360002,0.00023884005026688038,0.00022518745897652848,0.0002358221577391544,1723.0935905304639
1778607000,0.0002358221577391544,0.00024166817930376276,0.0002340170088569325,0.000239186546020306,517.1854839965104
1778607900,0.000239186546020306,0.00025513443855139356,0.00022965184095989852,0.00022965184095989852,3633.7203006480327
1778608800,0.00022965184095989852,0.00022965184095989852,0.00022684484684429488,0.00022928268657937458,148.56779054684986
1778609700,0.00022928268657937458,0.00022928268657937458,0.0002220780016589898,0.0002220780016589898,563.8267628055776
1778610600,0.0002220780016589898,0.0002421413614346633,0.00021689660937766907,0.00023921952326860085,2055.7746599517154
1778611500,0.00023921952326860085,0.00023933891018936102,0.00023864468194626182,0.00023864468194626182,36.68158469434989
1778612400,0.00023864468194626182,0.00023864468194626182,0.00022018934794250825,0.00022314874570261427,2353.8558695970078
1778613300,0.00022314874570261427,0.0002615987223767168,0.00021953130004302986,0.00025645268448402887,3403.3288561729455
1778614200,0.00025645268448402887,0.00025645268448402887,0.00024293926575473076,0.00024293926575473076,721.5028111577304
1778615100,0.00024293926575473076,0.00024555194739543033,0.00023065044545967945,0.00023065044545967945,850.017286271249
1778616000,0.00023065044545967945,0.00023116047424090713,0.00022759950152973185,0.00022759950152973185,32.634679112879496
1778616900,0.00022759950152973185,0.0002480279646527432,0.00022759950152973185,0.00023570468706694966,2503.048861743312
1778617800,0.00023570468706694966,0.00023570468706694966,0.00022621222856494024,0.00022776028088887485,489.8887736988044
1778618700,0.00022776028088887485,0.00040443273378218685,0.0002198556318551756,0.00030315132335019383,33100.75948476441
1778619600,0.00030315132335019383,0.00032201524056195045,0.0002600721868336627,0.00028277190848867797,5831.170448388975
1778620500,0.00028277190848867797,0.0002973291456411205,0.0002700274112741202,0.0002875954890559426,2553.58610670157
1778621400,0.0002875954890559426,0.0002875954890559426,0.0002717229413886945,0.0002717229413886945,875.9594315667929
1778622300,0.0002717229413886945,0.0002744851785088792,0.0002506302010975128,0.00025373080269848393,3511.296271077651
1778623200,0.00025373080269848393,0.00025819494506371663,0.00025092942746656426,0.0002577025120255076,647.8261250374136
1778624100,0.0002577025120255076,0.0002578664256397603,0.0002542779836965643,0.00025759679521866925,59.77905552721995
1778625000,0.00025759679521866925,0.00025825700563581193,0.00025305765804304285,0.0002577482834908085,389.3560098159066
1778625900,0.0002577482834908085,0.0002584028397400781,0.00025335822619445045,0.00025716591670327585,212.1872684166721
1778626800,0.00025716591670327585,0.00025716591670327585,0.0002417003053886893,0.0002474646335757615,2199.435523687048
1778627700,0.0002474646335757615,0.00025021854363875323,0.0002444637532444459,0.0002455241501260437,253.9393730329606
1778628600,0.0002455241501260437,0.00024592639396292456,0.0002455241501260437,0.0002458581403093816,49.41928357382323
1778629500,0.0002458581403093816,0.00024669615749116933,0.00024292499003263288,0.00024640992199798496,131.8778044392615
1778630400,0.00024640992199798496,0.0002470345472017084,0.0002435468099461556,0.0002467642735438289,31.896835203072346
1778631300,0.0002467642735438289,0.0002579020013305387,0.0002467642735438289,0.00025753664938598227,706.4802737157457
1778632200,0.00025753664938598227,0.00025753664938598227,0.00023737070574230955,0.00024623592293224325,1633.537224322283
1778633100,0.00024623592293224325,0.00024969688224929574,0.00024623592293224325,0.0002465483272273856,72.57076376244355
1778634000,0.0002465483272273856,0.0002465483272273856,0.00023934955170008408,0.0002431631739333845,484.64120202413426
1778634900,0.0002431631739333845,0.0002431631739333845,0.00023889142369638722,0.00023889142369638722,200.09855797021194
1778635800,0.00023889142369638722,0.0002428305233339738,0.00023873731512216915,0.0002428305233339738,119.87220394480278
1778636700,0.0002428305233339738,0.00024362379296641345,0.0002397146577259994,0.0002397146577259994,56.99500920458003
1778637600,0.0002397146577259994,0.00026600207143967535,0.0002397146577259994,0.00024220204130585756,3089.530430467773
1778638500,0.00024220204130585756,0.0002435239441392724,0.00023862303679001335,0.00023862303679001335,157.51115728682524
1778639400,0.00023862303679001335,0.00024222488710876815,0.000234881563803903,0.00023783458647765336,579.3834029749582
1778640300,0.00023783458647765336,0.000252248062167102,0.00023783458647765336,0.000252248062167102,1044.5863749714395
1778641200,0.000252248062167102,0.0002671404896709699,0.000252248062167102,0.0002671404896709699,808.5175713114281
1778642100,0.0002671404896709699,0.0002694044528571237,0.00026085599326638667,0.00026085599326638667,467.41364871436014
1778643000,0.00026085599326638667,0.0003006357371734167,0.0002592173437561609,0.0002892267377716283,5268.19441410231
1778643900,0.0002892267377716283,0.0002903660250650161,0.000273416144618311,0.000273416144618311,793.4028720826664
1778644800,0.000273416144618311,0.0002770531085273853,0.00025994347463122533,0.0002625483561630245,977.1637260971263
1778645700,0.0002625483561630245,0.0002625483561630245,0.00023632429735986505,0.00024340708448185414,6344.818577461968
1778646600,0.00024340708448185414,0.0002545089067735438,0.00024340708448185414,0.0002469256553181807,800.4072483201828
1778647500,0.0002469256553181807,0.0002469256553181807,0.000230148896755666,0.00023101362605058485,1479.0594833412365
1778648400,0.00023101362605058485,0.0002655853666660832,0.0002308847271319253,0.0002541007645287735,2509.3859403240062
1778649300,0.0002541007645287735,0.00030147490304756455,0.0002541007645287735,0.0002707660815337105,9043.567665594781
1778650200,0.0002707660815337105,0.000285364493656357,0.0002684372705695259,0.0002813237377403414,1481.602662482329
1778651100,0.0002813237377403414,0.0002813237377403414,0.00026059405988947256,0.00026059405988947256,1134.212212964547
1778652000,0.00026059405988947256,0.0002686648298637665,0.00026059405988947256,0.00026527166912455554,332.1883883033969
1778652900,0.00026527166912455554,0.00027782138592948876,0.0002595093617955902,0.00027782138592948876,2244.0006469295417
1778653800,0.00027782138592948876,0.00028484673385813144,0.00027782138592948876,0.00028484673385813144,1018.9877252627499
1778654700,0.00028484673385813144,0.00029524215671859744,0.00027991470244141626,0.00029524215671859744,1194.9388216423554
1778655600,0.00029524215671859744,0.00031341023836397344,0.00029524215671859744,0.00029581525505950525,1317.801287166568
1778656500,0.00029581525505950525,0.0003102219769295848,0.00029581525505950525,0.0003055998573543978,590.8899541176636
1778657400,0.0003055998573543978,0.0003055998573543978,0.00029745003999465705,0.00029745003999465705,421.9025073479961
1778658300,0.00029745003999465705,0.000301551649845574,0.0002934883299127835,0.00029703338488619734,392.6555181608495
1778659200,0.00029703338488619734,0.00029703338488619734,0.000262734614315066,0.0002795026767981008,3651.5263730501197
1778660100,0.0002795026767981008,0.0002795026767981008,0.0002711853589715126,0.0002719998905957684,443.6853401140445
1778661000,0.0002719998905957684,0.0002777248790450644,0.0002719998905957684,0.0002777248790450644,312.6957252530899
1778661900,0.0002777248790450644,0.0002790633610487613,0.0002630653402718573,0.00026832678263075636,1134.6464263577875
1778662800,0.00026832678263075636,0.0002686309555852713,0.0002654677056682621,0.00026854588417175835,20.925480566914867
1778663700,0.00026854588417175835,0.0002687930573163148,0.00026068107106169875,0.0002610150813909407,419.48046121147587
1778664600,0.0002610150813909407,0.00027669639778777917,0.0002576549988102973,0.00027291889419689397,829.5851722840289
1778665500,0.00027291889419689397,0.00027291889419689397,0.00026219186574558584,0.0002653970669334988,983.1972822711879
1778666400,0.0002653970669334988,0.0002653970669334988,0.00026012459662041207,0.0002648344777429904,332.52195875784236
1778667300,0.0002648344777429904,0.0002648344777429904,0.00024191281177351272,0.0002497101355981447,2744.518448420516
1778668200,0.0002497101355981447,0.00025712311516255413,0.0002497101355981447,0.0002517854546480345,587.7243662330612
1778669100,0.0002517854546480345,0.00026252895086229823,0.0002516549382197281,0.00026252895086229823,690.5723169840011
1778670000,0.00026252895086229823,0.00026506271786604454,0.00026046847547975347,0.00026046847547975347,227.87340305468675
1778670900,0.00026046847547975347,0.0002665636336473088,0.0002587229224986757,0.0002651051789811413,785.4304139206442
1778671800,0.0002651051789811413,0.00026822644320003406,0.0002606244703919256,0.00026822644320003406,604.0064925211053
1778672700,0.00026822644320003406,0.00026822644320003406,0.00025130372158298664,0.0002528550642526006,825.877169003573
1778673600,0.0002528550642526006,0.0002593710074217808,0.00024930728241543256,0.0002559451631061741,430.6080506470106
1778674500,0.0002559451631061741,0.000257850021926903,0.0002444860969219886,0.00024499211902739653,748.3468976644591
1778675400,0.00024499211902739653,0.00024499211902739653,0.00024078947413576587,0.0002440202748340429,114.19616158299122
1778676300,0.0002440202748340429,0.0002450952063473718,0.00023242040379612515,0.00023285974188540175,688.687873003796
1778677200,0.00023285974188540175,0.00023793180336813434,0.00021641706276412034,0.00023793180336813434,3101.4086398306426
1778678100,0.00023793180336813434,0.00023793180336813434,0.00022128199733318992,0.0002229608683255551,2134.6052314982444
1778679000,0.0002229608683255551,0.00023869120450604523,0.00021193668526752073,0.00021935670510326652,2753.1266611992087
1778679900,0.00021935670510326652,0.00021935670510326652,0.00020806328761719745,0.0002178585890260709,1314.858530795081
1778680800,0.0002178585890260709,0.00021978815372135173,0.00020333696627716782,0.00020438007479046233,2468.540278601392
1778681700,0.00020438007479046233,0.0002176037285113352,0.0001978741403899061,0.00021008885679666024,1917.5402531117504
1778682600,0.00021008885679666024,0.0002297258666031565,0.00020430165185817537,0.00022005232725080942,4505.912649380482
1778683500,0.00022005232725080942,0.00022963912586679324,0.00022005232725080942,0.00022418379379141273,1087.4537713552088
1778684400,0.00022418379379141273,0.00025950461133649567,0.0002204409556054983,0.00025644505792217053,3541.8598935188525
1778685300,0.00025644505792217053,0.00025644505792217053,0.00023451102793748424,0.00023451102793748424,1300.6252251811557
1778686200,0.00023451102793748424,0.0002411214178849309,0.00022773386856631206,0.0002279340208789781,1468.4026803317654
1778687100,0.0002279340208789781,0.0002460059419330159,0.00022386591771189978,0.0002460059419330159,1851.9860457287127
1778688000,0.0002460059419330159,0.000246816715199112,0.00024317893124988158,0.00024335500562729388,154.64484587093952
1778688900,0.00024335500562729388,0.00024335500562729388,0.00022720983670974633,0.00022733406188887856,885.6568735166962
1778689800,0.00022733406188887856,0.00022741811126517344,0.000220832722709244,0.00022622224791612965,1375.2377880170743
1778690700,0.00022622224791612965,0.00022935824484771606,0.00022552431666778916,0.00022552431666778916,125.87710183284162
1778691600,0.00022552431666778916,0.00022552431666778916,0.00022136292801105766,0.00022428006135363884,515.4698616247192
1778692500,0.00022428006135363884,0.00022716086368411748,0.0002236617654173157,0.00022436374424285663,40.18441408417101
1778693400,0.00022436374424285663,0.00022436374424285663,0.00019325239969711838,0.00020611926641420146,6036.072135228019
1778694300,0.00020611926641420146,0.00020743953832986492,0.00019732820276350873,0.00020115428776569272,2189.2536989355153
1778695200,0.00020115428776569272,0.00021443761855258837,0.00020115428776569272,0.00021126533425360201,1266.770999341161
1778696100,0.00021126533425360201,0.0002142008207556192,0.00020860523971298,0.0002113159723210284,128.53974291052043
1778697000,0.0002113159723210284,0.00021535703025965947,0.0002108315596621579,0.0002138380262177668,221.82695382316848
1778697900,0.0002138380262177668,0.00022332443552852335,0.00020484241144839792,0.0002060354439628176,2806.180903966526
1778698800,0.0002060354439628176,0.00021586589309585425,0.0002060354439628176,0.0002098817138964633,687.6028668334666
1778699700,0.0002098817138964633,0.0002098817138964633,0.00019969282393692472,0.00019969282393692472,753.0222009142179
1778700600,0.00019969282393692472,0.00019969282393692472,0.00019143538876191003,0.0001935503558908035,1293.094354083078
1778701500,0.0001935503558908035,0.00019706468657016153,0.00019213919122917377,0.00019706468657016153,345.56398313081377
1778702400,0.00019706468657016153,0.00019706468657016153,0.0001943464413704252,0.0001943464413704252,27.988991378938668
1778703300,0.0001943464413704252,0.00022192042525944166,0.0001943464413704252,0.00021792402858036763,2846.9403256118435
1778704200,0.00021792402858036763,0.00021792402858036763,0.0002028337952770525,0.0002028337952770525,850.7704998205778
1778705100,0.0002028337952770525,0.00020434422367879824,0.00020146383531942778,0.00020434422367879824,19.86245546582332
1778706000,0.00020434422367879824,0.0002060741142394458,0.00019904088314675873,0.00020177275627541417,443.3329370045786
1778706900,0.00020177275627541417,0.00021067785363722215,0.00019906135059880134,0.00021067785363722215,569.3400589700219
1778707800,0.00021067785363722215,0.00024622753720443313,0.00020719187406974108,0.00024622753720443313,5713.320659653631
1778708700,0.00024622753720443313,0.0002511556141046381,0.00023876158401704733,0.00024157190101391923,1448.3069045117668
1778709600,0.00024157190101391923,0.00024807157321705384,0.00024033765219805023,0.00024737192207860886,580.7214427881054
1778710500,0.00024737192207860886,0.00031905658811039357,0.0002455878742864077,0.00031093169124155956,9341.344457829822
1778711400,0.00031093169124155956,0.0003220996385930284,0.00026963475459131813,0.0002815085704919701,4805.845700375202
1778712300,0.0002815085704919701,0.00032738698249112604,0.0002811523426224396,0.0003090134335515378,5218.158755224378
1778713200,0.0003090134335515378,0.0003090134335515378,0.0002754072679743816,0.0002792991546942534,1423.2877263871746
1778714100,0.0002792991546942534,0.000281216158623475,0.00027377238021545513,0.00027377238021545513,294.5255897391037
1778715000,0.00027377238021545513,0.00028224012691509,0.0002727699794037859,0.0002788729147878518,391.86311304429995
1778715900,0.0002788729147878518,0.0002788729147878518,0.0002524485722232266,0.0002524485722232266,3084.230317478006
1778716800,0.0002524485722232266,0.0002833737335662674,0.0002524485722232266,0.0002830780105950872,2198.902227522751
1778717700,0.0002830780105950872,0.00036309479366553504,0.0002830780105950872,0.0003241384475746119,14950.93835278553
1778718600,0.0003241384475746119,0.0003241384475746119,0.0003000584246513691,0.0003000584246513691,1181.7035588438791
1778719500,0.0003000584246513691,0.0003000584246513691,0.0002817436049904601,0.00028494213234872323,1005.8237536454079
1778720400,0.00028494213234872323,0.0002925025451994436,0.00027858799033669406,0.0002925025451994436,1045.6340870378183
1778721300,0.0002925025451994436,0.00029636107428911867,0.00028867948216329786,0.00029636107428911867,526.3806434539412
1778722200,0.00029636107428911867,0.0003112626017338774,0.0002852953106507733,0.00029219882352145895,2857.2347114803406
1778723100,0.00029219882352145895,0.00030493738839419953,0.0002844819567504001,0.0002928781801443419,2413.5435723507476
1778724000,0.0002928781801443419,0.0002937624908541877,0.00028536816689101076,0.0002859823522471386,376.548640910588
1778724900,0.0002859823522471386,0.0002859823522471386,0.0002792625741635358,0.0002827859646382057,163.82828300983303
1778725800,0.0002827859646382057,0.00029860734109828156,0.0002771679644159652,0.00029402839354413434,1271.8245220645506
1778726700,0.00029402839354413434,0.00029473257719084164,0.00026772327655720627,0.00028150221054198905,1955.7420964389632
1778727600,0.00028150221054198905,0.00029264159747587114,0.000278342900161863,0.00029264159747587114,540.3572514371788
1778728500,0.00029264159747587114,0.00029264159747587114,0.0002827542496049964,0.00028647085178970646,312.14825399491065
1778729400,0.00028647085178970646,0.00028647085178970646,0.00025302217320416454,0.0002750122265594845,2894.298730392655
1778730300,0.0002750122265594845,0.0002750122265594845,0.00023198254926219702,0.00024736595691691066,8089.451048361429
1778731200,0.00024736595691691066,0.0002564709732636134,0.00024351317306486186,0.00025291438163600754,1459.5970963909829
1778732100,0.00025291438163600754,0.000255085385494047,0.000246734196949707,0.0002507561346230654,1833.666310275561
1778733000,0.0002507561346230654,0.0002567456934763136,0.0002507561346230654,0.00025209631667343714,327.3237951912278
1778733900,0.00025209631667343714,0.0002561220978568348,0.0002484641296747471,0.0002528949535530841,640.88914351639
1778734800,0.0002528949535530841,0.0002820656311635942,0.0002528949535530841,0.00026678522082033133,2829.1256544126054
1778735700,0.00026678522082033133,0.00029076593435798954,0.00026238011400687983,0.0002830955465981597,2623.5742123989053
1778736600,0.0002830955465981597,0.0002830955465981597,0.000261125327829188,0.000264322013077625,949.2007721325347
1778737500,0.000264322013077625,0.0002651238473859013,0.000264322013077625,0.0002651238473859013,11.75783752148478
1778738400,0.0002651238473859013,0.0002651238473859013,0.00025563866413005963,0.0002596344977268911,655.4460549664674
1778739300,0.0002596344977268911,0.0002612739744636002,0.00025630088813771354,0.0002612739744636002,390.22054245287217
1778740200,0.0002612739744636002,0.0002731410413300114,0.0002585107135213169,0.0002731410413300114,746.5611057461518
1778741100,0.0002731410413300114,0.0002880138284085431,0.0002731410413300114,0.0002852226221880158,971.2032963728992
1778742000,0.0002852226221880158,0.0002852226221880158,0.0002717233524847274,0.00027493268776192177,471.09483558867623
1778742900,0.00027493268776192177,0.0002884659248471738,0.00027001674169668084,0.000272751477286471,2210.173554877139
1778743800,0.000272751477286471,0.0002728833592317334,0.0002688663774886404,0.000271741651150787,33.87806220136878
1778744700,0.000271741651150787,0.0002761980047827437,0.0002663724989512389,0.0002663724989512389,798.3553301391726
1778745600,0.0002663724989512389,0.00027290023774136904,0.0002663724989512389,0.00027221958745151704,201.1911665557786
1778746500,0.00027221958745151704,0.0002728369285903543,0.0002690005821645441,0.0002728369285903543,9.353093792038644
1778747400,0.0002728369285903543,0.0002803559177256703,0.0002693563467360968,0.0002783007310439616,620.2014621320997
1778748300,0.0002783007310439616,0.0002783007310439616,0.0002768115360006165,0.0002768115360006165,64.63414156167359
1778749200,0.0002768115360006165,0.00027717520652813216,0.00027352582872688697,0.00027352582872688697,146.22580022251682
1778750100,0.00027352582872688697,0.00027352582872688697,0.00025428880963308126,0.0002594305817829103,1275.8312111529026
1778751000,0.0002594305817829103,0.0002594305817829103,0.000252764172180232,0.00025603064817607415,135.15094457700175
1778751900,0.00025603064817607415,0.00025895890809221134,0.0002557806433059364,0.0002586086469339233,282.3068903758366
1778752800,0.0002586086469339233,0.00026294098008250173,0.00025571970715455915,0.00026294098008250173,644.9365882693223
1778753700,0.00026294098008250173,0.000286262175820526,0.00025993189653272195,0.00028359648446631434,2800.100587893882
1778754600,0.00028359648446631434,0.00028629811389454656,0.00027546627564822417,0.00027546627564822417,647.7142034530408
1778755500,0.00027546627564822417,0.00027751680911895733,0.0002717562811970894,0.00027751680911895733,187.01938310401303
1778756400,0.00027751680911895733,0.00027751680911895733,0.00026480699891000004,0.00026662367369327154,765.4816221250469
1778757300,0.00026662367369327154,0.00026662367369327154,0.0002567797689019986,0.0002582798431094134,742.8129956174718
1778758200,0.0002582798431094134,0.0002582798431094134,0.00024099889606006425,0.00024099889606006425,1720.824972231108
1778759100,0.00024099889606006425,0.0002451430234940201,0.00023869280166929484,0.0002451430234940201,445.06968060351295
1778760000,0.0002451430234940201,0.00025084969755863177,0.00024160954177120494,0.0002461126034469044,384.5943319143171
1778760900,0.0002461126034469044,0.0002463537218527855,0.00022677103906764527,0.00023641325503928395,2055.2239386881147
1778761800,0.00023641325503928395,0.0002487194687099661,0.00023641325503928395,0.0002447718098933355,1516.3143294074225
1778762700,0.0002447718098933355,0.0002514553169156039,0.00023962619527301298,0.0002464210505939425,1113.0668957569121
1778763600,0.0002464210505939425,0.00024804929453446753,0.0002381891563417163,0.00023989155595047416,867.3547927205495
1778764500,0.00023989155595047416,0.00024498809792842667,0.00023716657036018703,0.00024441423306021786,363.05468196362654
1778765400,0.00024441423306021786,0.0002446049521295272,0.0002392040021114758,0.00024331229064791627,330.44153636089123
1778766300,0.00024331229064791627,0.0002462934974759827,0.00024303039601463236,0.00024326503757608926,89.55386889865109
1778767200,0.00024326503757608926,0.0002438249741299856,0.00023258703703419245,0.00023550417233616307,956.9652881280607
1778768100,0.00023550417233616307,0.00023860490382214748,0.0002276155045933522,0.0002356398760844951,1166.9416869563504
1778769000,0.0002356398760844951,0.00024046328512503066,0.0002356398760844951,0.0002370148915537375,138.79427765327637
1778769900,0.0002370148915537375,0.00023710913607213546,0.00023515710414008566,0.00023710913607213546,210.80030969458437
1778770800,0.00023710913607213546,0.00024709660442981656,0.00022706908280118083,0.0002464947031553013,1787.5730687255239
1778771700,0.0002464947031553013,0.00025438259335128184,0.0002464947031553013,0.00025069934371288704,288.9902088807225
1778772600,0.00025069934371288704,0.00027381795563107523,0.00025069934371288704,0.00025444555437690485,2716.542456551134
1778773500,0.00025444555437690485,0.00025444555437690485,0.00024279664302287183,0.0002500136931131284,703.728599165519
1778774400,0.0002500136931131284,0.00025508902206527816,0.0002379557617208097,0.000249458654423774,1570.3304418554717
1778775300,0.000249458654423774,0.000249458654423774,0.00023796259012707506,0.00024145361175469533,877.3780791453684
1778776200,0.00024145361175469533,0.0002483442936436854,0.00024145361175469533,0.0002483442936436854,353.6078934383643
1778777100,0.0002483442936436854,0.0002635734944760491,0.00024620414937547936,0.0002604229368227725,1798.733412315159
1778778000,0.0002604229368227725,0.0002675577719753364,0.0002585153182058523,0.0002670703498098667,437.5141301181357
1778778900,0.0002670703498098667,0.00027398444783882983,0.000258760971418047,0.000258760971418047,2180.8768983707437
1778779800,0.000258760971418047,0.0002750481318316721,0.00025575374772690513,0.00027030176511745445,1977.000712166617
1778780700,0.00027030176511745445,0.0002788394399558855,0.000263463992533574,0.00026700597419519376,2048.8018041317578
1778781600,0.00026700597419519376,0.00026940180953117257,0.0002617032517822971,0.00026940180953117257,246.14554919619513
1778782500,0.00026940180953117257,0.0002712508285785676,0.00025946448506418526,0.00026408472034944523,1059.5910864738512
1778783400,0.00026408472034944523,0.00026408472034944523,0.00025549574137722996,0.00025549574137722996,325.41028822453103
1778784300,0.00025549574137722996,0.0005809856126107251,0.00025549574137722996,0.0004560048222744947,129687.11544431144
1778785200,0.0004560048222744947,0.0004688269170281196,0.0003544891216114801,0.0003931969575003268,39585.35692979755
1778786100,0.0003931969575003268,0.0004135087333080484,0.00036099608655285384,0.0003983084113608861,10262.009999555063
1778787000,0.0003983084113608861,0.0004121183573850205,0.00036594243525831383,0.00038076460694679996,13433.426739971866
1778787900,0.00038076460694679996,0.00039926204113267024,0.0003686920894086455,0.00037757577791665433,4034.15735439584
1778788800,0.00037757577791665433,0.0004188005742558894,0.0003724391401694864,0.00041227293457254813,2968.899439313391
1778789700,0.00041227293457254813,0.00041227293457254813,0.00037096892352580407,0.00037405268295764523,2401.729073542953
1778790600,0.00037405268295764523,0.00037405268295764523,0.00033915441420816737,0.0003469464532141645,3693.55357997538
1778791500,0.0003469464532141645,0.000386595688437469,0.00034242000475521084,0.0003721191859749459,2628.356291216777
1778792400,0.0003721191859749459,0.00037708331885737145,0.00035520071145842485,0.00035582939966450293,942.1594078977713
1778793300,0.00035582939966450293,0.0003562125727077783,0.0003179308198325721,0.00033552984784850315,3723.5017594118412
1778794200,0.00033552984784850315,0.0003516100751006359,0.00031396682594751014,0.0003204468457895383,2582.981367110614
1778795100,0.0003204468457895383,0.00033539149828139996,0.0003204468457895383,0.0003341093856676325,1992.5538698355074
1778796000,0.0003341093856676325,0.00036080171816392113,0.0003341093856676325,0.00036079101615505804,1222.7170873427708
1778796900,0.00036079101615505804,0.00036120295679573425,0.00035517843703549736,0.000359090913995107,292.23037089779746
1778797800,0.000359090913995107,0.0003642180506238273,0.00034840827387442984,0.0003594373481773961,1337.7915523950319
1778798700,0.0003594373481773961,0.00036366245626575185,0.00031166567686438386,0.0003392476437601478,3869.7588529496143
1778799600,0.0003392476437601478,0.00036023385559061117,0.0003294356752676435,0.0003601192857548361,2229.148938658266
1778800500,0.0003601192857548361,0.0003602513605108112,0.00034817834000657773,0.00034817834000657773,657.8039873626926
1778801400,0.00034817834000657773,0.00035361075282869036,0.00034023558806261747,0.0003498220022870868,942.7737095767305
1778802300,0.0003498220022870868,0.00035794518944793144,0.0003455843563943693,0.0003510215988662968,832.8202238390315
1778803200,0.0003510215988662968,0.00044167003578486955,0.0003510215988662968,0.00037504489152995657,9891.900803056826
1778804100,0.00037504489152995657,0.00037504489152995657,0.0003249021508034085,0.0003392870470417244,3071.922091627632
1778805000,0.0003392870470417244,0.0003475468075918542,0.0003392870470417244,0.00034523579180355073,383.4891858536422
1778805900,0.00034523579180355073,0.0003453382888148208,0.00033926154906638555,0.00034407465815584497,384.26799424749544
1778806800,0.00034407465815584497,0.00034651581205113547,0.00033874102875299634,0.00033874102875299634,259.62330880163387
1778807700,0.00033874102875299634,0.0003444095029535269,0.00033874102875299634,0.00033979228424358744,175.2167916889746
1778808600,0.00033979228424358744,0.0003458316363558046,0.00033979228424358744,0.0003458316363558046,111.67955283162095
1778809500,0.0003458316363558046,0.0003458316363558046,0.00032150451516286925,0.000321789555624445,1232.5768539221033
1778810400,0.000321789555624445,0.0004425367631964119,0.000321789555624445,0.00042635676918312027,10410.732556001763
1778811300,0.00042635676918312027,0.00043339231073312077,0.0003660355391849602,0.0003780687170618166,12186.596632701
1778812200,0.0003780687170618166,0.0004062249248676662,0.0003712030753480817,0.00040236381323612323,1969.6520007549618
1778813100,0.00040236381323612323,0.00040782520334209,0.0003444522398421898,0.0003584415832117494,4016.2447168967624
1778814000,0.0003584415832117494,0.00036752889776618577,0.0003465040996318151,0.00034677906757986664,1485.163371564591
1778814900,0.00034677906757986664,0.0003499790842715865,0.0003425334823496313,0.00034289003003253255,664.1962035145195
1778815800,0.00034289003003253255,0.00034935079681161594,0.0003410019422672873,0.0003484085772409166,615.2296539113603
1778816700,0.0003484085772409166,0.00034983819861748514,0.00034010951765983823,0.00034983819861748514,607.3396907315746
1778817600,0.00034983819861748514,0.00034983819861748514,0.00034193363368672895,0.0003420431375260117,201.82809262050657
1778818500,0.0003420431375260117,0.000346336507080204,0.0003319941772097092,0.00033615906293179947,674.0515859738866
1778819400,0.00033615906293179947,0.00033615906293179947,0.0003268693638496449,0.0003268693638496449,258.19954611282316
1778820300,0.0003268693638496449,0.0003313280359801873,0.0003260998349930666,0.0003302859835359116,550.9407461948492
1778821200,0.0003302859835359116,0.00034305599145479016,0.00032911631990103807,0.00034305599145479016,766.7035293506631
1778822100,0.00034305599145479016,0.0003463868713086782,0.0003261846219639978,0.00033947226409337104,2223.5884424441856
1778823000,0.00033947226409337104,0.0003555226795380619,0.00033947226409337104,0.0003518480872091276,1297.018696091325
1778823900,0.0003518480872091276,0.00035270656182607936,0.0003469626874110895,0.0003494404274984853,179.08357678391573
1778824800,0.0003494404274984853,0.0003494404274984853,0.00032914233808049723,0.00032914233808049723,935.0957716915254
1778825700,0.00032914233808049723,0.00032914233808049723,0.00031545777214223594,0.00031572372870862785,1263.0960940035834
1778826600,0.00031572372870862785,0.0003541630692065018,0.00031572372870862785,0.0003541630692065018,1872.730192343087
1778827500,0.0003541630692065018,0.0003541630692065018,0.00034779001613573294,0.00034779001613573294,121.58913871777501
1778828400,0.00034779001613573294,0.00041922505376751644,0.00034423859749285003,0.00041922505376751644,6028.846184240502
1778829300,0.00041922505376751644,0.00045496284156423074,0.0004041097248357953,0.0004260399493838535,12842.860613280704
1778830200,0.0004260399493838535,0.0004320214854742312,0.0003852758926271328,0.00038890464284811906,3465.0347445217853
1778831100,0.00038890464284811906,0.00039459531417797983,0.0003610038703934865,0.00038721554902802687,3219.132533757996
1778832000,0.00038721554902802687,0.00038721554902802687,0.0003798268332832813,0.0003798268332832813,123.90827682196542
1778832900,0.0003798268332832813,0.00038305903330615107,0.00032579238182861976,0.0003471862996695645,7861.645525280492
1778833800,0.0003471862996695645,0.00037136072403415294,0.0003471610883233308,0.0003573807184375665,2169.653403005048
1778834700,0.0003573807184375665,0.0003706575590722557,0.0003573807184375665,0.0003706575590722557,964.2840049190189
1778835600,0.0003706575590722557,0.0003753980452395118,0.00032435241713830055,0.0003508783291888347,4418.97674978995
1778836500,0.0003508783291888347,0.00037311593902525207,0.00035049770970316886,0.0003599967473291361,1569.610256851961
1778837400,0.0003599967473291361,0.0003620845420669345,0.00035632735654970884,0.0003620845420669345,209.63153689071444
1778838300,0.0003620845420669345,0.0003620845420669345,0.00033608481091999283,0.00033991482678854667,1426.8845859170517
1778839200,0.00033991482678854667,0.00035314865839443626,0.00033991482678854667,0.00034182442847946205,1320.7727811219431
1778840100,0.00034182442847946205,0.0003460824101554839,0.00032429297074336216,0.0003403567864294799,2628.0455954001454
1778841000,0.0003403567864294799,0.0003483627224003994,0.0003403567864294799,0.0003423487488403525,392.0275378813162
1778841900,0.0003423487488403525,0.0003483725069169223,0.0003423487488403525,0.0003469575069705147,423.5021873363906
1778842800,0.0003469575069705147,0.00035559547159549453,0.00034664581339722064,0.0003518748986088468,281.5610093796826
1778843700,0.0003518748986088468,0.0003518748986088468,0.0003029343681499996,0.000311892686885428,6572.102203500198
1778844600,0.000311892686885428,0.0003146529774520848,0.00030525451126427004,0.00031219058314266654,824.7264237582117
1778845500,0.00031219058314266654,0.00031619942982931827,0.00030892906014429243,0.00031182091301174464,667.9517490517645
1778846400,0.00031182091301174464,0.0003138254080030312,0.0003063871716337308,0.0003131430922123477,365.41765157740554
1778847300,0.0003131430922123477,0.00032984102305462997,0.00030157934981357704,0.00031466614438122324,3730.403449673978
1778848200,0.00031466614438122324,0.00035599620860227014,0.0003120836869192629,0.00035448077856459057,3747.6270938067805
1778849100,0.00035448077856459057,0.0003631355273587921,0.0003542537022456494,0.0003550160594372719,919.2783321053626
1778850000,0.0003550160594372719,0.0003653520907788857,0.0003427127420860182,0.0003455156002330661,4568.792295767903
1778850900,0.0003455156002330661,0.0003455156002330661,0.0003235470752263562,0.0003340194453425807,1373.9541074584763
1778851800,0.0003340194453425807,0.0003340194453425807,0.0002930149687961983,0.00030420426916353866,3666.399481683002
1778852700,0.00030420426916353866,0.00034208809198931877,0.0002997990726561401,0.0003197413304397808,3596.9207019967816
1778853600,0.0003197413304397808,0.0003197413304397808,0.0002757211738949959,0.0002988840721391321,8784.19345852717
1778854500,0.0002988840721391321,0.0002988840721391321,0.00025891845977506277,0.0002754233456867923,11682.282020014885
1778855400,0.0002754233456867923,0.0003039282652406081,0.0002324598070338223,0.0002867711989708035,12854.506509204151
1778856300,0.0002867711989708035,0.00032762781672029517,0.00023839658251445568,0.0002866049576019855,16533.045150764116
1778857200,0.0002866049576019855,0.00030591419214810793,0.00023631357076539186,0.000266958945889148,8469.619811555182
1778858100,0.000266958945889148,0.00028544026806872084,0.00025237600462288905,0.0002711716494646394,5349.194860375661
1778859000,0.0002711716494646394,0.00027719833133603227,0.0002649017833190959,0.0002728410818377263,2381.1232168424467
1778859900,0.0002728410818377263,0.0003225060943476078,0.0002678594282833045,0.00031058720267457756,12167.41833242798
1778860800,0.00031058720267457756,0.00032716373461719563,0.000266823017283563,0.00028422006860486074,9201.763729352071
1778861700,0.00028422006860486074,0.00031150595490847554,0.0002599865802753222,0.0002747380496599312,6644.087990826166
1778862600,0.0002747380496599312,0.0002851499419591149,0.0002296687097775015,0.00026419664965772276,8956.59651589382
1778863500,0.00026419664965772276,0.0002755867535675321,0.00026091967318667814,0.0002632441304835283,2144.3372805268923
1778864400,0.0002632441304835283,0.0002678487073482568,0.00025450775775111555,0.0002678487073482568,897.725469071259
1778865300,0.0002678487073482568,0.0002678487073482568,0.0002579657485596741,0.0002605583912428279,941.9990932877944
1778866200,0.0002605583912428279,0.00028563382289848566,0.00025978653600328567,0.00027924541302831377,3111.649141442511
1778867100,0.00027924541302831377,0.00028063405290871916,0.0002770054477658077,0.0002770054477658077,65.04677357951418
1778868000,0.0002770054477658077,0.00029753670144064764,0.0002711736920191946,0.0002867940809152502,3184.4602865135994
1778868900,0.0002867940809152502,0.0002889919677936238,0.0002806014665689746,0.0002806014665689746,539.9069629117239
1778869800,0.0002806014665689746,0.00036469663552912685,0.00026974799384524295,0.00031037104002870234,18121.75782058914
1778870700,0.00031037104002870234,0.000376964782694286,0.00031037104002870234,0.00035001512756883144,24476.872560140837
1778871600,0.00035001512756883144,0.00039644630976376293,0.00030787730844142075,0.00036979586416369673,15312.14378748337
1778872500,0.00036979586416369673,0.00039973034156039677,0.0003462751379585927,0.000375418166791068,5767.7883175808865
1778873400,0.000375418166791068,0.00040630017662190006,0.0003497831225721252,0.00040165397167279867,7387.850598347596
1778874300,0.00040165397167279867,0.00040165397167279867,0.00034039758700189185,0.00036584986775449224,6480.114690520744
1778875200,0.00036584986775449224,0.0003707537429207036,0.0003328626451936782,0.0003707537429207036,5865.90260278115
1778876100,0.0003707537429207036,0.0003707537429207036,0.0003434433729656034,0.0003434433729656034,1107.1714170922826
1778877000,0.0003434433729656034,0.0003434433729656034,0.00032856128442732517,0.0003342123707608811,966.9147765271161
1778877900,0.0003342123707608811,0.00033732753587054277,0.0003238703632980232,0.0003238703632980232,693.0131932630314
1778878800,0.0003238703632980232,0.0003287667497302373,0.0003238703632980232,0.00032505029352930835,188.73739581910215
1778879700,0.00032505029352930835,0.00032505029352930835,0.00032047547006856255,0.0003215861781381738,446.7853153084262
1778880600,0.0003215861781381738,0.00037290137665836555,0.0003184484028797835,0.0003480803931463022,4136.38521455858
1778881500,0.0003480803931463022,0.0003480803931463022,0.00029702407022098317,0.0003201106743670327,5776.471434302778
1778882400,0.0003201106743670327,0.00033943498500840324,0.0003201106743670327,0.00033816993289223225,1196.4140874011073
1778883300,0.00033816993289223225,0.00033816993289223225,0.0003236850009066586,0.000325799771549502,1272.286441049344
1778884200,0.000325799771549502,0.00033002005114480854,0.0003125033147666442,0.00032556070370492015,1627.642905508255
1778885100,0.00032556070370492015,0.0003357023839362285,0.00032556070370492015,0.00033266997407537386,658.353493695639
1778886000,0.00033266997407537386,0.0003342350073143179,0.00032909663304876913,0.00033079276015274164,117.80785858459198
1778886900,0.00033079276015274164,0.00033079276015274164,0.000329149245000439,0.000329149245000439,130.36726231604737
1778887800,0.000329149245000439,0.0003342874965340569,0.0003269701777897359,0.00033002029898804346,177.9418248768949
1778888700,0.00033002029898804346,0.00033409811684475714,0.0003295981338593454,0.00033027134412237007,85.14576392513038
1778889600,0.00033027134412237007,0.0003341408216496703,0.0003260485482617743,0.0003298050309351504,449.6911919482074
1778890500,0.0003298050309351504,0.0003298050309351504,0.00032178651401794123,0.000325490517311407,83.60684194018582
1778891400,0.000325490517311407,0.000325490517311407,0.0003173590514557619,0.00031834420443385507,387.21969167488675
1778892300,0.00031834420443385507,0.00031852491752479853,0.00031834420443385507,0.00031852491752479853,2.7287721189781617
1778893200,0.00031852491752479853,0.00031852491752479853,0.00030983840572461856,0.00030983840572461856,215.17796288272865
1778894100,0.00030983840572461856,0.0003136414478791153,0.0003078820516243903,0.0003078820516243903,372.35094121259937
1778895000,0.0003078820516243903,0.0003113677702889369,0.0003067021199523009,0.0003113677702889369,371.34594147908155
1778895900,0.0003113677702889369,0.00032230156305566084,0.00030482325395459554,0.0003073008078466425,1518.6603879090399
1778896800,0.0003073008078466425,0.0003079703084307018,0.0003053935247680077,0.0003079703084307018,148.60117608468207
1778897700,0.0003079703084307018,0.0003087521800631811,0.00030399375343144973,0.00030399375343144973,197.85014288429662
1778898600,0.00030399375343144973,0.00030399375343144973,0.00027348152445831814,0.00029826122560986886,3962.2044456844023
1778899500,0.00029826122560986886,0.00029858957740176934,0.00029321618090862717,0.0002970613391551063,694.6242339334667
1778900400,0.0002970613391551063,0.0002999740660691677,0.00029332885335506286,0.0002973965282336868,421.36517287437624
1778901300,0.0002973965282336868,0.00030438527980914065,0.00029459301129835337,0.0003006080805997547,705.7640981094714
1778902200,0.0003006080805997547,0.0003006080805997547,0.00029537352197411837,0.00029537352197411837,271.14427024481245
1778903100,0.00029537352197411837,0.00029839068405109994,0.00027782069706398083,0.00027956283363004007,1533.8283395817266
1778904000,0.00027956283363004007,0.00029077555117546015,0.0002775033331074037,0.0002842929545140564,1169.0969383204315
1778904900,0.0002842929545140564,0.000288502334033696,0.00028249379593813775,0.000288502334033696,347.1055656478076
1778905800,0.000288502334033696,0.0002914597306311336,0.0002850107784850361,0.00028877017692191537,442.5348963991304
1778906700,0.00028877017692191537,0.00029307844255451127,0.00028282174520539625,0.00029307844255451127,789.0688025476009
1778907600,0.00029307844255451127,0.0002992280744115262,0.00029307844255451127,0.0002992280744115262,251.3205530430537
1778908500,0.0002992280744115262,0.0003293989089955083,0.00029354314577552,0.00032407417033446375,2800.7552184727724
1778909400,0.00032407417033446375,0.00032407417033446375,0.00030846409157304076,0.0003121033433642241,1595.671599131085
1778910300,0.0003121033433642241,0.0003121033433642241,0.0003058614121936814,0.00030591773123492125,27.752383155909015
1778911200,0.00030591773123492125,0.00031656139108085637,0.0003018559769709148,0.00030198861973854547,1104.8534376060923
1778912100,0.00030198861973854547,0.0004721844239908272,0.0002951263728362684,0.0004411248373860952,14988.433933064918
1778913000,0.0004411248373860952,0.0004427432964604267,0.0003655205210176376,0.0003835071012222976,10214.38329020677
1778913900,0.0003835071012222976,0.0004690187270162283,0.00034649888232930824,0.00038299991910882716,23224.641505057276
1778914800,0.00038299991910882716,0.0003925366425168409,0.0003782764011405856,0.0003782764011405856,1817.2478986678568
1778915700,0.0003782764011405856,0.00040157437064638113,0.0003747990633837548,0.0003803070461513197,2494.4966530464085
1778916600,0.0003803070461513197,0.00043290294707444684,0.00038020968872921673,0.0004113617614512712,8191.37183820522
1778917500,0.0004113617614512712,0.0004113617614512712,0.0003916899198366466,0.00039277717282169264,2288.452207749007
1778918400,0.00039277717282169264,0.0005137828052235898,0.0003923996257378451,0.0004441726984094918,13177.311430308779
1778919300,0.0004441726984094918,0.0004441726984094918,0.00041462549567574563,0.0004196655771706502,3212.0228366651186
1778920200,0.0004196655771706502,0.0004196655771706502,0.0004030230484123571,0.0004088449694773513,1047.7891036426831
1778921100,0.0004088449694773513,0.0004088449694773513,0.00036533125912762733,0.000390917062565882,3712.279121233776
1778922000,0.000390917062565882,0.00041619229429401886,0.00038977197386269314,0.0003940857026662591,2512.917025038551
1778922900,0.0003940857026662591,0.0003940857026662591,0.0003515055913412553,0.0003654971011456075,3403.0853653984723
1778923800,0.0003654971011456075,0.00038318289879066367,0.0003654971011456075,0.00038318289879066367,1314.3446008282147
1778924700,0.00038318289879066367,0.00042790908882050084,0.00038318289879066367,0.0004225214464212334,5142.429096743135
1778925600,0.0004225214464212334,0.0004225214464212334,0.0003910585738122855,0.0004013831956423311,2410.034422315686
1778926500,0.0004013831956423311,0.0004013831956423311,0.00038267884268582147,0.00038392350641314703,1358.4323125262626
1778927400,0.00038392350641314703,0.00038937228765334876,0.00038056851354352554,0.00038937228765334876,330.28133106453373
1778928300,0.00038937228765334876,0.00040540753347835816,0.0003880997886652288,0.00040540753347835816,590.7022066928993
1778929200,0.00040540753347835816,0.0004202682587433268,0.00040540753347835816,0.00041619366152016653,762.3595874985889
1778930100,0.00041619366152016653,0.00041619366152016653,0.0003753482593323685,0.0003798565767148299,2005.1472134945943
1778931000,0.0003798565767148299,0.0003882010828747493,0.00037573307116433083,0.00038672973641435565,506.8728224825676
1778931900,0.00038672973641435565,0.0003874517228332753,0.00037951855072246765,0.00037951855072246765,323.551007241721
1778932800,0.00037951855072246765,0.00037951855072246765,0.00035080669398923484,0.0003541362843537335,2585.8393826175993
1778933700,0.0003541362843537335,0.0003641158167647573,0.0003541362843537335,0.0003641158167647573,230.33714622782833
1778934600,0.0003641158167647573,0.0003846133008011817,0.0003594122086204668,0.0003807417419224391,1026.4492328548317
1778935500,0.0003807417419224391,0.00042558460318609743,0.0003796527951157156,0.0003879286786861814,4221.582436419239
1778936400,0.0003879286786861814,0.0003883024586132681,0.00036019711421137623,0.0003680440317142333,1401.3653290508262
1778937300,0.0003680440317142333,0.0003815684146209245,0.00036614040638720686,0.0003804308453952633,685.8671022332627
1778938200,0.0003804308453952633,0.0003804308453952633,0.000329780564850458,0.00036253723282374955,5147.6680168217545
1778939100,0.00036253723282374955,0.00036253723282374955,0.0003151973224857618,0.00034174941472195423,7787.418614278421
1778940000,0.00034174941472195423,0.0003506026974611134,0.0003341899969974878,0.0003439681160090209,2647.0715560637727
1778940900,0.0003439681160090209,0.0003507523565847826,0.0003419417335368658,0.00035028246418940826,354.18776646648575
1778941800,0.00035028246418940826,0.00035459798113014133,0.0003376348957862759,0.00034105135961848314,1704.2679831390456
1778942700,0.00034105135961848314,0.0003796524329826213,0.00034105135961848314,0.0003796524329826213,5381.568586311217
1778943600,0.0003796524329826213,0.00039633448909116257,0.0003674803697553264,0.00037751786163377037,4784.132085683448
1778944500,0.00037751786163377037,0.000467713039846025,0.00037751786163377037,0.00046199291460356263,10031.871611221515
1778945400,0.00046199291460356263,0.00046199291460356263,0.0004316568494382467,0.00043662269549329973,2791.4758804710373
1778946300,0.00043662269549329973,0.00043662269549329973,0.0004181980571744756,0.0004320285588637612,1617.8731989936166
1778947200,0.0004320285588637612,0.0004320285588637612,0.0004262182949255875,0.0004262182949255875,149.68962890853223
1778948100,0.0004262182949255875,0.0004436257838129098,0.00038585520979052853,0.00039851137034867403,5663.280858446567
1778949000,0.00039851137034867403,0.00039851137034867403,0.0003645314331836784,0.00037642495180838014,3150.921190826828
1778949900,0.00037642495180838014,0.0003836710530120347,0.0003582018110301795,0.00037556176513768585,4302.32624487993
1778950800,0.00037556176513768585,0.00039249106957640873,0.00037556176513768585,0.00039249106957640873,677.0057055023525
1778951700,0.00039249106957640873,0.0003940208572806919,0.0003826781772236396,0.00038747290549239085,448.8429128058558
1778952600,0.00038747290549239085,0.0003877475624508251,0.00037401741217667396,0.0003834585730905185,1221.507771229603
1778953500,0.0003834585730905185,0.00044085747499395786,0.0003834585730905185,0.00041320772026707647,5827.315925652921
1778954400,0.00041320772026707647,0.00041320772026707647,0.00037437828605155866,0.00038243543611447074,3198.4711894397897
1778955300,0.00038243543611447074,0.00038243543611447074,0.00037440192336809483,0.00038215583441454285,894.0635645979295
1778956200,0.00038215583441454285,0.0003864417723377064,0.0003727414813983288,0.00037730250386382603,576.3462339933723
1778957100,0.00037730250386382603,0.0004028298488494034,0.00037730250386382603,0.0004008666746420041,1315.314961348643
1778958000,0.0004008666746420041,0.0004008666746420041,0.000388851225681691,0.0003899347522709141,461.91727311359455
1778958900,0.0003899347522709141,0.0003965903602165735,0.0003893129983441689,0.0003908311668974321,404.676209186636
1778959800,0.0003908311668974321,0.0003908311668974321,0.0003742146800214748,0.0003798499626358857,689.394417290002
1778960700,0.0003798499626358857,0.0004129337707000585,0.0003761790753882697,0.00041001773183789474,1625.6544492734233
1778961600,0.00041001773183789474,0.000498932491054946,0.00040696108623048766,0.0004818419830604743,17004.645745285947
1778962500,0.0004818419830604743,0.0005408499366088709,0.0004805282243524071,0.0004805282243524071,11062.422599064725
1778963400,0.0004805282243524071,0.0005717031908110656,0.0004637747478982048,0.0005057009451830185,13047.608312230515
1778964300,0.0005057009451830185,0.0005092582365545426,0.0004335290640012058,0.0004544905442400348,9713.62738498185
1778965200,0.0004544905442400348,0.00046725280880160894,0.0004306645508901235,0.0004565728651422801,3502.5622805905
1778966100,0.0004565728651422801,0.00047799346623089137,0.0004406909315011417,0.00044875096442488407,2998.9030893117556
1778967000,0.00044875096442488407,0.0004941152734872253,0.00044875096442488407,0.0004653309847045964,3205.6936373573617
1778967900,0.0004653309847045964,0.00047002885759209434,0.00046045758733054845,0.00046045758733054845,443.70509471251995
1778968800,0.00046045758733054845,0.00046557483339896227,0.00044455652368154814,0.0004448304524447679,1236.500249734983
1778969700,0.0004448304524447679,0.0004615275651704765,0.0004448304524447679,0.00045543119738139694,638.4434783027941
1778970600,0.00045543119738139694,0.00045543119738139694,0.00045040009688405877,0.0004511964049408758,346.1357031299803
1778971500,0.0004511964049408758,0.00045290427888535677,0.000431150171672457,0.0004395432016517056,1240.334084272493
1778972400,0.0004395432016517056,0.00046755447207356786,0.0004395432016517056,0.00046755447207356786,1326.275718735426
1778973300,0.00046755447207356786,0.0004723594910211168,0.0004638463878324258,0.00046927186504821367,373.44082859126644
1778974200,0.00046927186504821367,0.0004754872771583595,0.0004596609326609584,0.00046451593649897205,1180.0321660054221
1778975100,0.00046451593649897205,0.00046451593649897205,0.000446916150484964,0.0004480610444813641,515.088604135763
1778976000,0.0004480610444813641,0.00045340624080212054,0.000417690518780755,0.00043106775094633483,2086.682881857896
1778976900,0.00043106775094633483,0.00043384324016128604,0.00043097510231628354,0.0004315833881735617,239.61855024601041
1778977800,0.0004315833881735617,0.0004380934905957506,0.00042542435865229714,0.00042542435865229714,420.4377038889884
1778978700,0.00042542435865229714,0.00045689628195078806,0.00040564152043006356,0.0004503448804004056,4896.328316197675
1778979600,0.0004503448804004056,0.00046347290657452404,0.0004212093704926824,0.00042203097206754294,2270.1998958818585
1778980500,0.00042203097206754294,0.00042279270145267146,0.00041131937248821567,0.0004164079225862762,683.2667435899007
1778981400,0.0004164079225862762,0.00043495605549241206,0.0004140508334809713,0.00043495605549241206,1120.4492687640743
1778982300,0.00043495605549241206,0.00044565373033971867,0.000434332062392762,0.00043617258181520086,673.7612828116078
1778983200,0.00043617258181520086,0.00043851814106890725,0.00043249363487523663,0.00043249363487523663,105.30480294456999
1778984100,0.00043249363487523663,0.00043249363487523663,0.000417883066675329,0.0004228268675628775,584.9230079518217
1778985000,0.0004228268675628775,0.0004228268675628775,0.0004180330212450844,0.0004180330212450844,9.34654562578589
1778985900,0.0004180330212450844,0.0004180330212450844,0.00041689256965358817,0.00041689256965358817,4.11544031423085
1778986800,0.00041689256965358817,0.00042576283857459853,0.00041577234683021956,0.0004197821963259066,379.33139048589277
1778987700,0.0004197821963259066,0.0004197821963259066,0.00040675210148635445,0.00040675210148635445,540.5908931510309
1778988600,0.00040675210148635445,0.00042945669617324176,0.0003962758386143408,0.00040205679677715454,2666.702118930999
1778989500,0.00040205679677715454,0.00041823676172471954,0.00039366995302067185,0.0004170080093357936,1758.2307592363966
1778990400,0.0004170080093357936,0.0004170080093357936,0.0004028751851964556,0.0004028751851964556,823.7639799881957
1778991300,0.0004028751851964556,0.0004028751851964556,0.00039612833737795065,0.00039612833737795065,354.8580113348814
1778992200,0.00039612833737795065,0.00040068920750483013,0.0003866468536858081,0.000387934434249342,575.9461151106323
1778993100,0.000387934434249342,0.00042776265228758813,0.000387934434249342,0.00042421300223698425,1833.9266997116504
1778994000,0.00042421300223698425,0.00042421300223698425,0.00042099471098239606,0.00042099471098239606,179.36474393399072
1778994900,0.00042099471098239606,0.00042099471098239606,0.000413349163613236,0.000413349163613236,262.7556520885603
1778995800,0.000413349163613236,0.00042458527404019077,0.000413349163613236,0.00042458527404019077,309.2543557682293
1778996700,0.00042458527404019077,0.00042458527404019077,0.00039655196113329007,0.0003967780167984956,1201.8961537570397
1778997600,0.0003967780167984956,0.00039712652828345244,0.0003242032864572447,0.00037127149679076635,13130.095542617857
1778998500,0.00037127149679076635,0.00037516318679138165,0.00036155351506121414,0.000368213299057668,501.7790229080524
1778999400,0.000368213299057668,0.000368213299057668,0.0003606417513287833,0.00036780609019047215,543.9099096442419
1779000300,0.00036780609019047215,0.00039468901011586473,0.00036223125170412724,0.00039445016587708525,1607.0304239205918
1779001200,0.00039445016587708525,0.00040006825685554156,0.00036792290278505187,0.0003758382915357168,1287.8585840927199
1779002100,0.0003758382915357168,0.0003764246612724965,0.0003709144393165691,0.00037571420167885306,70.23515825086514
1779003000,0.00037571420167885306,0.00038392495979282725,0.00037094713482859273,0.00038392495979282725,737.911119572454
1779003900,0.00038392495979282725,0.0004055483655240526,0.0003797369088600853,0.000400093877262413,1457.5094160443577
1779004800,0.000400093877262413,0.0004179525113682227,0.000400093877262413,0.00040013213455157516,1553.7742488433348
1779005700,0.00040013213455157516,0.00040498769844674704,0.0003972872502332995,0.00040192687818948694,344.9162441580072
1779006600,0.00040192687818948694,0.0004113291219966094,0.00039560794571714275,0.00039560794571714275,934.682441763335
1779007500,0.00039560794571714275,0.00041263237199337427,0.0003954104393681154,0.0004056101737921171,624.216067117098
1779008400,0.0004056101737921171,0.0004056101737921171,0.00036624768958790267,0.0003745562705659927,2138.501570991099
1779009300,0.0003745562705659927,0.00038926210940637727,0.0003640291205306785,0.00038926210940637727,1696.2220754981977
1779010200,0.00038926210940637727,0.0003894841963745836,0.00038485965247533503,0.00038485965247533503,26.8075271778488
1779011100,0.00038485965247533503,0.00039692058886280155,0.00038463887239805194,0.00039692058886280155,634.3969130767476
1779012000,0.00039692058886280155,0.00039692058886280155,0.0003903143695230378,0.0003903143695230378,125.5556950214577
1779012900,0.0003903143695230378,0.000396934477873766,0.0003873334192161069,0.0003920080168711353,324.71101144689294
1779013800,0.0003920080168711353,0.0003920080168711353,0.0003338057251809728,0.00037565565094405026,7761.0408404272575
1779014700,0.00037565565094405026,0.00038956208804204526,0.00035267080952135096,0.0003852218532936149,5085.038502569461
1779015600,0.0003852218532936149,0.00039827216423037244,0.0003833314325465471,0.00038599321596039334,1076.6895538976132
1779016500,0.00038599321596039334,0.0003862329455103291,0.00037738855384983165,0.0003809966195940993,244.39119697095907
1779017400,0.0003809966195940993,0.0003809966195940993,0.00037067496138046686,0.0003758608572980189,234.0986961367041
1779018300,0.0003758608572980189,0.0003830128248691869,0.00037575487358167863,0.0003830128248691869,401.25545710301424
1779019200,0.0003830128248691869,0.00039226428351676055,0.00038014634644273105,0.00039226428351676055,726.018447863818
1779020100,0.00039226428351676055,0.0004025590278412085,0.0003918852771783269,0.0003963106999372721,636.9486838007434
1779021000,0.0003963106999372721,0.00040131399990814,0.0003943147003207908,0.0004006258324572054,370.7022913977228
1779021900,0.0004006258324572054,0.0004006258324572054,0.00038836841258218705,0.00038836841258218705,291.43058250783577
1779022800,0.00038836841258218705,0.00039641110904361566,0.00038730777909849675,0.00039641110904361566,573.4980267091703
1779023700,0.00039641110904361566,0.00039641110904361566,0.0003632681630229643,0.000367661983542766,1588.6670768372712
1779024600,0.000367661983542766,0.0003691775968566211,0.000367661983542766,0.0003691174440062276,54.31471706207113
1779025500,0.0003691174440062276,0.00036964112309358007,0.0003645891374579693,0.0003691662608042471,114.05308475136333
1779026400,0.0003691662608042471,0.00038132054511520605,0.00036300549826120813,0.00038105621472119623,878.256689223501
1779027300,0.00038105621472119623,0.00038105621472119623,0.00034810487750781865,0.00035081539972535057,2003.6049925251143
1779028200,0.00035081539972535057,0.0003818352716175847,0.0003506087671585109,0.0003768573092764268,1875.138078572472
1779029100,0.0003768573092764268,0.00037790372285452024,0.0003728500153838411,0.0003728500153838411,15.111548559248487
1779030000,0.0003728500153838411,0.0003766681143059828,0.0003681032912699442,0.00037193467977636116,525.0604942277101
1779030900,0.00037193467977636116,0.00037291744650783364,0.0003659582450828135,0.0003659582450828135,159.65911375819414
1779031800,0.0003659582450828135,0.00036926638314667464,0.00035747697393886404,0.00035747697393886404,495.40597143129963
1779032700,0.00035747697393886404,0.0003619566293153614,0.0003510281643743158,0.0003551565245484843,516.9918741998164
1779033600,0.0003551565245484843,0.0003570646698349738,0.00035070128237269226,0.0003565992016625232,109.06829298738876
1779034500,0.0003565992016625232,0.00035713584515573523,0.0003520294803639279,0.0003520294803639279,84.22142568326635
1779035400,0.0003520294803639279,0.00035706694553841304,0.0003243934621224153,0.00033131072484819814,1906.1970197678327
1779036300,0.00033131072484819814,0.00033986413435370654,0.00033131072484819814,0.00033889355392640414,581.7564851861032
1779037200,0.00033889355392640414,0.000350271154033968,0.00033197682444799744,0.0003475730101957611,1429.0691005210897
1779038100,0.0003475730101957611,0.00037063623823237386,0.0003475730101957611,0.00035897753852367993,1645.1196759371805
1779039000,0.00035897753852367993,0.00035907728210737096,0.0003537166768246955,0.00035855685913478344,11.893227058310345
1779039900,0.00035855685913478344,0.0003702618222130913,0.0003533811280627774,0.0003699551754726414,614.2091362428313
1779040800,0.0003699551754726414,0.0003705161034733566,0.0003613140519901011,0.0003613987017354373,305.870001624737
1779041700,0.0003613987017354373,0.0003732952185563924,0.00036035671608624297,0.0003732952185563924,411.8206902288741
1779042600,0.0003732952185563924,0.0003732952185563924,0.00035519632819398426,0.00035519632819398426,629.1115728922148
1779043500,0.00035519632819398426,0.0003633178533979068,0.00035519632819398426,0.0003633178533979068,380.54988750716035
1779044400,0.0003633178533979068,0.0003633178533979068,0.0003370804512981024,0.00033928104781535213,2728.3759419725093
1779045300,0.00033928104781535213,0.00035090139261467973,0.00033928104781535213,0.0003430132544738991,949.9506637220278
1779046200,0.0003430132544738991,0.0003433504537252414,0.0003386408209068751,0.0003433504537252414,13.127613529503515
1779047100,0.0003433504537252414,0.0003690084041192789,0.0003433504537252414,0.0003690084041192789,1094.2310811281898
1779048000,0.0003690084041192789,0.0003862112919937334,0.0003667301655295328,0.0003833877089689171,2011.1089010820372
1779048900,0.0003833877089689171,0.00039920582822399847,0.00036169052509983575,0.00039920582822399847,2899.2167195111274
1779049800,0.00039920582822399847,0.00039920582822399847,0.00038192666200637457,0.00038196523089538436,693.1399357628976
1779050700,0.00038196523089538436,0.00038196523089538436,0.00037630230668589073,0.00037630230668589073,72.6575792251478
1779051600,0.00037630230668589073,0.00038046195487386635,0.0003713951650555638,0.0003713951650555638,191.0644576269238
1779052500,0.0003713951650555638,0.0003713951650555638,0.00036715959729269635,0.0003679446788512942,385.67377953941696
1779053400,0.0003679446788512942,0.0003701408616458767,0.0003593365923618507,0.00036023909164578806,786.6121312848153
1779054300,0.00036023909164578806,0.00036023909164578806,0.0003479202103959834,0.0003525965491656455,397.934802713179
1779055200,0.0003525965491656455,0.00035590814555714814,0.00034547694824863017,0.00035590814555714814,1125.8594961654078
1779056100,0.00035590814555714814,0.00035590814555714814,0.0003552879950971485,0.00035532736883672435,18.418997704382573
1779057000,0.00035532736883672435,0.00035532736883672435,0.0003273693441723756,0.00033712724299290786,2259.187591792668
1779057900,0.00033712724299290786,0.00033712724299290786,0.0003277769292535529,0.00033027800096662515,629.6343196261382
1779058800,0.00033027800096662515,0.0003304504770707468,0.00033027800096662515,0.0003304504770707468,4.264812491838362
1779059700,0.0003304504770707468,0.0003304504770707468,0.0002895462318325378,0.0003149189567383132,5105.263264226122
1779060600,0.0003149189567383132,0.0003149189567383132,0.0002926366423215011,0.00029911477968120595,3807.2510550622537
1779061500,0.00029911477968120595,0.0003022108037981633,0.000282630779846576,0.0002904921425896175,1822.0623550681441
1779062400,0.0002904921425896175,0.0003013255055309418,0.0002870226725977281,0.00030067022485133173,1692.2878717652559
1779063300,0.00030067022485133173,0.0003021050476820259,0.0002978693616514881,0.0003021050476820259,60.99900575289821
1779064200,0.0003021050476820259,0.0003021050476820259,0.000287359469017458,0.0002902913948444811,1330.8861438356898
1779065100,0.0002902913948444811,0.0003026230803382589,0.0002902913948444811,0.0003004412981435946,1004.2995959473967
1779066000,0.0003004412981435946,0.0003004412981435946,0.0002950994126704992,0.0002950994126704992,258.6335452367355
1779066900,0.0002950994126704992,0.00029825636175753143,0.0002923772023270072,0.00029454416621066214,368.7619449038031
1779067800,0.00029454416621066214,0.00030037179734383556,0.00028707523812814635,0.00030037179734383556,1009.9746096293715
1779068700,0.00030037179734383556,0.00030037179734383556,0.00029367479645772557,0.00029370751004003417,430.90026262475584
1779069600,0.00029370751004003417,0.0003090483998272364,0.00028964188212718997,0.0003090483998272364,889.1573581449528
1779070500,0.0003090483998272364,0.0003092709463162961,0.0003032429910472954,0.0003092709463162961,556.0684972108576
1779071400,0.0003092709463162961,0.00031809666129936555,0.0003058160896469749,0.00031809666129936555,552.6820736243858
1779072300,0.00031809666129936555,0.00031809666129936555,0.00030834682992169406,0.00030834682992169406,624.1200544296765
1779074100,0.00030834682992169406,0.00030834682992169406,0.0003016835493635844,0.00030225688248670783,411.7973214814977
1779075000,0.00030225688248670783,0.00034269174535572853,0.00029366294347589727,0.0003196700283240655,3933.353947692029
1779075900,0.0003196700283240655,0.00033097634625079043,0.0003185613351337319,0.0003241814094520417,1222.8416589323208
1779076800,0.0003241814094520417,0.0003241814094520417,0.0003150943717737025,0.00032309682822366287,660.3832664340889
1779077700,0.00032309682822366287,0.00032309682822366287,0.0003136316699791614,0.00032048814057255193,898.8927029536194
1779079500,0.00032048814057255193,0.0003307180489403025,0.0003180634151963894,0.000329348560012074,1809.646189016071
1779080400,0.000329348560012074,0.000329348560012074,0.0003144727620667279,0.000320953613651466,1286.7240933704293
1779081300,0.000320953613651466,0.0003271899649942151,0.00032073168881100535,0.0003271899649942151,288.15781535083755
1779082200,0.0003271899649942151,0.0003306795163224254,0.000314172861003711,0.0003280997006865817,1526.0120870675844
1779083100,0.0003280997006865817,0.000328215412257043,0.00032389089924379517,0.000328215412257043,9.402183464615494
1779084000,0.000328215412257043,0.00033145054668536517,0.0003236460437342462,0.00032574813617501544,407.27097784320495
1779084900,0.00032574813617501544,0.0003302232899410578,0.00031965880626864273,0.00031965880626864273,278.9880595042455
1779085800,0.00031965880626864273,0.0003219466164224615,0.00031497090506695674,0.0003150402802462568,767.0485697043181
1779086700,0.0003150402802462568,0.0003195717232832876,0.00028817216807764133,0.00031059934273909383,4888.248163668978
1779087600,0.00031059934273909383,0.00031098393304148053,0.00031006721490436234,0.00031006721490436234,27.50742192236938
1779088500,0.00031006721490436234,0.0003161676942443686,0.0003097295105931781,0.00031023568024791,470.4582291138053
1779089400,0.00031023568024791,0.00031098073614887296,0.00030280443295582467,0.000307867093443011,749.3101428799047
1779090300,0.000307867093443011,0.0003087449301386858,0.0003049926876991966,0.0003049926876991966,29.987879647156024
1779091200,0.0003049926876991966,0.0003160037504922855,0.000303689167190616,0.0003160037504922855,622.5337504695129
1779092100,0.0003160037504922855,0.000321149377442935,0.00031499191166694043,0.000321149377442935,530.4561435222064
1779093900,0.000321149377442935,0.00032329661182070677,0.00031580090231267144,0.00031580090231267144,841.9908982391938
1779094800,0.00031580090231267144,0.0003223151238087631,0.0003081934814959336,0.0003223151238087631,664.4924609934355
1779095700,0.0003223151238087631,0.00032787698917425634,0.0003223151238087631,0.00032787698917425634,236.7293008803003
1779096600,0.00032787698917425634,0.00033273711751597123,0.00032328170011789305,0.00033273711751597123,394.8161282207201
1779097500,0.00033273711751597123,0.00033540428457192064,0.00033028054454179286,0.0003336262730204789,59.70709489709046
1779098400,0.0003336262730204789,0.00034048438084993704,0.0003302738962977391,0.0003338070297229143,4785.240408292579
1779099300,0.0003338070297229143,0.0003385562138014599,0.00030180447026247905,0.000305939544233633,5486.958888820957
1779100200,0.000305939544233633,0.00030934659109889515,0.00029935279926863507,0.0003000075691886465,2875.534153271093
1779101100,0.0003000075691886465,0.0003053615534329861,0.00029994674122800887,0.00030415586270841964,1696.2326480813012
1779102000,0.00030415586270841964,0.00030525988438975175,0.00029613775039097443,0.00030023771314928953,1066.5558858125369
1779102900,0.00030023771314928953,0.0003100203976403259,0.00029641492649675394,0.00030393261067789934,784.4859867478093
1779103800,0.00030393261067789934,0.000320085747450224,0.0003011676506747447,0.0003161810835830894,747.0296732926881
1779104700,0.0003161810835830894,0.00032275763644280955,0.0003111372259690128,0.00032275763644280955,728.1969592982523
1779105600,0.00032275763644280955,0.00032475980155345966,0.00032048532314291105,0.0003206809800025231,82.9526615520134
1779106500,0.0003206809800025231,0.0003323929672670443,0.0003206809800025231,0.0003239852704662205,793.4739005480667
1779107400,0.0003239852704662205,0.00032539226027794213,0.00032078459666826564,0.0003242277395208926,65.85908158151996
1779108300,0.0003242277395208926,0.0003242277395208926,0.0003185826436205216,0.0003185826436205216,61.07834411468032
1779109200,0.0003185826436205216,0.00032221667074148233,0.0003185826436205216,0.00032173683131511656,8.470988905882695
1779110100,0.00032173683131511656,0.00032173683131511656,0.00031420960146660826,0.00031420960146660826,135.93101047849842
1779111000,0.00031420960146660826,0.00032587295205240615,0.00031420960146660826,0.00032216405369682655,437.6939399083098
1779111900,0.00032216405369682655,0.00032622933473860466,0.00032072547210354544,0.00032495847874665975,95.15222294099561
1779112800,0.00032495847874665975,0.00032495847874665975,0.00030647602342987043,0.00030744047977905565,859.4989709845003
1779113700,0.00030744047977905565,0.00030744047977905565,0.0002926996474034139,0.000292811641100302,598.8036831034913
1779114600,0.000292811641100302,0.0002964243134700908,0.00028249419001356743,0.0002961855294945143,1739.7230497669855
1779115500,0.0002961855294945143,0.0002989924277510343,0.00028721172263310087,0.0002881395387761736,631.1042239792465
1779116400,0.0002881395387761736,0.0002928592006187117,0.00028038569327263474,0.00028652061910674397,1415.2542153021982
1779117300,0.00028652061910674397,0.0002868258756426328,0.0002667594511434139,0.00027049741273011085,2460.6075429178163
1779118200,0.00027049741273011085,0.00029018339258758994,0.00027049741273011085,0.0002844628330767523,1262.2809211595577
1779119100,0.0002844628330767523,0.0002844628330767523,0.00026766850383421695,0.00027339782911014126,1493.1511810569375
1779120000,0.00027339782911014126,0.00027339782911014126,0.0002507482379404496,0.0002641535210570928,4251.033776698844
1779120900,0.0002641535210570928,0.000275267374650944,0.00025935223490005976,0.00025935223490005976,1316.3395162733043
1779121800,0.00025935223490005976,0.00026776383305899263,0.00022364011874239108,0.0002449827884333975,7561.7275941909775
1779122700,0.0002449827884333975,0.0002563537123746216,0.00024047991768091906,0.0002510126054363807,1813.954414574055
1779123600,0.0002510126054363807,0.0002538720739409843,0.00024795224341978,0.0002510745708333845,696.7167450696148
1779124500,0.0002510745708333845,0.0002510745708333845,0.00023975187551894902,0.00023975187551894902,619.9997631583299
1779125400,0.00023975187551894902,0.0002521261815817246,0.00023975187551894902,0.0002484096651667643,1225.0544146096236
1779126300,0.0002484096651667643,0.0002536114845901446,0.0002484096651667643,0.0002495205480034577,173.40891691515998
1779127200,0.0002495205480034577,0.0002532176152781648,0.0002400903689386757,0.00024543174743781303,1669.0782532713981
1779128100,0.00024543174743781303,0.0002459147322269383,0.00023072464836919538,0.00023108684067378176,3237.430610636235
1779129000,0.00023108684067378176,0.00025744626219859036,0.00023108684067378176,0.0002549586521913256,1499.0556665626461
1779129900,0.0002549586521913256,0.0002549586521913256,0.0002487689865066086,0.0002487689865066086,307.43165645049106
1779130800,0.0002487689865066086,0.0002535525453457415,0.0002477786046244132,0.00024801409906117296,246.22246727794303
1779131700,0.00024801409906117296,0.0002542013873213732,0.00024801409906117296,0.00025194835084872355,411.70418492881134
1779132600,0.00025194835084872355,0.00025194835084872355,0.0002463582732150806,0.0002463582732150806,383.26369177833266
1779133500,0.0002463582732150806,0.00024735596504110946,0.00023739110410421837,0.00023757328334132345,740.4923011881742
1779134400,0.00023757328334132345,0.00024656328150834294,0.00023757328334132345,0.00024168026111124683,448.4215023720611
1779135300,0.00024168026111124683,0.0002458428159712431,0.0002383466473312019,0.00023972818717545225,766.076069684707
1779136200,0.00023972818717545225,0.00024827648696184354,0.00023951933601054257,0.00024827648696184354,615.0461993423966
1779137100,0.00024827648696184354,0.00025269922239711705,0.00024827648696184354,0.00025269922239711705,127.58140071172427
1779138000,0.00025269922239711705,0.00025269922239711705,0.00024010929276538573,0.00024050777226537892,788.0225081325144
1779138900,0.00024050777226537892,0.00024080083593532085,0.00022693299873273066,0.0002375051121801797,1379.0571917931604
1779139800,0.0002375051121801797,0.00024126623021333504,0.0002375051121801797,0.00023839204640918463,191.3991027878701
1779140700,0.00023839204640918463,0.00024471711077895885,0.00023480621558238926,0.00023712174346954273,961.4659467816834
1779141600,0.00023712174346954273,0.00024452122713680203,0.00022450934005097822,0.0002388551206270904,5599.698286616404
1779142500,0.0002388551206270904,0.0002388551206270904,0.00018834297609385362,0.00022523787147470857,7650.665167595986
1779143400,0.00022523787147470857,0.00023443283540393035,0.00022523787147470857,0.00022605322433852238,1441.6276940405953
1779144300,0.00022605322433852238,0.00022669780049295793,0.00022180261822317863,0.00022669780049295793,385.2934222521813
1779145200,0.00022669780049295793,0.00024205288153329545,0.00022439961694907718,0.00023778875240863204,1976.5519343374883
1779146100,0.00023778875240863204,0.00023860766727264228,0.0002318354706606098,0.0002318354706606098,295.2233097567408
1779147000,0.0002318354706606098,0.0002614790671784271,0.00023120614288030724,0.00025147246321297084,3903.6898392437884
1779147900,0.00025147246321297084,0.00025147246321297084,0.00024012273914570265,0.00024012273914570265,451.9176827391608
1779148800,0.00024012273914570265,0.0002439436875304243,0.00024001609037032964,0.00024125134715874205,97.23061833627958
1779149700,0.00024125134715874205,0.00024309012980529635,0.00023959679088670857,0.00024309012980529635,90.43850179095595
1779150600,0.00024309012980529635,0.000243464873507454,0.00023444342141579715,0.00023922298099971745,649.8708078874062
1779151500,0.00023922298099971745,0.00023922298099971745,0.00023532796048421,0.00023779424553686064,137.05943206231052
1779152400,0.00023779424553686064,0.00024641466686154155,0.00023779424553686064,0.00024276270166635836,484.36929055063774
1779153300,0.00024276270166635836,0.00025396352513806135,0.00024276270166635836,0.000248169683800787,516.6712504559638
1779154200,0.000248169683800787,0.0002490118702866479,0.0002458845166794161,0.0002487872105699132,137.41348893270344
1779155100,0.0002487872105699132,0.0002487872105699132,0.00024119618208032835,0.00024400213520557024,235.64428257079956
1779156000,0.00024400213520557024,0.00024400213520557024,0.00023883774231695082,0.0002408842276885536,223.6663488418726
1779156900,0.0002408842276885536,0.0002535074043702911,0.00023775144347724329,0.0002532595112131403,714.1832630563895
1779157800,0.0002532595112131403,0.0002532595112131403,0.0002493186690076538,0.00025246997115805416,5.189407120315971
1779158700,0.00025246997115805416,0.00025246997115805416,0.00023104167787550676,0.0002333228942249928,3316.098776579373
1779159600,0.0002333228942249928,0.00023374532329164619,0.0002333228942249928,0.00023374532329164619,41.60665585443944
1779160500,0.00023374532329164619,0.00023915020071011797,0.00022957340387493377,0.00023915020071011797,591.1581692587242
1779161400,0.00023915020071011797,0.00024000201382593647,0.00021204751193943283,0.00022036851429568067,3378.6840383657886
1779162300,0.00022036851429568067,0.00022036851429568067,0.0002093403883896712,0.0002153507785518448,1411.013614275333
1779163200,0.0002153507785518448,0.0002213647629970291,0.0002145886649928868,0.0002145886649928868,463.4289155611281
1779164100,0.0002145886649928868,0.00023001971648580193,0.0002145886649928868,0.00022383669439104295,1258.7568478466164
1779165000,0.00022383669439104295,0.00022451598300471932,0.00021968753819206035,0.00021968753819206035,176.81948586866605
1779165900,0.00021968753819206035,0.0002218494502698346,0.0002187226167603815,0.0002187226167603815,33.03661913651559
1779166800,0.0002187226167603815,0.00022223053622289862,0.000207256705744441,0.00021532982068238828,1490.4086226915774
1779167700,0.00021532982068238828,0.00021592626147292309,0.00021349761267903247,0.00021580425590663233,14.122884033909283
1779168600,0.00021580425590663233,0.00021793708592627494,0.0002086627847366278,0.0002097495101808393,942.9975072112604
1779169500,0.0002097495101808393,0.0002097495101808393,0.00019117781236808705,0.00020261760226350094,1716.322099208612
1779170400,0.00020261760226350094,0.00021722551366019072,0.00020261760226350094,0.00021446579580903637,1251.835102714665
1779171300,0.00021446579580903637,0.00022891235552055544,0.00021258982321189026,0.00022608682295781782,1183.4278335582524
1779172200,0.00022608682295781782,0.00023118218937974493,0.00022323237118168014,0.00022529386674163997,585.2714956882097
1779173100,0.00022529386674163997,0.00022529386674163997,0.00022038232974915404,0.00022289143919643128,109.03136317795887
1779174000,0.00022289143919643128,0.000229991499911672,0.00022045294414312517,0.00022867364469878327,557.3547239893323
1779174900,0.00022867364469878327,0.00023037960125676647,0.0002228200185272248,0.00022938742867409023,902.9792161525867
1779175800,0.00022938742867409023,0.00023174915597431577,0.00022778264233351054,0.00022778264233351054,140.744139882555
1779176700,0.00022778264233351054,0.00022964851180043842,0.00022674849738770096,0.00022964851180043842,46.1724283990223
1779177600,0.00022964851180043842,0.00022964851180043842,0.00022462748882195763,0.00022462748882195763,80.97368810047216
1779178500,0.00022462748882195763,0.0002286145847641738,0.00022462748882195763,0.0002286145847641738,94.10569051976198
1779179400,0.0002286145847641738,0.0002286145847641738,0.0002228215294469664,0.0002228215294469664,210.33533584845608
1779180300,0.0002228215294469664,0.0002228215294469664,0.00020240994703081772,0.00021524719055310987,2539.2056943104844
1779181200,0.00021524719055310987,0.0002161789415592063,0.00020049175286800754,0.00021408791270107467,1780.550419474972
1779182100,0.00021408791270107467,0.00021409920826638484,0.00021015635730199452,0.00021015635730199452,24.64098411896519
1779183000,0.00021015635730199452,0.00021323959008070885,0.0002091847772713233,0.00021323959008070885,262.69242360736
1779183900,0.00021323959008070885,0.0002144049322077474,0.00021101855047126782,0.0002134288545482509,183.20150542814062
1779184800,0.0002134288545482509,0.00023700633363182115,0.00021058279173646855,0.00023377927627701116,1549.0961824303363
1779185700,0.00023377927627701116,0.00023713261344323792,0.00023377927627701116,0.00023713261344323792,28.64632747355498
1779186600,0.00023713261344323792,0.00024020460634121025,0.00021475623689280371,0.0002170090112038213,3199.4841139856194
1779187500,0.0002170090112038213,0.00025275193963157893,0.00021381400244515977,0.00023880177201927383,4765.1439919740105
1779188400,0.00023880177201927383,0.0002391223762375439,0.00023529723469070256,0.00023699044344486977,219.72224037692695
1779189300,0.00023699044344486977,0.00023699044344486977,0.00023032108343160022,0.00023390099445400964,354.65514245839637
1779190200,0.00023390099445400964,0.00023390099445400964,0.00022218961630942724,0.00022500371429110802,1036.0886410048395
1779191100,0.00022500371429110802,0.00023440886210140052,0.00022195830376990928,0.00023267527708852569,632.9861218485092
1779192000,0.00023267527708852569,0.0002583792994084711,0.00023267527708852569,0.00025098700943059404,1941.7878949621181
1779192900,0.00025098700943059404,0.0002532639949900761,0.00024560608658352805,0.00024586957006937036,540.0167476655423
1779193800,0.00024586957006937036,0.0002546302156634189,0.00023767149143600705,0.0002546302156634189,2050.5894213091365
1779194700,0.0002546302156634189,0.0002547069887801076,0.00025110215717638563,0.00025110215717638563,28.599995751891505
1779195600,0.00025110215717638563,0.00025280301441730005,0.00024642122174380683,0.00024695697670775065,399.1786976304908
1779196500,0.00024695697670775065,0.0002736991389057855,0.00024695697670775065,0.0002632013509296748,2009.0305214742377
1779197400,0.0002632013509296748,0.0002689702699284907,0.0002632013509296748,0.0002682756407632807,245.09457436053117
1779198300,0.0002682756407632807,0.00026866558585412424,0.00025785010133571733,0.00025963749352705067,478.87177370329607
1779199200,0.00025963749352705067,0.00025963749352705067,0.00024006940302353927,0.00024186700916772717,1431.1050679915154
1779200100,0.00024186700916772717,0.0002948045691968228,0.00024186700916772717,0.0002784208473387459,8408.98213083227
1779201000,0.0002784208473387459,0.0002784208473387459,0.00026988796161824647,0.0002735490497108577,345.62925795292165
1779201900,0.0002735490497108577,0.0003011777461579729,0.0002735490497108577,0.00028096818237083673,2159.9246276540825
1779202800,0.00028096818237083673,0.0002810184733432441,0.0002756063845221509,0.000279157726300905,485.33998092845735
1779203700,0.000279157726300905,0.00027972781053009537,0.0002632967338845598,0.00026824832827320084,702.3107831287516
1779204600,0.00026824832827320084,0.00028038881029736915,0.00026824832827320084,0.00028038881029736915,542.881109667218
1779205500,0.00028038881029736915,0.00028349658305180003,0.00028038881029736915,0.0002815610919407209,384.20093230835903
1779206400,0.0002815610919407209,0.00029035149951212264,0.00028042807241309504,0.00029035149951212264,551.9519612108675
1779207300,0.00029035149951212264,0.00029522055018605986,0.0002901862282619851,0.0002915871109984055,74.46444410255006
1779208200,0.0002915871109984055,0.0002915871109984055,0.00023873145746888415,0.00026390405879898844,2462.0907682513443
1779209100,0.00026390405879898844,0.00027532446176492493,0.00025849581070260723,0.00026089032151095355,1157.41903288624
1779210000,0.00026089032151095355,0.0002753210264129201,0.0002562965801289054,0.0002713142207413415,1023.6801757095067
1779210900,0.0002713142207413415,0.000275532635292749,0.00027077575904740057,0.0002742995910552906,185.66441080434998
1779211800,0.0002742995910552906,0.00028782423109554776,0.0002706837547043517,0.0002706837547043517,2400.2433011983667
1779212700,0.0002706837547043517,0.00027436637034780945,0.000258903296582329,0.00025925637903345775,670.7043327094021
1779213600,0.00025925637903345775,0.0002638995139168336,0.00025925637903345775,0.0002638995139168336,51.00506792137284
1779214500,0.0002638995139168336,0.0002657935696543777,0.0002637743280373352,0.0002637743280373352,200.99858396017237
1779215400,0.0002637743280373352,0.0002637743280373352,0.00025877586331817264,0.00025877586331817264,211.10224714679418
1779216300,0.00025877586331817264,0.0002641929313055905,0.00025877586331817264,0.0002641929313055905,216.7681637529619
1779217200,0.0002641929313055905,0.0002641929313055905,0.0002508250625745123,0.00025257165446626476,858.8561887183333
1779218100,0.00025257165446626476,0.00025322360717924044,0.00025257165446626476,0.0002527011184841798,9.708495401211236
1779219000,0.0002527011184841798,0.00026927239692805795,0.0002471612623125604,0.0002689250459319261,1455.3260564510458
1779219900,0.0002689250459319261,0.00027146806398575823,0.00026783735814089676,0.00026783735814089676,214.16237246692316
1779220800,0.00026783735814089676,0.00026783735814089676,0.00025860293076455633,0.00025860293076455633,625.295818856563
1779221700,0.00025860293076455633,0.00025860293076455633,0.0002550039343176909,0.0002550039343176909,33.566275301164595
1779222600,0.0002550039343176909,0.0002582458475047821,0.0002550039343176909,0.0002582458475047821,9.13779026956282
1779223500,0.0002582458475047821,0.0002593437554544306,0.0002582458475047821,0.0002593437554544306,71.18413470348524
1779224400,0.0002593437554544306,0.00025998858155728497,0.0002553934831036236,0.0002553934831036236,257.18827535526907
1779225300,0.0002553934831036236,0.00025797290481351706,0.0002553934831036236,0.00025797290481351706,66.70003822889295
1779226200,0.00025797290481351706,0.0002746500749624412,0.00025797290481351706,0.0002730522741239292,1078.0502281840602
1779227100,0.0002730522741239292,0.0002730522741239292,0.0002704113803719098,0.0002704113803719098,117.69295464168823
1779228000,0.0002704113803719098,0.0002704113803719098,0.000269536825264736,0.000269536825264736,8.188470163940194
1779228900,0.000269536825264736,0.00027436756444476894,0.0002675190965839564,0.0002675190965839564,564.3183262339898
1779229800,0.0002675190965839564,0.0002675190965839564,0.00026247119148652733,0.00026247119148652733,17.09353152260108
1779230700,0.00026247119148652733,0.00026247119148652733,0.00025945988395025216,0.00025945988395025216,151.1757498242652
1779231600,0.00025945988395025216,0.00025945988395025216,0.0002586963867953837,0.0002586963867953837,14.023845741813538
1779233400,0.0002586963867953837,0.0002824104483873541,0.0002586963867953837,0.0002796768336533733,1099.8819792770012
1779234300,0.0002796768336533733,0.0002796768336533733,0.00027519143083145617,0.00027519143083145617,365.96945817405987
1779235200,0.00027519143083145617,0.0002929255829364875,0.00027519143083145617,0.0002833156060295038,1484.874673869501
1779236100,0.0002833156060295038,0.0002840446393908353,0.0002833156060295038,0.0002840446393908353,18.252803070093076
1779237000,0.0002840446393908353,0.0002840446393908353,0.000277327442623831,0.000277327442623831,331.9842108156216
1779237900,0.000277327442623831,0.000277327442623831,0.0002742827110517443,0.0002742827110517443,0.6052861827131737
1779238800,0.0002742827110517443,0.0002742827110517443,0.0002711892785655386,0.0002716461531943539,151.18199739614695
1779239700,0.0002716461531943539,0.0002716461531943539,0.0002663228137919029,0.0002663228137919029,327.54725619732994
1779240600,0.0002663228137919029,0.00026961048655666913,0.0002663228137919029,0.00026961048655666913,130.46464216570863
1779241500,0.00026961048655666913,0.00026961048655666913,0.0002520305529517002,0.00026395649432783965,2492.565234738008
1779243300,0.00026395649432783965,0.00026395649432783965,0.0002598351723570313,0.0002598351723570313,179.66006531552628
1779245100,0.0002598351723570313,0.00026519053158518597,0.00025751311296458697,0.00025865841322509795,942.3397160030473
1779246000,0.00025865841322509795,0.00025865841322509795,0.00025196175090085726,0.0002560092610903866,441.0706292235264
1779246900,0.0002560092610903866,0.0002560092610903866,0.0002548009435826557,0.0002550958847279457,47.34905943001147
1779247800,0.0002550958847279457,0.0002609514012220106,0.0002550958847279457,0.00025647936528245706,164.87510440592507
1779248700,0.00025647936528245706,0.00026149709706376156,0.00025647936528245706,0.00025816458697347055,136.8745407763373
1779250500,0.00025816458697347055,0.0002625841010145965,0.00025816458697347055,0.0002588206793170544,104.70098792647116
1779251400,0.0002588206793170544,0.0002588206793170544,0.0002393639440040041,0.00024687561264806246,1872.2433924478562
1779252300,0.00024687561264806246,0.00024801530227226004,0.00024687561264806246,0.00024801530227226004,12.076322399917242
1779253200,0.00024801530227226004,0.00024801530227226004,0.00024448068822384173,0.00024448068822384173,322.95049027921
1779254100,0.00024448068822384173,0.0002490766980851345,0.00024448068822384173,0.0002490766980851345,217.9765101700883
1779255000,0.0002490766980851345,0.00025047203327490644,0.00024721288167296333,0.00024721288167296333,73.3246836328041
1779255900,0.00024721288167296333,0.0002474650246861355,0.00024354339938398808,0.0002474650246861355,284.24115543965183
1779256800,0.0002474650246861355,0.0002644219479996402,0.0002474650246861355,0.0002644219479996402,834.2525150695888
1779257700,0.0002644219479996402,0.0002644219479996402,0.00025563237051518336,0.00025563237051518336,487.5538605207747
1779258600,0.00025563237051518336,0.00025563237051518336,0.0002497866951026706,0.00025116304763588986,240.6286382294782
1779259500,0.00025116304763588986,0.00025684089577722,0.0002371485899974291,0.00024098652270138573,1749.5619099891626
1779260400,0.00024098652270138573,0.00024752779328767686,0.00023983495160043655,0.00024752779328767686,373.6577666159401
1779261300,0.00024752779328767686,0.0002488828234761833,0.00024752779328767686,0.0002488828234761833,8.411828908246392
1779262200,0.0002488828234761833,0.00028443274326061,0.0002488828234761833,0.00028067086843573533,2579.3683659424305
1779263100,0.00028067086843573533,0.00029313224664521444,0.0002799679785927601,0.0002799679785927601,1448.2482695053743
1779264000,0.0002799679785927601,0.0002799679785927601,0.00027562355927341216,0.00027562355927341216,173.44249966144432
1779264900,0.00027562355927341216,0.00029024966584217986,0.00027535350382710964,0.0002862865786510045,766.2310682397357
1779265800,0.0002862865786510045,0.00029393232211105187,0.0002751789737724081,0.0002804866065375343,2096.190546582661
1779266700,0.0002804866065375343,0.0002804866065375343,0.00027439198461006473,0.0002782961623891578,306.12797735958753
1779267600,0.0002782961623891578,0.0002782961623891578,0.00027429452288671907,0.00027429452288671907,32.0248995728083
1779268500,0.00027429452288671907,0.00027794812922789995,0.000274119762466726,0.000274119762466726,58.72289064497894
1779269400,0.000274119762466726,0.00030927547144297035,0.000274119762466726,0.0002960096970565424,2341.4820085509123
1779270300,0.0002960096970565424,0.0003083726011090014,0.0002954139027070119,0.0003038996072755842,1586.919075168706
1779271200,0.0003038996072755842,0.0003089295158157827,0.0002941087225328988,0.0002941087225328988,913.270171080019
1779272100,0.0002941087225328988,0.00029803482229255466,0.00029184174915302817,0.00029205649852080646,206.39783933931264
1779273000,0.00029205649852080646,0.00029604446445991424,0.0002886864830536736,0.0002886864830536736,285.36310902732544
1779273900,0.0002886864830536736,0.0002886864830536736,0.0002751559969768448,0.0002826202118823509,1422.1977025420406
1779274800,0.0002826202118823509,0.0002826248402937036,0.00027647609342196233,0.00027804186529904826,347.9354150713256
1779275700,0.00027804186529904826,0.00027804186529904826,0.00027246383911070694,0.00027246383911070694,115.64254839628623
1779276600,0.00027246383911070694,0.00027594348148737976,0.00027246383911070694,0.00027594348148737976,20.989927210482904
1779278400,0.00027594348148737976,0.0002786531344805921,0.00027594348148737976,0.0002786531344805921,128.91442143581673
1779279300,0.0002786531344805921,0.00028064700574644236,0.0002765844261833084,0.0002765844261833084,134.79179717376118
1779280200,0.0002765844261833084,0.00028949983931528896,0.0002765844261833084,0.00028706828022693267,1138.3714003843763
1779281100,0.00028706828022693267,0.00029367056286075215,0.00028706828022693267,0.00029060710035325583,95.9091011937194
1779282900,0.00029060710035325583,0.00029060710035325583,0.0002623961941838404,0.0002660446274362639,3155.1276873516003
1779283800,0.0002660446274362639,0.0002665820065647764,0.00026209500114255876,0.00026209500114255876,33.72506358924787
1779284700,0.00026209500114255876,0.000269144994473115,0.00026209500114255876,0.0002662480704760915,172.4535461723079
1779285600,0.0002662480704760915,0.00026999741513231937,0.0002662480704760915,0.00026999741513231937,1.3783622212963749
1779286500,0.00026999741513231937,0.00026999741513231937,0.00022062323425667767,0.00025159186773836696,9013.925395364562
1779287400,0.00025159186773836696,0.000254929660688373,0.0002494751424499981,0.0002529704186066316,308.7544611993495
1779288300,0.0002529704186066316,0.00025376866902983655,0.00024178614771154107,0.00024649275044550295,946.0992905768786
1779289200,0.00024649275044550295,0.0002615084854702038,0.00024528786545365645,0.00025144748925092945,1102.5125200153693
1779290100,0.00025144748925092945,0.0002547441318628929,0.0002497476632034113,0.0002497476632034113,273.64498047543543
1779291000,0.0002497476632034113,0.0002528691853120186,0.0002487281375949078,0.00025139687915718957,57.738984114021605
1779291900,0.00025139687915718957,0.0002515234661492463,0.000248283050605807,0.0002515234661492463,104.19099013653012
1779292800,0.0002515234661492463,0.0002556656908855631,0.00024205102971326726,0.00024231949544614226,957.9666996936219
1779293700,0.00024231949544614226,0.00024645818418149424,0.0002378287427352975,0.00024645818418149424,601.157135773365
1779294600,0.00024645818418149424,0.00026169964149578634,0.00024645818418149424,0.00025713755965976976,1764.4126830650214
1779295500,0.00025713755965976976,0.00025932192411960887,0.000252984692953281,0.00025616839893333524,400.2134805583582
1779296400,0.00025616839893333524,0.00025616839893333524,0.0002492970184928832,0.000250317889850813,275.3321374054501
1779297300,0.000250317889850813,0.000250317889850813,0.00023205443849278913,0.0002361214315304332,1321.6973450639118
1779298200,0.0002361214315304332,0.0002379336359185474,0.00023469485281764075,0.00023469485281764075,90.78626508971045
1779299100,0.00023469485281764075,0.00023503719519862596,0.00022846294633817516,0.00022846294633817516,312.1819784578317
1779300000,0.00022846294633817516,0.0002400386884910377,0.0002279966004398481,0.00023698247044826715,514.1143409633213
1779300900,0.00023698247044826715,0.0002384483600185279,0.00022753998727719263,0.00023278845142538104,1252.5514484879675
1779302700,0.00023278845142538104,0.00023278845142538104,0.00021764914374202186,0.00022581715665834866,2787.0151065220793
1779303600,0.00022581715665834866,0.00023191155532444947,0.00022581715665834866,0.00022865824192389858,379.159459951174
1779304500,0.00022865824192389858,0.0002309164645769952,0.00022642093698495592,0.0002294568767070511,293.3322966741454
1779305400,0.0002294568767070511,0.00023412516895254443,0.0002294568767070511,0.00023412516895254443,168.6536625974002
1779306300,0.00023412516895254443,0.00023887007074858895,0.00023281870912588034,0.00023887007074858895,262.6504082335059
1779308100,0.00023887007074858895,0.00023887007074858895,0.0002322309163057559,0.00023682153533978868,534.836504115287
1779309000,0.00023682153533978868,0.00023682153533978868,0.00023620354163349377,0.00023620354163349377,52.1091631266379
1779309900,0.00023620354163349377,0.00024203120424674043,0.00023620354163349377,0.00023986185641875594,886.5747740415264
1779310800,0.00023986185641875594,0.00023986185641875594,0.00023969277219691154,0.00023969277219691154,4.829220443734805
1779311700,0.00023969277219691154,0.0002445456415928637,0.00023906302391197458,0.0002445456415928637,745.219741723683
1779312600,0.0002445456415928637,0.0002445456415928637,0.0002243683037718045,0.00024265622525036247,2619.757712182738
1779313500,0.00024265622525036247,0.00024265622525036247,0.00023531125239106894,0.00023531125239106894,247.1282581950803
1779314400,0.00023531125239106894,0.00023531125239106894,0.00023433684922723793,0.00023433684922723793,44.66704299531363
1779315300,0.00023433684922723793,0.00023661126106095753,0.0001869969174735242,0.00021117620536446262,6133.536967073556
1779316200,0.00021117620536446262,0.00022278325509493145,0.0002019508874612427,0.00020558777879213315,3068.1633085578437
1779317100,0.00020558777879213315,0.00021059463690644117,0.0002047045714407697,0.00021059463690644117,441.100965751327
1779318000,0.00021059463690644117,0.00021059463690644117,0.00020478567836239666,0.00020478567836239666,354.3539583516551
1779318900,0.00020478567836239666,0.00020758085118826239,0.00020285464231295958,0.00020556578139483835,187.65933193044862
1779319800,0.00020556578139483835,0.00020982415515684189,0.00020244178374897618,0.00020682392410741472,600.80448382459
1779320700,0.00020682392410741472,0.00020682392410741472,0.00019656287599969106,0.00020084362364984008,1221.5473261085974
1779321600,0.00020084362364984008,0.0002058176957042409,0.00020061708307053729,0.00020466691434544465,545.2900762727915
1779322500,0.00020466691434544465,0.00020466691434544465,0.00019702235840289922,0.00019811498388898148,352.6193929206198
1779323400,0.00019811498388898148,0.00021212637658121595,0.00019539649399509448,0.00021182507203303973,1120.23947415944
1779324300,0.00021182507203303973,0.00021579030172951756,0.00018146745166088983,0.00018752810852350698,3207.494795657949
1779325200,0.00018752810852350698,0.00019004360723997026,0.0001848085382140235,0.00018860749675718113,986.9325705348186
1779326100,0.00018860749675718113,0.00019022286330368763,0.0001841891427255042,0.0001841891427255042,927.528849470835
1779327000,0.0001841891427255042,0.00018793370627680144,0.0001841891427255042,0.00018481960310605793,279.31842510501434
1779327900,0.00018481960310605793,0.0001859284162453399,0.0001828059059858495,0.0001828059059858495,155.89097638984907
1779328800,0.0001828059059858495,0.0001915789531145246,0.00018162425627334016,0.0001912351717148369,924.7121025323119
1779329700,0.0001912351717148369,0.00019344961097482173,0.00019096384979640913,0.00019096384979640913,22.582272102712547
1779330600,0.00019096384979640913,0.00019096384979640913,0.0001823195221286939,0.00018386120024884028,579.468296909252
1779332400,0.00018386120024884028,0.00018761362512971378,0.0001822432671322626,0.00018426927577082198,360.00493389510206
1779333300,0.00018426927577082198,0.00018614127876556957,0.00018426927577082198,0.00018614127876556957,4.912674714441173
1779334200,0.00018614127876556957,0.00018684745268985286,0.00018614127876556957,0.00018684745268985286,47.82752097145981
1779335100,0.00018684745268985286,0.00019068871422113457,0.0001831746155924507,0.00019003848248169437,602.4963231915425
1779336000,0.00019003848248169437,0.0001931924828876575,0.00019003848248169437,0.0001905948411392328,88.90299675401084
1779336900,0.0001905948411392328,0.00019354473355748405,0.00019020994225862455,0.00019020994225862455,240.57897255905272
1779337800,0.00019020994225862455,0.00019020994225862455,0.00017715124724684782,0.00018145440744346775,1333.778264036036
1779338700,0.00018145440744346775,0.0001840745626518794,0.00018017016952682905,0.00018115313631036204,224.41569441926652
1779339600,0.00018115313631036204,0.00018457112462903264,0.00018115313631036204,0.00018457112462903264,214.42013033962292
1779340500,0.00018457112462903264,0.0001850772373220599,0.00018269597123426472,0.00018269597123426472,161.99079509980928
1779341400,0.00018269597123426472,0.00018269597123426472,0.0001789901066955171,0.00018105352628164026,222.27210342504117
1779342300,0.00018105352628164026,0.00018110260404669858,0.0001759639220848055,0.0001759639220848055,153.35197415617378
1779343200,0.0001759639220848055,0.00019406526568930193,0.0001759639220848055,0.0001899871256281143,1873.7699598405393
1779345000,0.0001899871256281143,0.0001984309963904141,0.0001899871256281143,0.0001970099206291932,592.0898122832943
1779345900,0.0001970099206291932,0.00019929975725264498,0.0001970099206291932,0.00019929975725264498,0.009485069064673949
1779346800,0.00019929975725264498,0.00019929975725264498,0.00019550459225328362,0.00019723965856579943,129.97480328009092
1779347700,0.00019723965856579943,0.00019723965856579943,0.00019254360686230974,0.00019254360686230974,177.22918741212033
1779348600,0.00019254360686230974,0.0001944356493858798,0.00018878175694571415,0.00019178607997188837,468.0734256042412
1779349500,0.00019178607997188837,0.00019333128717671316,0.00018739717345775595,0.00019333128717671316,780.2180753305046
1779350400,0.00019333128717671316,0.00019575759573111097,0.0001911616117211222,0.0001911616117211222,488.5974530718294
1779351300,0.0001911616117211222,0.00019452586149569482,0.0001911616117211222,0.00019441253847781126,93.53304891545268
1779352200,0.00019441253847781126,0.00019441253847781126,0.00018327359330037925,0.00018976627419299317,1530.631619978844
1779353100,0.00018976627419299317,0.00019220916048879192,0.00018816983979946447,0.00018816983979946447,426.244492536029
1779354000,0.00018816983979946447,0.0001932213059372464,0.00018816983979946447,0.0001932213059372464,380.9244820668076
1779354900,0.0001932213059372464,0.00020141235831585156,0.00019262081233275354,0.0002008167004992761,608.2944742210432
1779355800,0.0002008167004992761,0.0002008167004992761,0.00019495715725612682,0.00019562518442454267,443.77306384264364
1779356700,0.00019562518442454267,0.00019837302020739607,0.00019479600514339107,0.0001973829164148432,166.63123508750766
1779357600,0.0001973829164148432,0.00020209950249167025,0.00019426962276804867,0.00020209950249167025,544.4106377877571
1779358500,0.00020209950249167025,0.00020264065890315006,0.00019677135346395317,0.00019677135346395317,184.9844545068999
1779359400,0.00019677135346395317,0.00019797672264604388,0.00019445370577283634,0.00019797672264604388,125.53607932203775
1779360300,0.00019797672264604388,0.00019797672264604388,0.00018770010363048075,0.00018969979691344099,522.3568198167211
1779361200,0.00018969979691344099,0.00018969979691344099,0.00018362311366046632,0.0001858362546871559,466.1653318359232
1779362100,0.0001858362546871559,0.0001866129624379105,0.00018200133508604804,0.00018200133508604804,233.02400614073133
1779363000,0.00018200133508604804,0.0001851317907517592,0.00018200133508604804,0.00018440405902042634,137.81236503286715
1779363900,0.00018440405902042634,0.00020137267092328067,0.00018433871907641377,0.00020137267092328067,1205.6332369567872
1779364800,0.00020137267092328067,0.00020137267092328067,0.0001970103631773281,0.00019820434548257457,186.92968622290263
1779365700,0.00019820434548257457,0.0002170723845310254,0.00018812855464604846,0.00019019416375458848,2760.548581918475
1779366600,0.00019019416375458848,0.00019371322594921047,0.0001872425116806729,0.00019371322594921047,567.6600508332223
1779367500,0.00019371322594921047,0.00020042868196131503,0.00019371322594921047,0.00019609705452657312,302.5501142907649
1779368400,0.00019609705452657312,0.00019609705452657312,0.00019325788191557546,0.00019425417149858827,198.74106306723573
1779369300,0.00019425417149858827,0.00020476106411245943,0.00019425417149858827,0.00020476106411245943,646.1182140862074
1779370200,0.00020476106411245943,0.00021317447311292094,0.000194716782300259,0.00019747363430421816,2238.4654922224186
1779371100,0.00019747363430421816,0.0002027325952754906,0.00019747363430421816,0.00020000114045851165,64.3946224960815
1779372000,0.00020000114045851165,0.0002035394927284943,0.00019967885303369753,0.0002035394927284943,148.32914798274413
1779372900,0.0002035394927284943,0.00020440924144372223,0.00020134150394405685,0.00020440924144372223,36.55235994976615
1779373800,0.00020440924144372223,0.00020542767998786625,0.0002024711481838047,0.00020520459909148804,10.55423425283878
1779375600,0.00020520459909148804,0.00020520459909148804,0.00018709969270857174,0.00018709969270857174,1080.285549903114
1779376500,0.00018709969270857174,0.00019839974814893718,0.00018709969270857174,0.00019757584853937512,711.8935291584423
1779377400,0.00019757584853937512,0.00019804498841389167,0.00019739305198831057,0.00019739305198831057,53.30654142795481
1779378300,0.00019739305198831057,0.00019739305198831057,0.0001957412679618518,0.0001957412679618518,105.4180466938175
1779379200,0.0001957412679618518,0.00019770866868377643,0.000189302421436953,0.00019113886646196393,358.5115480834014
1779381000,0.00019113886646196393,0.00019113886646196393,0.0001747174189264758,0.00018334975581186302,1869.8997980315282
1779381900,0.00018334975581186302,0.00018601832984318543,0.00018004752706950728,0.00018004752706950728,268.9941762184136
1779382800,0.00018004752706950728,0.00018306258973601694,0.000168519125052268,0.00017714750709949236,2134.997246504826
1779383700,0.00017714750709949236,0.00017941194035389448,0.00017632752924153907,0.00017941194035389448,43.73180821318993
1779384600,0.00017941194035389448,0.000180289168617318,0.00017749975599348647,0.00017969634361773463,67.79501210528747
1779385500,0.00017969634361773463,0.00017969634361773463,0.00017743695837357776,0.00017743695837357776,50.48458658570587
1779386400,0.00017743695837357776,0.00017743695837357776,0.00016815056917808573,0.0001723105140634025,899.5119538332723
1779387300,0.0001723105140634025,0.00018004442586875703,0.0001723105140634025,0.00018004442586875703,476.55964720857054
1779388200,0.00018004442586875703,0.00018743001214489242,0.00018004442586875703,0.00018395668167896811,672.6516729830598
1779389100,0.00018395668167896811,0.00018395668167896811,0.00017723772549091188,0.00017834132675803916,660.2099534837721
1779390000,0.00017834132675803916,0.0001816433240949399,0.00017834132675803916,0.0001816433240949399,43.59174211108939
1779390900,0.0001816433240949399,0.0001821197596828961,0.00017696388892641523,0.00017698882227934424,593.5940387499071
1779391800,0.00017698882227934424,0.00017791064711888315,0.00017436526024712195,0.00017545975157848132,90.32994565227177
1779392700,0.00017545975157848132,0.00017545975157848132,0.00015454723763474573,0.00016404471163340305,3481.5735416058747
1779393600,0.00016404471163340305,0.0001908129520432928,0.00016380206491189034,0.0001886877062725244,3174.8085681435314
1779394500,0.0001886877062725244,0.0001891710485259111,0.0001865110016703679,0.0001891710485259111,157.19730847062783
1779395400,0.0001891710485259111,0.0001891710485259111,0.0001818867065804306,0.0001818867065804306,802.8111710857125
1779396300,0.0001818867065804306,0.00018772202118827336,0.0001810355607470683,0.00018772202118827336,672.6534418089161
1779397200,0.00018772202118827336,0.00018776968022045937,0.00018743667633254525,0.00018743667633254525,24.871959431936258
1779398100,0.00018743667633254525,0.00018743667633254525,0.00017985111931205342,0.00017985111931205342,438.98153433059485
1779399000,0.00017985111931205342,0.00018008451088715222,0.00017655067313092782,0.00017811321284221855,303.6789064675004
1779399900,0.00017811321284221855,0.0001786075071809812,0.00017811321284221855,0.0001786075071809812,46.76279913481696
1779400800,0.0001786075071809812,0.000180121363607705,0.00017776796389275764,0.00017776796389275764,199.9658637164614
1779401700,0.00017776796389275764,0.0001842731254805739,0.00017776796389275764,0.0001842731254805739,501.54145059639256
1779402600,0.0001842731254805739,0.0001860758161149407,0.0001839566225570107,0.0001860758161149407,248.87847215016228
1779403500,0.0001860758161149407,0.0001868994969153174,0.0001860758161149407,0.0001868994969153174,9.497232980697406
1779404400,0.0001868994969153174,0.0001868994969153174,0.00016473972012458798,0.00016746767059369074,1961.1120962406171
1779405300,0.00016746767059369074,0.00017367498891606413,0.00016063413300241918,0.00017001167581250724,1414.527378243233
1779406200,0.00017001167581250724,0.000174213921169822,0.00017001167581250724,0.00017150411743128524,240.53675993470995
1779407100,0.00017150411743128524,0.00017150411743128524,0.00017029025120977943,0.00017029025120977943,51.16748357395309
1779408000,0.00017029025120977943,0.00017349282913193534,0.00017000065744926827,0.00017349282913193534,242.07305529248734
1779408900,0.00017349282913193534,0.00017349282913193534,0.00015961048323209195,0.0001600196491462435,960.4299619954897
1779409800,0.0001600196491462435,0.0001696850617974197,0.00015997933513910132,0.0001696850617974197,1316.5692130819991
1779410700,0.0001696850617974197,0.00018029067067013444,0.00016955759764113867,0.00017500276674687164,1230.7324705667368
1779412500,0.00017500276674687164,0.00017500276674687164,0.00016815849611693262,0.00016815849611693262,449.00027747265466
1779413400,0.00016815849611693262,0.00016880988701152767,0.00016548299679649162,0.00016880988701152767,230.65547206041475
1779414300,0.00016880988701152767,0.00017084054400164463,0.00016791536127138063,0.00016791536127138063,112.28250885369657
1779415200,0.00016791536127138063,0.00017024587769336053,0.00016723841338316434,0.00016723841338316434,110.50794736883111
1779416100,0.00016723841338316434,0.00017137877869961732,0.00016723841338316434,0.00016880034261405002,337.06880300666137
1779417000,0.00016880034261405002,0.00016880034261405002,0.00016676852510550717,0.00016676852510550717,227.68413126388032
1779417900,0.00016676852510550717,0.00016676852510550717,0.00016402176267539756,0.00016402176267539756,82.9307357485819
1779418800,0.00016402176267539756,0.00016951688287679767,0.00016402176267539756,0.00016864507504385664,440.65369657102286
1779420600,0.00016864507504385664,0.0001716433206092234,0.00016864507504385664,0.0001716433206092234,214.00998618936165
1779421500,0.0001716433206092234,0.00017297634119526118,0.0001662980767632784,0.0001662980767632784,496.02241654462875
1779422400,0.0001662980767632784,0.00018984012549711092,0.0001662980767632784,0.0001847762360186492,2399.0919890423575
1779423300,0.0001847762360186492,0.0002143541237430932,0.0001773684484004685,0.00020326663289118625,5109.889402131316
1779424200,0.00020326663289118625,0.00020326663289118625,0.00019479902543168313,0.00019479902543168313,890.8303550711626
1779425100,0.00019479902543168313,0.00019479902543168313,0.00018058096575436448,0.00018615625333421443,1294.3117193699088
1779426900,0.00018615625333421443,0.0001885498115905478,0.00018249096188252927,0.00018466246044834014,211.5945740373617
1779427800,0.00018466246044834014,0.000190103286038485,0.00018466246044834014,0.00018725679217009627,512.2157771014333
1779428700,0.00018725679217009627,0.00018725679217009627,0.00018327956906956377,0.00018327956906956377,122.52524644419202
1779429600,0.00018327956906956377,0.00018327956906956377,0.00017279964200191797,0.00017279964200191797,1024.2163263929197
1779430500,0.00017279964200191797,0.00018373613904773905,0.00017279964200191797,0.00018313746591930164,738.3289406454088
1779431400,0.00018313746591930164,0.0001858752826816703,0.00018313746591930164,0.0001831931013793179,19.203670098379988
1779433200,0.0001831931013793179,0.0001831931013793179,0.0001782938883208991,0.00018054521930666763,686.6245059611794
1779434100,0.00018054521930666763,0.00018948423804440124,0.00018054521930666763,0.00018948423804440124,437.5539614808999
1779435000,0.00018948423804440124,0.0001962357444334285,0.00018697802004023748,0.0001962357444334285,1238.422090573009
1779435900,0.0001962357444334285,0.00019824815240834743,0.0001962357444334285,0.0001980181852311755,5.948108026117159
1779436800,0.0001980181852311755,0.00020966114887602228,0.0001980181852311755,0.00020650853200554817,997.4381820440232
1779437700,0.00020650853200554817,0.0002386817153425762,0.00020650853200554817,0.00023397206991719913,1800.9814781477467
1779438600,0.00023397206991719913,0.0002347296462777006,0.00021987612630615085,0.00022265007845832056,765.2106616089745
1779439500,0.00022265007845832056,0.00022265007845832056,0.00021655507841195388,0.0002189438187142324,233.68678291779864
1779440400,0.0002189438187142324,0.0002189438187142324,0.00020938732171746683,0.00021267299459957852,373.7346109413123
1779441300,0.00021267299459957852,0.00021267299459957852,0.0002094885644852238,0.00021219756682345622,20.028971693435025
1779442200,0.00021219756682345622,0.00021219756682345622,0.0002085168316829184,0.0002112500605459575,107.23470132845004
1779443100,0.0002112500605459575,0.00021228721184039383,0.00021107191947037013,0.00021228721184039383,130.63686876255417
1779444000,0.00021228721184039383,0.00021616899639736602,0.00021228721184039383,0.00021616899639736602,176.57976970278958
1779444900,0.00021616899639736602,0.00021616899639736602,0.00020810442974772265,0.00020817669072812473,441.00385908788223
1779445800,0.00020817669072812473,0.00020817669072812473,0.00020367714638351852,0.00020603041535158183,122.41082580681622
1779446700,0.00020603041535158183,0.0002162947634313007,0.00020327317332007405,0.0002162947634313007,586.8277572659512
1779447600,0.0002162947634313007,0.00021771967214638475,0.00021357158273553942,0.00021357158273553942,181.98190964970266
1779448500,0.00021357158273553942,0.00021724960444834636,0.00021290036949241656,0.00021724960444834636,99.89017363500109
1779450300,0.00021724960444834636,0.00021724960444834636,0.00021072357712906606,0.00021180228600467088,441.2278675420758
1779452100,0.00021180228600467088,0.00021180228600467088,0.00019770061625223566,0.00019823387221096407,951.168597709167
1779453000,0.00019823387221096407,0.00020402094899433438,0.00019823387221096407,0.00020402094899433438,253.36783213741745
1779453900,0.00020402094899433438,0.00020429798366707047,0.00020402094899433438,0.00020429798366707047,8.282202242911428
1779454800,0.00020429798366707047,0.00020429798366707047,0.0001999723973122501,0.00020079086093132176,214.25624446751195
1779455700,0.00020079086093132176,0.00020079086093132176,0.00018756059772812787,0.00019338491697741542,2071.5401692938626
1779456600,0.00019338491697741542,0.00019399833200068223,0.0001930392695940851,0.00019399833200068223,74.12385723830472
1779457500,0.00019399833200068223,0.00019445494287138345,0.00019146151433668777,0.00019148546770937573,20.012155318328446
1779458400,0.00019148546770937573,0.00019322059475491862,0.00019043876133098225,0.00019043876133098225,13.35406416533376
1779459300,0.00019043876133098225,0.0001928823023361011,0.00018624851049186495,0.0001871102902334314,469.4591681880538
1779460200,0.0001871102902334314,0.00018870251614505135,0.0001871102902334314,0.00018870251614505135,57.75720946069218
1779461100,0.00018870251614505135,0.00018870251614505135,0.0001852988809532401,0.0001852988809532401,55.629407070997
1779462000,0.0001852988809532401,0.0001879854075941713,0.00018028901204301042,0.00018028901204301042,330.22104564470635
1779462900,0.00018028901204301042,0.0001844069413149724,0.00017075053074694358,0.00017075053074694358,993.0288644930675
1779463800,0.00017075053074694358,0.00018077674541969616,0.00017075053074694358,0.0001729514190160457,925.5472487832603
1779465600,0.0001729514190160457,0.00017868717288095894,0.0001729514190160457,0.00017815525116769286,976.2297007162783
1779466500,0.00017815525116769286,0.00018162644331863319,0.00017815525116769286,0.00017910707598497674,192.97287882168405
1779467400,0.00017910707598497674,0.00017910707598497674,0.00017803462021180735,0.00017803462021180735,122.82781922818431
1779468300,0.00017803462021180735,0.00018101129321424246,0.00017803462021180735,0.00018101129321424246,163.7553034392874
1779469200,0.00018101129321424246,0.00018247066618031258,0.00018101129321424246,0.00018243382767258018,4.34908166176186
1779470100,0.00018243382767258018,0.00018243382767258018,0.00017658357195034886,0.00017887767408937257,266.80294280577095
1779471900,0.00017887767408937257,0.00017887767408937257,0.00017550061638544871,0.00017550061638544871,36.882371725597366
1779472800,0.00017550061638544871,0.00017759446026639815,0.00017330007276498806,0.00017500264314425243,272.5900064734331
1779473700,0.00017500264314425243,0.00017500264314425243,0.00015761905060560714,0.00016195625165557867,1383.706630473831
1779474600,0.00016195625165557867,0.0001687413474264084,0.00016174220560889865,0.0001673310759361385,739.9083935719528
1779476400,0.0001673310759361385,0.0001699167042313376,0.0001673310759361385,0.00016978621210129473,22.25488454427261
1779477300,0.00016978621210129473,0.00018419019960966854,0.00016931026616961027,0.00017703666986720464,1643.8760273609782
1779478200,0.00017703666986720464,0.00017708854941791418,0.0001750529227850428,0.00017708854941791418,46.21033051396066
1779479100,0.00017708854941791418,0.00017788322441652921,0.0001767669061541028,0.0001767669061541028,75.50069888020795
1779480000,0.0001767669061541028,0.00018129709477115205,0.00017658880311558915,0.00018129709477115205,157.3956193319096
1779480900,0.00018129709477115205,0.00018129709477115205,0.00017529899860312307,0.00017871783793866757,368.8150749914434
1779481800,0.00017871783793866757,0.00017871783793866757,0.00017613565098968586,0.00017613565098968586,16.531381806124138
1779482700,0.00017613565098968586,0.00017884393824583954,0.00017613565098968586,0.00017884393824583954,2.268105354437676
1779483600,0.00017884393824583954,0.00017884393824583954,0.00017499880504001763,0.00017593709530942377,163.26992184949268
1779484500,0.00017593709530942377,0.00017984071423411365,0.00017593709530942377,0.00017761646329660238,283.77126601081
1779486300,0.00017761646329660238,0.00017761646329660238,0.00017636961269481294,0.00017636961269481294,87.82258592432717
1779487200,0.00017636961269481294,0.00017785881724247517,0.0001756614425269904,0.00017572290284918288,43.358540294382436
1779488100,0.00017427996602868448,0.00017803195223219722,0.00017427996602868448,0.00017427996602868448,139.69039709916078
1779489000,0.00017427996602868448,0.00017427996602868448,0.0001684370496390864,0.00016999800173700513,438.5801592229946
1779489900,0.00016999800173700513,0.00016999800173700513,0.00016517289214463724,0.00016556552279619555,344.86154367432016
1779490800,0.00016556552279619555,0.00016779037247126427,0.00016556552279619555,0.00016779037247126427,148.4869789742906
1779492600,0.00016779037247126427,0.00016779037247126427,0.0001649443830789182,0.0001649443830789182,80.26990818589472
1779493500,0.0001649443830789182,0.00016658486546330988,0.0001649443830789182,0.00016658486546330988,89.54805182318417
1779494400,0.00016658486546330988,0.00016854816853557753,0.00016308465785934415,0.00016308465785934415,717.0559415327147
1779495300,0.00016308465785934415,0.00016492094796426355,0.00015867749899585378,0.00015867749899585378,298.50876260110647
1779496200,0.00015867749899585378,0.00016115311393791383,0.00015867749899585378,0.00016091147629154596,12.783113534518082
1779497100,0.00016091147629154596,0.00016123592437985334,0.00016091147629154596,0.00016123592437985334,0.00927560960266244
1779498000,0.00016123592437985334,0.00016932817994037478,0.00016123592437985334,0.00016932817994037478,503.60596283653825
1779498900,0.00016932817994037478,0.00017113249007021062,0.00016639879264261447,0.00017061395706964087,269.3955405797881
1779499800,0.00017061395706964087,0.0001733092897382923,0.00016893978433616522,0.00017328456167159964,188.67983412713113
1779500700,0.00017328456167159964,0.00017328456167159964,0.00017045045843591555,0.00017251783108192614,36.4778557378447
1779502500,0.00017251783108192614,0.00017251783108192614,0.00016887997563202147,0.00016887997563202147,63.45477931354353
1779503400,0.00016887997563202147,0.00017566496524506047,0.00016887997563202147,0.00017138283123735042,555.9159681437285
1779504300,0.00017138283123735042,0.0001759389330094956,0.00017138283123735042,0.0001759389330094956,258.47950040121395
1779505200,0.0001759389330094956,0.0001759950917436637,0.00017368962734896128,0.0001759950917436637,11.951569221201039
1779506100,0.0001759950917436637,0.0001759950917436637,0.00017357807959225637,0.00017357807959225637,5.950738179223179
1779507000,0.00017357807959225637,0.00017529576282210115,0.0001716741953421044,0.00017377091442035596,141.79551624663827
1779508800,0.00017377091442035596,0.00017377091442035596,0.00017369509698086092,0.00017369531868957527,0.018600788966137084
1779509700,0.00017369531868957527,0.00017455827427557228,0.00017097650267872228,0.00017455827427557228,77.78695128346045
1779511500,0.00017455827427557228,0.00017540157029222934,0.00017455827427557228,0.00017540157029222934,129.9547266072578
1779512400,0.00017540157029222934,0.00017632497686830893,0.0001735475163361296,0.0001735475163361296,45.33611162279735
1779513300,0.0001735475163361296,0.00017548672695506524,0.000171558677559812,0.000171558677559812,113.13334960908647
1779514200,0.000171558677559812,0.0001734269210525068,0.000171558677559812,0.0001734269210525068,0.009259542705763154
1779515100,0.0001734269210525068,0.0001734269210525068,0.00016914279935481357,0.00016914279935481357,219.79584943221113
1779516000,0.00016914279935481357,0.00017015667008293519,0.00016914279935481357,0.00017015667008293519,0.009279871410467114
1779516900,0.00017015667008293519,0.00017015667008293519,0.00016523366000472165,0.0001668965419279713,246.5457656377338
1779517800,0.0001668965419279713,0.00016963667185387988,0.0001668965419279713,0.00016963667185387988,177.43615193601235
1779518700,0.00016963667185387988,0.00017129758485665423,0.00016950299301325328,0.00017129758485665423,118.80177657273882
1779519600,0.00017129758485665423,0.00017175716667824226,0.00016830081625854757,0.00016925538310260023,209.84243981724038
1779520500,0.00016925538310260023,0.0001694780566841777,0.0001692529240170048,0.0001694780566841777,33.29610504127255
1779521400,0.0001694780566841777,0.00018482843068655516,0.0001694780566841777,0.00018482843068655516,990.2142116235848
1779522300,0.00018482843068655516,0.0001885784911181534,0.00018353137098514892,0.0001885784911181534,462.1052143649546
1779523200,0.0001885784911181534,0.00019559568659321857,0.00018429298008549094,0.00019381491506670925,1123.6688937884337
1779524100,0.00019381491506670925,0.00019381491506670925,0.00018896205986705599,0.0001902680187306722,211.9667645384837
1779525000,0.0001902680187306722,0.0001902680187306722,0.00018098969724628488,0.00018117152893672294,515.4652859372684
1779525900,0.00018117152893672294,0.0001813455345851296,0.0001777625509303498,0.00017864210600772716,233.0490227461473
1779526800,0.00017864210600772716,0.00017864210600772716,0.00016691033153101687,0.0001703689677724204,919.2429193972542
1779527700,0.0001703689677724204,0.0001720179552037096,0.0001703689677724204,0.0001720179552037096,93.12102828463914
1779529500,0.0001720179552037096,0.0001720179552037096,0.00016772305795592922,0.00016845269269347228,198.5922896879592
1779530400,0.00016845269269347228,0.000169817524273114,0.00016845269269347228,0.000169817524273114,70.5908501023636
1779531300,0.000169817524273114,0.000169817524273114,0.00016664238231761826,0.00016757363008249867,163.84779609296194
1779532200,0.00016757363008249867,0.00016776708718037515,0.00016752628398386895,0.00016776708718037515,29.382966298096033
1779533100,0.00016776708718037515,0.00017360625533670792,0.00016776708718037515,0.00017118423880522652,626.1237790953955
1779535800,0.00017118423880522652,0.00017149869326217807,0.00017118423880522652,0.00017149869326217807,16.318138697161448
1779536700,0.00017149869326217807,0.00017149869326217807,0.00016787262145055772,0.00016879093932047843,169.27752576948586
1779537600,0.00016879093932047843,0.00017346009553951029,0.00016879093932047843,0.00017346009553951029,306.28516449516394
1779538500,0.00017346009553951029,0.00017384362612403082,0.00017346009553951029,0.00017382324890308006,0.018101763103870367
1779539400,0.00017382324890308006,0.00017574916637017203,0.00017089781536662802,0.0001734219868090771,335.35872370733625
1779540300,0.0001734219868090771,0.00017344766118576518,0.0001734219868090771,0.00017344766118576518,0.009048557214106252
1779541200,0.00017344766118576518,0.00017460953074432492,0.00017344766118576518,0.00017452244892036617,1.2130937050304214
1779542100,0.00017452244892036617,0.00017452244892036617,0.00017152662521453232,0.0001726964460825117,142.4605499818538
1779543000,0.0001726964460825117,0.00017626942979153434,0.0001726964460825117,0.00017626942979153434,220.69733141736896
1779543900,0.00017626942979153434,0.00018070212845435068,0.00017626942979153434,0.00018070212845435068,261.16458882615353
1779544800,0.00018070212845435068,0.00018433911996464247,0.00018070212845435068,0.00018433911996464247,211.99580140619648
1779545700,0.00018433911996464247,0.00018433911996464247,0.00017734221945976724,0.0001798078088016529,489.1463631056912
1779546600,0.0001798078088016529,0.00018124231055232504,0.00017875782692234368,0.00017875782692234368,137.3161674224017
1779547500,0.00017875782692234368,0.00018248372792205536,0.00017875782692234368,0.00017938460833301343,213.67581530985336
1779548400,0.00017938460833301343,0.00018181249559143093,0.00017938460833301343,0.00018181249559143093,20.199145069124167
1779550200,0.00018181249559143093,0.0001839770885441311,0.00018181249559143093,0.0001839770885441311,214.7658477718179
1779551100,0.0001839770885441311,0.0001839770885441311,0.00018104494857888346,0.00018354673913974088,188.37775071403757
1779552000,0.00018354673913974088,0.00018531266394633972,0.00018354673913974088,0.00018531266394633972,93.96499899375385
1779552900,0.00018531266394633972,0.00018531266394633972,0.00018104681618043782,0.000182831175492314,175.873493302109
1779554700,0.000182831175492314,0.000182831175492314,0.00017677162303579393,0.00017677162303579393,370.0896433509136
1779556500,0.00017677162303579393,0.00017729287657273972,0.00017677162303579393,0.00017729287657273972,32.421086794261555
1779557400,0.00017729287657273972,0.00017917943194450795,0.00017729287657273972,0.00017740158726421086,144.99403215670864
1779558300,0.00017740158726421086,0.00017740158726421086,0.00017520616487648325,0.00017520616487648325,252.89831808288898
1779560100,0.00017520616487648325,0.00017719514837182242,0.00017520616487648325,0.00017719514837182242,0.6142980019843834
1779561000,0.00017719514837182242,0.00018469713471368137,0.00017719514837182242,0.00018469713471368137,442.841656633299
1779561900,0.00018469713471368137,0.00018469713471368137,0.00017876202687695656,0.00017876202687695656,181.0103029545404
1779562800,0.00017876202687695656,0.00017876202687695656,0.00017706629125398366,0.00017807628904193708,173.27440937291226
1779564600,0.00017807628904193708,0.00017807628904193708,0.0001755127172535668,0.00017578308508952063,32.540594872349764
1779565500,0.00017578308508952063,0.0002021446244811142,0.00017578308508952063,0.00020045425119718312,1861.8244340192248
1779566400,0.00020045425119718312,0.00020274592749738944,0.00019905330571795606,0.00020274592749738944,399.5330284185781
1779567300,0.00020274592749738944,0.00020274592749738944,0.00018877037472032692,0.00019757555561573245,1548.6226578841934
1779568200,0.00019757555561573245,0.00020584733519036962,0.00019757555561573245,0.00020584733519036962,143.16835369330164
1779569100,0.00020584733519036962,0.00020584733519036962,0.00019012611898678932,0.00019489815063803806,1098.9879093827435
1779570000,0.00019489815063803806,0.0001962773655488212,0.00019489815063803806,0.0001962773655488212,21.60682287187927
1779570900,0.0001962773655488212,0.0002066607646217307,0.0001962773655488212,0.0002066607646217307,911.5540404759774
1779571800,0.0002066607646217307,0.0002066607646217307,0.0002007313543869131,0.0002007313543869131,378.27487517946105
1779572700,0.0002007313543869131,0.00021391892941334054,0.0002007313543869131,0.00021391892941334054,869.2140866337994
1779573600,0.00021391892941334054,0.00021517717821478553,0.00021127066526395628,0.00021208728520332273,355.81566726771956
1779574500,0.00021208728520332273,0.00021261248994028362,0.0001858277439614929,0.00019391939048683842,2157.4118571674635
1779575400,0.00019391939048683842,0.00019625022615708785,0.00019214024702789474,0.00019427323701125919,143.45619911451527
1779576300,0.00019427323701125919,0.00019427323701125919,0.00019072805102915164,0.00019072805102915164,75.36926912689302
1779577200,0.00019072805102915164,0.0001912472091013952,0.0001893419321917288,0.0001912472091013952,148.06463682020993
1779578100,0.0001912472091013952,0.0001912472091013952,0.0001912118227875805,0.0001912118227875805,0.37057757026637644
1779579000,0.0001912118227875805,0.0001912118227875805,0.0001882421753846333,0.00019111211779835254,126.6357062180452
1779579900,0.00019111211779835254,0.00019409802307769709,0.0001890930882812116,0.00019162405186082135,157.67898914269193
1779580800,0.00019162405186082135,0.00019396893595801406,0.00019162405186082135,0.00019396893595801406,0.009413735314322812
1779582600,0.00019396893595801406,0.00019396893595801406,0.00019147698533913233,0.00019147698533913233,28.92731150231562
1779583500,0.00019147698533913233,0.00019147698533913233,0.00019056093438765863,0.00019108249531655613,60.643779984966606
1779584400,0.00019108249531655613,0.00019108249531655613,0.0001892836031949247,0.0001892836031949247,126.14802399313317
1779585300,0.0001892836031949247,0.00018974346080345662,0.0001878929708003771,0.00018974346080345662,85.0052190651255
1779587100,0.00018974346080345662,0.00018974346080345662,0.00018643314708811573,0.00018643314708811573,58.466542209782894
1779588900,0.00018643314708811573,0.00018643314708811573,0.000183560573091783,0.000183560573091783,310.02336426364127
1779592500,0.000183560573091783,0.000183560573091783,0.0001809368009619545,0.0001809368009619545,7.9880075194105356
1779593400,0.0001809368009619545,0.0001917715419682454,0.0001809368009619545,0.0001917715419682454,523.8393094010969
1779594300,0.0001917715419682454,0.0001917715419682454,0.00018626043923590746,0.0001864210276901245,303.86787789494196
1779596100,0.0001864210276901245,0.0001864210276901245,0.00018342905278102134,0.00018593070380078266,112.41564354687003
1779597900,0.00018593070380078266,0.00018593070380078266,0.00018221717433460064,0.00018361701136151726,134.1417207257814
1779598800,0.00018361701136151726,0.00018546172395792032,0.00018269982348278165,0.00018269982348278165,137.65478559285114
1779599700,0.00018269982348278165,0.0002149332244307583,0.00018269982348278165,0.0002149332244307583,1844.8391334829753
1779600600,0.0002149332244307583,0.0002266330468502413,0.00021229161354729758,0.0002173444255852916,2204.2247803037626
1779601500,0.0002173444255852916,0.00021876543523822247,0.0002173444255852916,0.00021876543523822247,13.961543931909425
1779602400,0.00021876543523822247,0.00022492836471987062,0.00021876543523822247,0.00021979486369888245,489.33431149601677
1779603300,0.00021979486369888245,0.000224954356608573,0.00021979486369888245,0.000224954356608573,200.11986355803174
1779604200,0.000224954356608573,0.00022600194639262256,0.000224954356608573,0.00022600194639262256,10.112378126417548
1779605100,0.00022600194639262256,0.00022600194639262256,0.0002182805061467989,0.0002182805061467989,589.6449330954131
1779606000,0.0002182805061467989,0.0002182805061467989,0.0002129514324001763,0.00021486136397864464,107.1088810537249
1779606900,0.00021486136397864464,0.00021486136397864464,0.00020963709529424847,0.00021063478578950577,254.14060635859215
1779608700,0.00021063478578950577,0.00021310023554321663,0.00020690394507021076,0.00021310023554321663,595.3304039439495
1779609600,0.00021310023554321663,0.0002413613719004134,0.00021310023554321663,0.00023723839761742753,1630.783787857397
1779610500,0.00023723839761742753,0.00024161231927504416,0.00023723839761742753,0.00024161231927504416,75.90925966006697
1779612300,0.00024161231927504416,0.000244463016838961,0.00022901537821900196,0.00022901537821900196,777.6357022598766
1779613200,0.00022901537821900196,0.0002501256610848167,0.00022889727767839104,0.0002501256610848167,1101.4475726724338
1779614100,0.0002501256610848167,0.0002531926537421038,0.00024668296779595895,0.00024668296779595895,852.3600040149536
1779615000,0.00024668296779595895,0.0002494962388543988,0.00023945432235995145,0.0002460941815700055,1018.8529976704899
1779615900,0.0002460941815700055,0.00033701684270809687,0.0002460941815700055,0.00027512896387134637,20915.415983528022
1779616800,0.00027512896387134637,0.0003071150053339795,0.0002714436871920724,0.00029134768288972606,2864.154568756594
1779617700,0.00029134768288972606,0.00030714990541123616,0.0002902589174988303,0.000303527944582892,1688.041375776168
1779618600,0.000303527944582892,0.000303527944582892,0.00029601985334160627,0.00029601985334160627,430.46621819395017
1779619500,0.00029601985334160627,0.0002976623079972869,0.0002908539599811603,0.0002908539599811603,293.87387397596854
1779620400,0.0002908539599811603,0.00029164946316464406,0.00028117421979364073,0.00028580010884574053,1297.2274538426352
1779622200,0.00028580010884574053,0.00028580010884574053,0.0002730522996097767,0.0002730522996097767,534.2658989477303
1779623100,0.0002730522996097767,0.0003025099709783079,0.0002706695204459789,0.00029659406298639015,2283.87660719416
1779624000,0.00029659406298639015,0.00029659406298639015,0.00029224199358435633,0.00029224199358435633,15.755691010430457
1779624900,0.00029224199358435633,0.00029379916915264406,0.00029080552827457837,0.00029379916915264406,96.97975289151519
1779625800,0.00029379916915264406,0.00029379916915264406,0.0002643571915667281,0.0002778587326483378,2832.10378679619
1779626700,0.0002778587326483378,0.00028197229262642945,0.0002778587326483378,0.0002792009215708722,226.37401838876113
1779628500,0.0002792009215708722,0.00028316785042175723,0.0002613577429044077,0.00026516047106221985,1307.930830940749
1779629400,0.00026516047106221985,0.00026781140062364603,0.0002640142594775781,0.0002640142594775781,193.82589381814637
1779630300,0.0002640142594775781,0.0002674096782031511,0.00026022430660502303,0.00026022430660502303,178.0061973776196
1779632100,0.00026022430660502303,0.0002610863422903328,0.00026022430660502303,0.0002610863422903328,68.71182143098008
1779633000,0.0002610863422903328,0.0002610863422903328,0.00025597528603972324,0.00025597528603972324,206.88600351023715
1779633900,0.00025597528603972324,0.00026120367114304126,0.00025597528603972324,0.00026111120860754667,344.3758525983057
1779634800,0.00026111120860754667,0.00026111120860754667,0.0002598720771013681,0.0002598720771013681,140.93852920296226
1779635700,0.0002598720771013681,0.0002626231851849469,0.0002590348084517099,0.0002590348084517099,119.32673829254563
1779636600,0.0002590348084517099,0.0002590348084517099,0.0002557005879508629,0.0002557005879508629,138.60546252818386
1779637500,0.0002557005879508629,0.00025925899006846466,0.0002557005879508629,0.0002558571918118463,17.703640985534634
1779638400,0.0002558571918118463,0.00026162153549883995,0.0002558571918118463,0.00026162153549883995,93.27992209542673
1779639300,0.00026162153549883995,0.0002627552294527949,0.00025606711370552255,0.0002595705318993469,217.81506236803787
1779640200,0.0002595705318993469,0.0002595705318993469,0.0002540857531588978,0.0002540857531588978,92.63108157303847
1779641100,0.0002540857531588978,0.0002540857531588978,0.00024333590483753697,0.00024806040169571384,938.5622436654393
1779642000,0.00024806040169571384,0.0002514818545518184,0.00024806040169571384,0.0002514818545518184,185.69034269289733
1779643800,0.0002514818545518184,0.0002514818545518184,0.0002467740285280252,0.0002467740285280252,138.0565487042277
1779644700,0.0002467740285280252,0.0002784498561164405,0.0002467740285280252,0.00026653184271819186,2164.8748161434532
1779645600,0.00026653184271819186,0.0002917946588730023,0.00026653184271819186,0.00028516718083797596,2094.338644222663
1779646500,0.00028516718083797596,0.00028516718083797596,0.0002792395727610616,0.0002792395727610616,233.53088571135518
1779647400,0.0002792395727610616,0.0003060424865593843,0.0002792395727610616,0.0003060424865593843,1139.6984763549892
1779648300,0.0003060424865593843,0.0003060424865593843,0.0002912855796370753,0.0002912855796370753,566.0802629968324
1779649200,0.0002912855796370753,0.0002912855796370753,0.00028618183016477036,0.00028618183016477036,244.8059439606009
1779650100,0.00028618183016477036,0.0002921814609573011,0.00028618183016477036,0.0002921814609573011,190.99988043624467
1779651000,0.0002921814609573011,0.0002921814609573011,0.0002887047153179152,0.0002887047153179152,85.83818213173167
1779651900,0.0002887047153179152,0.0002887047153179152,0.00028793107044340144,0.00028793107044340144,1.4294264457446584
1779652800,0.00028793107044340144,0.0002975706697645216,0.00028793107044340144,0.0002932387975963778,426.02617473429996
1779653700,0.0002932387975963778,0.000296572137508469,0.0002932387975963778,0.000296572137508469,50.1482525269564
1779654600,0.000296572137508469,0.0003165882357980988,0.00028818667750630313,0.0003165882357980988,1972.8615601980105
1779655500,0.0003165882357980988,0.0003165882357980988,0.00030966398487504757,0.00030966398487504757,479.3567078783218
1779656400,0.00030966398487504757,0.00030966398487504757,0.0002987934252277823,0.0002987986708690142,632.6106325086888
1779657300,0.0002987986708690142,0.0002987986708690142,0.00029467350460793277,0.00029467350460793277,47.006570947627644
1779659100,0.00029467350460793277,0.00029467350460793277,0.00027967409200847716,0.0002810516781524737,815.4622719219795
1779660000,0.0002810516781524737,0.00028202057830767406,0.0002789958499844009,0.00028202057830767406,113.48119575091617
1779660900,0.00028202057830767406,0.00028588140090097364,0.00028202057830767406,0.00028245979962153873,250.9651062112052
1779661800,0.00028245979962153873,0.0002846048205202687,0.00028245979962153873,0.0002846048205202687,33.14363698974085
1779662700,0.0002846048205202687,0.0002954471698399104,0.0002820826993670098,0.0002954471698399104,487.3310860864129
1779664500,0.0002954471698399104,0.0002977481561905522,0.0002869695343065682,0.0002977481561905522,946.0445879223754
1779665400,0.0002977481561905522,0.0002977481561905522,0.0002941702951473309,0.0002973365649860663,29.426404048103123
1779666300,0.0002973365649860663,0.00029873779824975545,0.0002973365649860663,0.00029873779824975545,46.118002874657904
1779667200,0.00029873779824975545,0.00029873779824975545,0.0002756400164790002,0.0002812925051011861,1639.4712022588442
1779668100,0.0002812925051011861,0.0002875319152666443,0.0002812925051011861,0.00028669992201439497,32.20790709533049
1779669900,0.00028669992201439497,0.00028669992201439497,0.000283081842690034,0.0002866348651261242,14.66184391100169
1779670800,0.0002866348651261242,0.0002866348651261242,0.00028002440237759926,0.00028002440237759926,144.51121080463153
1779671700,0.00028002440237759926,0.00028026205583955513,0.00027832792233504794,0.00028026205583955513,195.11451787068893
1779672600,0.00028026205583955513,0.00028026205583955513,0.00027984507418002603,0.00027984507418002603,11.411922536971474
1779673500,0.00027984507418002603,0.00027984507418002603,0.000278529231895574,0.000278529231895574,18.891236811366813
1779674400,0.000278529231895574,0.00028422990291766695,0.00027226914668502253,0.0002760335144180228,1408.6499923719753
1779675300,0.0002760335144180228,0.00029063245255471487,0.00027510923620465235,0.00028986308845823354,628.560702596489
1779678900,0.00028986308845823354,0.00028986308845823354,0.00028542045256756723,0.0002855737157771012,25.26760273476785
1779679800,0.0002855737157771012,0.0002861694939762544,0.00024254159481510958,0.0002603853416155995,6349.359182202764
1779680700,0.0002603853416155995,0.0002603853416155995,0.00024869227665090684,0.00025271017971067013,838.2478387079378
1779681600,0.00025271017971067013,0.0002544002135536068,0.00024482063939677525,0.0002481931853727032,965.3489552093012
1779682500,0.0002481931853727032,0.0002531382637472474,0.0002481931853727032,0.0002531382637472474,236.9172005277931
1779683400,0.0002531382637472474,0.0002547395056150435,0.00025136750668270367,0.0002547395056150435,18.50142360352582
1779684300,0.0002547395056150435,0.000260134957314158,0.00025180378524319164,0.000260134957314158,373.88422760569915
1779685200,0.000260134957314158,0.000260134957314158,0.00025238432910538083,0.00025238432910538083,310.4494489724611
1779686100,0.00025238432910538083,0.00026183411343342396,0.00025188201832728385,0.00026183411343342396,363.53056982406264
1779687000,0.00026183411343342396,0.00026589920607277375,0.00026183411343342396,0.00026589920607277375,180.13082538840936
1779688800,0.00026589920607277375,0.00026589920607277375,0.0002597877499009749,0.0002597877499009749,160.39925825726348
1779689700,0.0002597877499009749,0.0002619431104326155,0.00025728825853478136,0.00026009513710698105,80.6988078472186
1779690600,0.00026009513710698105,0.00026057670438303567,0.00025724914871153216,0.00026057670438303567,44.71654068236728
1779691500,0.00026057670438303567,0.00026057670438303567,0.0002555675714514286,0.0002571326053852948,179.2756445595658
1779692400,0.0002571326053852948,0.0002705421063618038,0.0002571326053852948,0.0002703816139148599,871.5886259553049
1779693300,0.0002703816139148599,0.0002754001279506348,0.0002689582782790748,0.00027408252896713115,456.44266692522507
1779694200,0.00027408252896713115,0.0002777830819817575,0.0002739264113140364,0.0002777830819817575,4.640772259783096
1779695100,0.0002777830819817575,0.0002790349226072049,0.00027041477700109445,0.00027041477700109445,566.5166249062097
1779696000,0.00027041477700109445,0.00027041477700109445,0.0002661634053191197,0.0002661634053191197,50.232587599365125
1779696900,0.0002661634053191197,0.0002690096872024662,0.00026422819635987273,0.0002677271719276099,72.94471129764308
1779697800,0.0002677271719276099,0.00026800645141477475,0.00026397581846838026,0.0002669936976370724,70.24370508817644
1779698700,0.0002669936976370724,0.0002674538290977528,0.0002632701661368024,0.0002632701661368024,61.65779499841158
1779699600,0.0002632701661368024,0.00027533559392233035,0.00026250730961340044,0.00027533559392233035,533.4945583650718
1779700500,0.00027533559392233035,0.00027533559392233035,0.0002714241634197117,0.00027519314721157905,9.45754366412011
1779701400,0.00027519314721157905,0.00027519314721157905,0.00023833475191176103,0.0002547261130415352,3299.6875477180556
1779702300,0.0002547261130415352,0.00025755660169912557,0.00023826644005709498,0.00025033213749972865,2400.9643054406515
1779703200,0.00025033213749972865,0.0002544224812069511,0.00024754782458011353,0.0002544224812069511,224.13338594441146
1779704100,0.0002544224812069511,0.0002544224812069511,0.00025117631766369595,0.0002543056425171118,4.960130074449206
1779705000,0.0002543056425171118,0.0002543056425171118,0.00024657543955413627,0.00024657543955413627,410.75555017218363
1779705900,0.00024657543955413627,0.000247239438891118,0.00024292268152969294,0.0002467863573717934,241.8986317989062
1779706800,0.0002467863573717934,0.0002473764189544323,0.0002434741748197666,0.0002473764189544323,83.65171350468803
1779707700,0.0002473764189544323,0.0002624176029443443,0.00024426799866600514,0.00026236885494594083,947.1254410037202
1779708600,0.00026236885494594083,0.00027612771826804707,0.00025604083725910257,0.0002659653534633138,2489.4594138262228
1779709500,0.0002659653534633138,0.0002752057430563864,0.0002533525650810972,0.0002595827064231499,2380.6915527519927
1779710400,0.0002595827064231499,0.0002627368953589025,0.00025789692839177245,0.00025789692839177245,123.86223056661518
1779711300,0.00025789692839177245,0.00026143454416783764,0.00025789692839177245,0.0002581571216498304,25.825153429368374
1779712200,0.0002581571216498304,0.00026143188096155513,0.0002536203475817981,0.0002536203475817981,216.94968815977666
1779713100,0.0002536203475817981,0.0002574844262900349,0.00025335106996688685,0.0002574844262900349,54.09493253545774
1779714000,0.0002574844262900349,0.0002574844262900349,0.00025233897996654233,0.0002551746584342118,113.24345011011053
1779714900,0.0002551746584342118,0.0002551746584342118,0.000236720282215117,0.000240020732862249,1520.5123326199794
1779715800,0.000240020732862249,0.00025604532352299213,0.00023525398366630517,0.0002556803286804941,1647.0340987109612
1779716700,0.0002556803286804941,0.0002559078995878569,0.00025236649335876586,0.00025555441422136794,52.61472063644455
1779717600,0.00025555441422136794,0.00025955934906335296,0.00022032608608326833,0.0002557998484979662,4432.3232165600475
1779718500,0.0002557998484979662,0.0002557998484979662,0.00025066411568567946,0.00025066411568567946,135.32422912007993
1779719400,0.00025066411568567946,0.0002535248453191851,0.00022246690094130734,0.00023679916978692816,2943.5488436069363
1779720300,0.00023679916978692816,0.0002410497268695938,0.00023673514425885363,0.00023918039806157656,678.3572229839082
1779721200,0.00023918039806157656,0.00023929239640323044,0.00023918039806157656,0.00023929239640323044,0.009496241938402955
1779723000,0.00023929239640323044,0.0002406347583028205,0.00021893120483286845,0.00023863521525768023,2738.150163989427
1779723900,0.00023863521525768023,0.00024278359745453495,0.0002371499574297237,0.000240113940294461,257.8268663423276
1779724800,0.000240113940294461,0.0002404656584916717,0.00023539085634950342,0.00023562942753558352,105.79041563834238
1779725700,0.00023562942753558352,0.0002700709380391962,0.00023562942753558352,0.00026465992062936396,3336.9471485327826
1779726600,0.00026465992062936396,0.000269193183475263,0.0002575641993514813,0.0002575641993514813,990.0890500604612
1779727500,0.0002575641993514813,0.00025931070051362634,0.0002560249282694852,0.0002560249282694852,0.8737801226664337
1779728400,0.0002560249282694852,0.0002588716540217412,0.00025005755272931927,0.00025329513672706354,378.99209310487146
1779729300,0.00025329513672706354,0.00025329513672706354,0.0002527686112445688,0.0002527686112445688,1.0851848451860462
1779730200,0.0002527686112445688,0.0002527686112445688,0.00023247029411369718,0.00023952504139903948,1472.2530887479447
1779731100,0.00023952504139903948,0.00023952504139903948,0.00022120895492918344,0.00022523322533785173,1220.2179270790484
1779732000,0.00022523322533785173,0.00023644473079148222,0.00022227283553089965,0.00023644473079148222,715.4682462632559
1779732900,0.00023644473079148222,0.00023871005168802219,0.00023644473079148222,0.00023871005168802219,204.07379101747725
1779733800,0.00023871005168802219,0.000240111898021864,0.00023575224392398725,0.00023575224392398725,68.66801384006077
1779734700,0.00023575224392398725,0.00023575224392398725,0.00023150198581090465,0.00023381367346629925,240.49528613148
1779735600,0.00023381367346629925,0.00023381367346629925,0.0002334040024664693,0.0002334040024664693,0.009434875287249933
1779736500,0.0002334040024664693,0.00023356169252417578,0.0002292460396039784,0.00023000913313801934,90.46259157127737
1779737400,0.00023000913313801934,0.00023000913313801934,0.0002277873490428345,0.0002277873490428345,15.02351961592483
1779738300,0.0002277873490428345,0.00023086932711938627,0.00022732239722643598,0.0002279647992564196,107.85003602140998
1779739200,0.0002279647992564196,0.00022807764175939956,0.0002279647992564196,0.00022807764175939956,14.83811106348999
1779740100,0.00022807764175939956,0.00023117096336575753,0.00022802160186228483,0.00022802160186228483,58.33020702777905
1779741000,0.00022802160186228483,0.00022802160186228483,0.0002115655475076739,0.00022591117578181957,1828.0976278601383
1779741900,0.00022591117578181957,0.0002260608261505959,0.00022224373348880927,0.00022527993765840388,49.094150122476705
1779742800,0.00022527993765840388,0.0002253350966264075,0.0002220232354048609,0.00022253579041396222,86.66397017451676
1779743700,0.00022253579041396222,0.0002253251695014372,0.00021582961073566772,0.00021898992094501166,406.44642383317967
1779744600,0.00021898992094501166,0.00021938207843910168,0.0002164094532997735,0.0002193306014125092,49.76540975323417
1779745500,0.0002193306014125092,0.00021988174849104617,0.00021630507389744385,0.0002190342080378508,180.45844554947138
1779746400,0.0002190342080378508,0.00021914830397378262,0.0002164809403893193,0.00021914830397378262,56.09635762051467
1779748200,0.00021914830397378262,0.00021914830397378262,0.0002144371365512465,0.00021677715710828773,57.0861667457629
1779749100,0.00021677715710828773,0.00021677715710828773,0.00021211175024982056,0.00021221499506201535,130.75447282718326
1779750000,0.00021221499506201535,0.00021221499506201535,0.0002101239090223802,0.00021175281922973857,202.27726953166496
1779750900,0.00021175281922973857,0.00021253516345781385,0.00021175281922973857,0.00021253516345781385,71.50051019344865
1779751800,0.00021253516345781385,0.00021350436312598614,0.00021253516345781385,0.00021350436312598614,19.71045666179301
1779752700,0.00021350436312598614,0.0002135252893764644,0.00021350436312598614,0.0002135252893764644,8.377084206591563
1779753600,0.0002135252893764644,0.00021356712839075786,0.00020880476723151756,0.00020880476723151756,136.11163428153918
1779754500,0.00020880476723151756,0.0002110744461994705,0.00020652170770742466,0.00020753816061913098,351.3610905449137
1779755400,0.00020753816061913098,0.00020753816061913098,0.00020421481251127428,0.00020663222479487311,11.032244632224046
1779756300,0.00020663222479487311,0.0002457640131975927,0.00020663222479487311,0.0002410289440559551,2567.7588633859664
1779757200,0.0002410289440559551,0.0002410289440559551,0.00023486518843721045,0.00023486518843721045,380.63350935423193
1779759000,0.00023486518843721045,0.00023486518843721045,0.00023226369797407434,0.00023406614719615439,120.14075026492435
1779759900,0.00023406614719615439,0.00023406614719615439,0.00023030293247455736,0.00023030293247455736,52.031887028461725
1779760800,0.00023030293247455736,0.00023030293247455736,0.00022786117139025544,0.00022786117139025544,139.34595219130162
1779761700,0.00022786117139025544,0.00022976081895609342,0.00022655356615015236,0.00022655356615015236,33.91178357223552
1779762600,0.00022655356615015236,0.00022655356615015236,0.00022618164157377395,0.00022618164157377395,1.1309082078688697
1779763500,0.00022618164157377395,0.0002293536413797553,0.00022618164157377395,0.0002293536413797553,10.265698259142034
1779765300,0.0002293536413797553,0.0002293536413797553,0.0002251217770219637,0.0002251217770219637,107.30834228294043
1779766200,0.0002251217770219637,0.00022745935017620051,0.0002251217770219637,0.00022745935017620051,0.009248517876965179
1779767100,0.00022745935017620051,0.00022745935017620051,0.00022415889831416136,0.00022415889831416136,41.40404972299413
1779768900,0.00022415889831416136,0.00022415889831416136,0.00022406986624217556,0.00022406986624217556,10.888715175638728
1779769800,0.00022406986624217556,0.00022406986624217556,0.00022394672117736377,0.00022394672117736377,42.48422919675343
1779773400,0.00022394672117736377,0.00022735314380396707,0.00022394672117736377,0.0002269028280332366,25.777146696869327
1779774300,0.0002269028280332366,0.0002269028280332366,0.0002231755550921463,0.00022330911760801234,21.572078045225336
1779775200,0.00022330911760801234,0.0002256588613954769,0.00022269427017462283,0.0002256588613954769,24.331878734410424
1779776100,0.0002256588613954769,0.00022627181085153989,0.0002256588613954769,0.00022627181085153989,75.32189118512703
1779777000,0.00022627181085153989,0.0002273244557752607,0.00022627181085153989,0.0002273244557752607,8.337064872008336
1779777900,0.0002273244557752607,0.00022867712582590825,0.0002273244557752607,0.00022867712582590825,74.17736632543775
1779778800,0.00022867712582590825,0.00022867712582590825,0.0002278807848839707,0.0002278807848839707,16.529399262949124
1779779700,0.0002278807848839707,0.00022946736508965988,0.0002278807848839707,0.00022831973613526588,224.4498700255015
1779780600,0.00022831973613526588,0.0002528874949974917,0.00022831973613526588,0.0002523647836472715,1454.7236192221455
1779781500,0.0002523647836472715,0.0002523647836472715,0.00024976602861300753,0.00024976602861300753,152.80165292947035
1779782400,0.00024976602861300753,0.00024976602861300753,0.0002372967855879849,0.0002404080083990603,716.3319387085315
1779783300,0.0002404080083990603,0.00025263919425189775,0.0002404080083990603,0.00025263919425189775,667.3312801244964
1779784200,0.00025263919425189775,0.00025263919425189775,0.0002462981292388376,0.00024640875206945515,170.56080998311168
1779785100,0.00024640875206945515,0.00024968378657422427,0.00024451853507276934,0.0002479118563247766,81.07040194122135
1779786000,0.0002479118563247766,0.0002479118563247766,0.0002444098977413998,0.00024445623813149563,18.34075710586639
1779786900,0.00024445623813149563,0.0002648305226035256,0.00024201884106713422,0.0002648305226035256,1613.0785543599652
1779787800,0.0002648305226035256,0.0002648305226035256,0.00024346706101369047,0.00024525455441833,1068.0294371070756
1779788700,0.00024525455441833,0.00024525455441833,0.00024180408917537726,0.00024501809088854935,8.76938623437564
1779789600,0.00024501809088854935,0.00024501809088854935,0.00024185462017104126,0.0002449403518096388,13.34721697918564
1779793200,0.0002449403518096388,0.00024669366959854353,0.00024409401614541499,0.00024669366959854353,71.2287452282891
1779794100,0.00024669366959854353,0.0002469882002217599,0.0002431282237793839,0.0002469882002217599,108.28897949889392
1779795000,0.0002469882002217599,0.0002469882002217599,0.0002379894185018488,0.00024138721128569963,873.0767007386373
1779795900,0.00024138721128569963,0.0002476035752489929,0.00024138721128569963,0.0002476035752489929,304.4550991216255
1779796800,0.0002476035752489929,0.000252773012393483,0.0002458188664127364,0.000252773012393483,570.0581326622378
1779797700,0.000252773012393483,0.0002532614140235837,0.000252773012393483,0.00025280216307481173,49.99597056599879
1779798600,0.00025280216307481173,0.0002567582321088955,0.00025280216307481173,0.0002567582321088955,114.53145365296643
1779799500,0.0002567582321088955,0.0002590889537054492,0.0002549333098561371,0.0002590889537054492,34.584501538033706
1779800400,0.0002590889537054492,0.0002631334687458152,0.0002590889537054492,0.00025935325420963797,261.688075446878
1779801300,0.00025935325420963797,0.0002618751248728828,0.00025760952173085823,0.00025760952173085823,43.5252490498202
1779802200,0.00025760952173085823,0.00025760952173085823,0.00025421816104134916,0.00025421816104134916,167.41723519241287
1779803100,0.00025421816104134916,0.0002578503254175584,0.00025421816104134916,0.0002578503254175584,3.930785465050527
1779804900,0.0002578503254175584,0.0002578503254175584,0.00025236452383022826,0.00025236452383022826,365.11743298511664
1779805800,0.00025236452383022826,0.00025236452383022826,0.00022575447421514005,0.00022816062215282368,1600.1236397801647
1779806700,0.00022816062215282368,0.00023001292746694703,0.00022816062215282368,0.00023001292746694703,44.46095944989372
1779808500,0.00023001292746694703,0.00023086180122752778,0.00023001292746694703,0.00023086180122752778,99.19301512585358
1779809400,0.00023086180122752778,0.00023086180122752778,0.00023003393128715057,0.00023003393128715057,8.294034981963552
1779810300,0.00023003393128715057,0.00023003393128715057,0.00022669618602071635,0.00022669618602071635,9.395456024989814
1779811200,0.00022669618602071635,0.00022669618602071635,0.00022397642263256786,0.00022423018496004724,291.89526020584043
1779812100,0.00022423018496004724,0.00022423018496004724,0.00022102249296553937,0.00022369886172552588,43.010839313968816
1779813000,0.00022369886172552588,0.00022369886172552588,0.0002207072403728857,0.0002207072403728857,12.007826724507753
1779813900,0.0002207072403728857,0.00022416894240939598,0.00022051507722567322,0.0002234229447722279,32.71910600904622
1779816600,0.0002234229447722279,0.0002234229447722279,0.00018297599021161175,0.00020323072927865422,4809.676265222672
1779817500,0.00020323072927865422,0.00020881029625646535,0.00019765970238776648,0.0002041844792199817,1271.6800376377075
1779818400,0.0002041844792199817,0.00020687861671890651,0.0002041844792199817,0.00020687861671890651,41.605278098321364
1779819300,0.00020687861671890651,0.00020989701378799563,0.00020346239493532778,0.00020989701378799563,345.40778800722995
1779820200,0.00020989701378799563,0.00020989701378799563,0.00019934273166893153,0.00020136990480877542,415.1333970488818
1779821100,0.00020136990480877542,0.00020739817517513394,0.00020136990480877542,0.00020306157711175765,587.4545423706891
1779822000,0.00020306157711175765,0.00021019384739608842,0.00020088061759148892,0.00020671996543404443,573.6101783265353
1779822900,0.00020671996543404443,0.00021009306493338214,0.00020671996543404443,0.00021009306493338214,197.21610014541463
1779823800,0.00021009306493338214,0.00021009306493338214,0.00020767837347297242,0.00020916221065995266,292.6219995980744
1779824700,0.00020916221065995266,0.00021063510176431253,0.00020866877645675644,0.00020866877645675644,117.60977316654952
1779825600,0.00020866877645675644,0.00020866877645675644,0.00019099529467869145,0.00019282906193325135,1794.0936838795942
1779827400,0.00019282906193325135,0.00019282906193325135,0.00018935902037451035,0.00018963681551626132,277.8288304090823
1779828300,0.00018963681551626132,0.00019154210885554814,0.00018963681551626132,0.00019154210885554814,119.75885758046296
1779829200,0.00019154210885554814,0.0001921279956773597,0.000189458560979293,0.000189458560979293,26.5017537330383
1779830100,0.000189458560979293,0.00019986407779212556,0.00016660749926106732,0.00019265664557285148,4093.77676587508
1779831000,0.00019265664557285148,0.0001952282930995258,0.00019259425279787595,0.0001952282930995258,17.33903349422446
1779831900,0.0001952282930995258,0.0001952282930995258,0.0001850344563934244,0.0001850344563934244,419.0164532718267
1779832800,0.0001850344563934244,0.0001850344563934244,0.00018120835610142437,0.00018154678960541687,416.5776122341778
1779833700,0.00018154678960541687,0.00018949724429453743,0.00017928931777603334,0.00018949724429453743,470.5528199887744
1779834600,0.00018949724429453743,0.00019204242885681425,0.0001870790691790866,0.00019191625545578902,193.24123599936524
1779835500,0.00019191625545578902,0.00019191625545578902,0.0001851854356564759,0.00018766005408441913,245.86103242262726
1779836400,0.00018766005408441913,0.00018766005408441913,0.0001846952246902136,0.00018637340605693795,83.13125958335975
1779837300,0.00018637340605693795,0.00018647778732068407,0.00018637340605693795,0.00018647778732068407,24.689880386514492
1779838200,0.00018647778732068407,0.00018661457950575646,0.00018349874252005262,0.00018558588817237898,78.44457903434979
1779839100,0.00018558588817237898,0.0001895478820188566,0.00018558588817237898,0.0001895478820188566,240.9549841769197
1779840000,0.0001895478820188566,0.0001895478820188566,0.00018708226222634178,0.00018714132234625943,14.038273450163306
1779840900,0.00018714132234625943,0.00019280345135182664,0.00018714132234625943,0.00019280345135182664,183.10816732102415
1779841800,0.00019280345135182664,0.00019280345135182664,0.00019011925303144393,0.00019011925303144393,39.9184572168898
1779842700,0.00019011925303144393,0.00019239968016672397,0.00019011925303144393,0.00019239968016672397,0.009230820446057528
1779843600,0.00019239968016672397,0.00019239968016672397,0.0001706234069205549,0.00018377506418085492,2953.8852044251535
1779845400,0.00018377506418085492,0.00018377506418085492,0.00017944010173708604,0.00018188728147125238,145.75289354644133
1779846300,0.00018188728147125238,0.00018218319482990355,0.00018188728147125238,0.00018218319482990355,16.623163003804216
1779847200,0.00018218319482990355,0.00018497588384668736,0.0001796954696133739,0.00018420566441131628,538.6471095986709
1779848100,0.00018420566441131628,0.00021115588772792823,0.00018420566441131628,0.00021053547790517822,2643.9111628764967
1779849000,0.00021053547790517822,0.00022254743491832918,0.00021051981957484277,0.0002159736012170531,1787.7607836366144
1779849900,0.0002159736012170531,0.0002159736012170531,0.00019558554807983436,0.00020070319521426188,973.5360518251067
1779850800,0.00020070319521426188,0.00020351204860147233,0.00019850688037416461,0.00020277882034501786,206.5371755365081
1779851700,0.00020277882034501786,0.00023341526102977324,0.00020277882034501786,0.0002323774981404429,3388.738464752722
1779852600,0.0002323774981404429,0.00023867429250530253,0.0002290464201846023,0.0002290464201846023,1176.5991028137896
1779853500,0.0002290464201846023,0.00022907263822389938,0.0002002493604745708,0.00021359774084188683,2478.643680903375
1779854400,0.00021359774084188683,0.00021647606145620574,0.00021359774084188683,0.00021647606145620574,157.30782881583428
1779855300,0.00021647606145620574,0.00021647606145620574,0.00021072030164390982,0.00021072030164390982,260.6164684227151
1779856200,0.00021072030164390982,0.0002122101020929152,0.00020424705722392374,0.00020625151154635106,588.3224774480691
1779857100,0.00020625151154635106,0.00020656748054284217,0.00020625151154635106,0.00020656748054284217,8.167955902585438
1779858000,0.00020656748054284217,0.00020746358524590191,0.00020656748054284217,0.00020746358524590191,0.004596970445726041
1779859800,0.00020746358524590191,0.00022961790075452443,0.00020746358524590191,0.00022467237165901143,1672.8958204121852
1779860700,0.00022467237165901143,0.00022488191990056096,0.0002221231846589035,0.00022488191990056096,55.710227069286496
1779861600,0.00022488191990056096,0.00022490757068264103,0.00022019165413963873,0.00022292530384571637,107.08967224122917
1779862500,0.00022292530384571637,0.00025344742764531056,0.00021964114100976904,0.00025112486806617995,3263.649964121698
1779863400,0.00025112486806617995,0.00025304426258916885,0.00025112486806617995,0.00025304426258916885,71.67234431145688
1779864300,0.00025304426258916885,0.000311723787027346,0.00024726741465493687,0.00029703033509163493,5840.3273579307315
1779865200,0.00029703033509163493,0.0003231865878239904,0.0002699094966110686,0.00027183075556424667,7292.790884158401
1779866100,0.00027183075556424667,0.00027876368460309645,0.00027183075556424667,0.000272194573174152,1482.9541148215685
1779867000,0.000272194573174152,0.000272194573174152,0.0002622555060040451,0.0002622555060040451,1633.2894133071209
1779867900,0.0002622555060040451,0.00026257622866336953,0.00025739469152585615,0.00025845101524302725,1324.6993788580082
1779868800,0.00025845101524302725,0.0002625594428672805,0.00025712561268376947,0.0002595366872387687,614.5522836145384
1779869700,0.0002595366872387687,0.00026280571814959753,0.0002528912720753909,0.00026247057285964676,1077.142722199954
1779870600,0.00026247057285964676,0.00027258383462267177,0.0002567996113426244,0.0002617027977416007,2383.328877580235
1779871500,0.0002617027977416007,0.0002617027977416007,0.0002503674021846777,0.00025039709939216493,1247.7272353202306
1779872400,0.00025039709939216493,0.0002559757394792975,0.00024192943306909325,0.00024747204025679957,1640.3755545836011
1779873300,0.00024747204025679957,0.00025519984024798914,0.00024747204025679957,0.00025260276467877385,1624.628611795132
1779874200,0.00025260276467877385,0.00028692025969760665,0.0002498300145148064,0.0002664203801420702,5332.945473121374
1779875100,0.0002664203801420702,0.0002729929600389392,0.00026415497349535026,0.0002680392734935161,1377.7177033571186
1779876000,0.0002680392734935161,0.00027098884508297734,0.0002566543479720236,0.00026705295140762135,1575.785571349476
1779876900,0.00026705295140762135,0.0002714642405490607,0.0002643405033516936,0.00026728974169832584,748.6030934993997
1779877800,0.00026728974169832584,0.0002715496738235797,0.0002667376680103272,0.0002697397086316371,769.1153949372043
1779878700,0.0002697397086316371,0.0002706362105282705,0.0002666587089418047,0.00026670117898675857,426.66704734233144
1779879600,0.00026670117898675857,0.0002710317032925023,0.0002578395141019332,0.0002619202775123641,1230.55745377821
1779880500,0.0002619202775123641,0.0002633761468307639,0.0002587821424299701,0.00026329041088488385,419.8300158464423
1779881400,0.00026329041088488385,0.00026329041088488385,0.00025402723459643666,0.00025825270127900307,619.4988360437172
1779882300,0.00025825270127900307,0.00025825270127900307,0.00024480765876140745,0.00025224162905635665,1980.659283155299
1779883200,0.00025224162905635665,0.00025224162905635665,0.0002111670466623019,0.00023994314947398858,6105.538562568602
1779884100,0.00023994314947398858,0.00024462589625536636,0.00023976586451111194,0.0002444086263760732,393.1319584074953
1779885000,0.0002444086263760732,0.00024484809828047267,0.00023414130770861658,0.00023414130770861658,1070.8082135384775
1779885900,0.00023414130770861658,0.0002412289588283183,0.00023414130770861658,0.00023998331621911395,513.2452065319344
1779886800,0.00023998331621911395,0.00024376935718793831,0.00023597907320533834,0.00024376935718793831,520.1491883050517
1779887700,0.00024376935718793831,0.0002444504097171373,0.00024036589880046982,0.0002440045438811678,155.9479856151212
1779888600,0.0002440045438811678,0.0002478908888649523,0.000240584332098056,0.00024722215572588625,485.0987414860738
1779889500,0.00024722215572588625,0.00025100182671148355,0.00024295631109345916,0.00024541405779187687,457.954926321603
1779890400,0.00024541405779187687,0.0002511963674047822,0.00024261763566078577,0.0002511963674047822,632.7006174648977
1779891300,0.0002511963674047822,0.0002644609177667421,0.0002508858804118078,0.00026025789944167567,2495.160105351364
1779892200,0.00026025789944167567,0.00026548416653367104,0.00025083983325435396,0.00025083983325435396,669.466663206684
1779893100,0.00025083983325435396,0.0002544809878044853,0.00025036334384423225,0.0002540863384675211,151.66675302996987
1779894000,0.0002540863384675211,0.0002545519732678955,0.0002504651403877257,0.0002545519732678955,70.49447479941585
1779894900,0.0002545519732678955,0.00025623123224448454,0.0002514921416383181,0.0002524502439192397,123.43450463275902
1779895800,0.0002524502439192397,0.0002563278210367431,0.00024395442720540525,0.00024653931141308314,529.4879548417068
1779896700,0.00024653931141308314,0.00024668664489260533,0.00024231340513265154,0.0002426579171392009,78.78123430346102
1779897600,0.0002426579171392009,0.0002462881331765725,0.0002326907350573034,0.00023560672316009053,632.7864922079882
1779898500,0.00023560672316009053,0.00023720662875186972,0.0002324047082929427,0.00023720662875186972,127.84806094074324
1779899400,0.00023720662875186972,0.00024938300053779425,0.00023720662875186972,0.00024793619247494205,930.0787352030062
1779900300,0.00024793619247494205,0.00024793619247494205,0.000236571118443993,0.00023860390383222447,584.9717442793738
1779901200,0.00023860390383222447,0.00024252127353732361,0.000234897268495631,0.00023680911180005355,394.73448464504236
1779903000,0.00023680911180005355,0.00023710309098608922,0.0002348698052873781,0.0002348698052873781,72.65749364139589
1779903900,0.0002348698052873781,0.0002348698052873781,0.00023423864176088662,0.00023423864176088662,0.07955377444672254
1779904800,0.00023423864176088662,0.00023713390394135118,0.00023391647327396944,0.0002350009610542222,178.66507915689348
1779905700,0.0002350009610542222,0.0002350009610542222,0.00023055205130373697,0.00023055205130373697,250.4272754250439
1779906600,0.00023055205130373697,0.00023338520394969924,0.00022538237507356237,0.00022738139215717026,369.07028890584894
1779907500,0.00022738139215717026,0.00022776316583690283,0.0002246634148811986,0.0002274868847272151,38.013644155004144
1779908400,0.0002274868847272151,0.0002297228588348095,0.000224571842519754,0.0002297228588348095,118.31382628051057
1779909300,0.0002297228588348095,0.0002705232650172271,0.0002297228588348095,0.00026392769806500436,2968.7060373100944
1779910200,0.00026392769806500436,0.0002693626121750876,0.0002584295250452446,0.00026159460192070976,973.5689513523698
1779911100,0.00026159460192070976,0.00026159460192070976,0.00024071507758417356,0.0002459273061466937,1639.4620425931646
1779912000,0.0002459273061466937,0.000287484596974625,0.00024215735392956605,0.00027135766223634206,4130.627492830132
1779912900,0.00027135766223634206,0.00027135766223634206,0.0002711496484576471,0.0002711496484576471,25.954475136968217
1779913800,0.0002711496484576471,0.0002737716415048946,0.0002608125522538406,0.0002608125522538406,543.8349946887154
1779914700,0.0002608125522538406,0.0002612351569421929,0.00024217198689254626,0.0002578798287793671,3029.9477874590266
1779915600,0.0002578798287793671,0.0002578798287793671,0.000253659752977355,0.00025611047497687054,109.11513402607348
1779916500,0.00025611047497687054,0.000271990049385328,0.00025208270734937985,0.0002663973102621612,1089.4497951268368
1779917400,0.0002663973102621612,0.0002696398063033812,0.00026147798700175493,0.00026371640362568593,277.8988842657155
1779918300,0.00026371640362568593,0.00026371640362568593,0.00025786668399707907,0.00026052372872842843,43.05289924297721
1779919200,0.00026052372872842843,0.0002614781051720965,0.0002572523245068447,0.00026054939753797205,114.07182917882595
1779920100,0.00026054939753797205,0.00026054939753797205,0.0002371243100273762,0.00024103114758524798,1522.870479855921
1779921000,0.00024103114758524798,0.00024103114758524798,0.00023779746634986849,0.00024068203687470886,17.8009827316136
1779921900,0.00024068203687470886,0.00024068203687470886,0.00023651076680316285,0.0002388144335039965,73.00264630396742
1779922800,0.0002388144335039965,0.0002390440244475283,0.0002388144335039965,0.0002390440244475283,20.59111990245287
1779924600,0.0002390440244475283,0.0002390440244475283,0.00023291281271692533,0.00023570850987512303,141.80477478338116
1779925500,0.00023570850987512303,0.0002361138212909787,0.00023570850987512303,0.0002361138212909787,17.817903002050198
1779926400,0.0002361138212909787,0.0002361138212909787,0.00023202581938047324,0.00023307276725099057,223.2967846273213
1779927300,0.00023307276725099057,0.00023307276725099057,0.00022985672822822063,0.0002323728766264894,88.91466635797697
1779928200,0.0002323728766264894,0.0002348890870272335,0.00023232034736447393,0.0002348890870272335,131.1307561801046
1779929100,0.0002348890870272335,0.00023504442724225005,0.00023148637395728846,0.00023148637395728846,54.90482044581189
1779930000,0.00023148637395728846,0.00023148637395728846,0.00023090485891741753,0.00023090485891741753,5.881881720327223
1779930900,0.00023090485891741753,0.00023090485891741753,0.000222055120558246,0.00022261355642608813,643.8805735766477
1779931800,0.00022261355642608813,0.0002236106534449199,0.00022087914074121377,0.0002236106534449199,63.130999929969995
1779933600,0.0002236106534449199,0.00022393662450976637,0.00022103636218235618,0.00022103636218235618,41.224380948107815
1779934500,0.00022103636218235618,0.00022382787648246135,0.00022103636218235618,0.000223492779573219,16.59646434063163
1779935400,0.000223492779573219,0.00025041865921067745,0.00022015613021688293,0.00024975022027205594,1763.9012915206042
1779936300,0.00024975022027205594,0.00026064316401703006,0.0002462781041383711,0.00025865711236644024,681.3872442179849
1779937200,0.00025865711236644024,0.00025865711236644024,0.0002295805271736275,0.0002335598431302981,2665.282242164686
1779938100,0.0002335598431302981,0.0002335598431302981,0.0002302719117523774,0.0002325843688793864,8.130336622125219
1779939000,0.0002325843688793864,0.0002325843688793864,0.00022839169268506817,0.00023019968241071585,85.4817643713408
1779939900,0.00023019968241071585,0.00023019968241071585,0.00022592806529345323,0.0002282917802419997,123.16031474235318
1779940800,0.0002282917802419997,0.0002282917802419997,0.00020312981371126363,0.00020812435245311535,3401.590422980546
1779941700,0.00020812435245311535,0.00020854717543285456,0.00020812435245311535,0.00020854717543285456,4.720464708216194
1779942600,0.00020854717543285456,0.00020882629755043157,0.00020497385205418207,0.0002087670206490396,154.7802641590257
1779943500,0.0002087670206490396,0.000210647620151857,0.00020868611510869712,0.000210647620151857,117.72935411698828
1779944400,0.000210647620151857,0.000211070692495001,0.0002079320952284968,0.00021038989341851984,24.103669753665457
1779945300,0.00021038989341851984,0.00021038989341851984,0.0002093813804867208,0.0002093813804867208,0.017684734906296126
1779946200,0.0002093813804867208,0.0002093813804867208,0.0002070887347657037,0.0002070887347657037,72.95822145630996
1779947100,0.0002070887347657037,0.00020885324728656408,0.0002070887347657037,0.00020885324728656408,0.00887702219123286
1779948000,0.00020885324728656408,0.0002094380994319438,0.00020885324728656408,0.0002094380994319438,57.7921832563055
1779948900,0.0002094380994319438,0.00021039436873951587,0.00020759599273393513,0.00021034782684533794,42.997231164467095
1779949800,0.00021034782684533794,0.00021034782684533794,0.0002094558877160256,0.0002094558877160256,0.008855516146847013
1779950700,0.0002094558877160256,0.0002094558877160256,0.00020564190628618746,0.00020833709981280966,13.489389003014258
1779951600,0.00020833709981280966,0.00021145257753544234,0.00020833709981280966,0.00021145257753544234,117.00334584404611
1779952500,0.00021145257753544234,0.00022623819379634526,0.00021145257753544234,0.00022623819379634526,1902.5855072925026
1779953400,0.00022623819379634526,0.00022623819379634526,0.00022339379825037423,0.00022339379825037423,332.7682360083037
1779954300,0.00022339379825037423,0.0002235987494577508,0.00022339379825037423,0.0002235987494577508,0.0089243973856637
1779955200,0.0002235987494577508,0.00022737856879463284,0.00020975557266461554,0.00020975557266461554,1818.761135613664
1779956100,0.00020975557266461554,0.00021966964440123623,0.00020975557266461554,0.00021348156148518513,181.43401497888257
1779957000,0.00021348156148518513,0.00021506984413707979,0.00021289922504576402,0.00021506984413707979,66.98484505306315
1779957900,0.00021506984413707979,0.00021506984413707979,0.00021206549973291423,0.00021206549973291423,24.45930803108544
1779958800,0.00021206549973291423,0.00021470733942870323,0.00021134170550970045,0.00021134170550970045,22.161233872750145
1779959700,0.00021134170550970045,0.00021433938496196746,0.00021134170550970045,0.00021433938496196746,0.01782145302506768
1779960600,0.00021433938496196746,0.00021433938496196746,0.00021187824969753425,0.00021187824969753425,0.9087562685087122
1779962400,0.00021187824969753425,0.00021194789136188706,0.00020143518797868803,0.00020370622728526554,897.650620107227
1779963300,0.00020370622728526554,0.00020643126405225272,0.00020370622728526554,0.00020593110537550006,291.17282135363865
1779964200,0.00020593110537550006,0.00020593110537550006,0.0001955309939102791,0.0002008913510815998,924.5044846703593
1779965100,0.0002008913510815998,0.00020100638025643766,0.0002008913510815998,0.00020100638025643766,21.048101616604875
1779966000,0.00020100638025643766,0.00020100638025643766,0.00019149158000497405,0.0001970642201306553,894.4205531054198
1779966900,0.0001970642201306553,0.00020907651573190075,0.0001970642201306553,0.00020907651573190075,785.4787213820312
1779967800,0.00020907651573190075,0.00020907651573190075,0.00020476989561901023,0.00020688384599698692,562.4354899467642
1779968700,0.00020688384599698692,0.00021600535049871316,0.00020674628070203882,0.00021600535049871316,679.652105986325
1779969600,0.00021600535049871316,0.0002197514845507105,0.00021363888162486216,0.0002183158457614878,617.8779448784569
1779970500,0.0002183158457614878,0.00022164383923931126,0.00021787707610386372,0.00021787707610386372,407.69167528381877
1779971400,0.00021787707610386372,0.00023228084454222694,0.00021787707610386372,0.0002292689230710072,709.723395213192
1779972300,0.0002292689230710072,0.0002292689230710072,0.00022274462165216985,0.00022274462165216985,447.7919066735086
1779973200,0.00022274462165216985,0.00022274462165216985,0.00020921773058882174,0.00020921773058882174,855.3146123788532
1779974100,0.00020921773058882174,0.00020961602235247174,0.00020727795368531582,0.00020961602235247174,320.91663646455663
1779975000,0.00020961602235247174,0.00020961602235247174,0.00020828288297605768,0.00020828288297605768,32.82099723315135
1779975900,0.00020828288297605768,0.00020828288297605768,0.00020721224021140222,0.00020731405544365902,37.008078855985865
1779976800,0.00020731405544365902,0.00021030872253361918,0.00020731405544365902,0.00021014145883526487,1.4928341906494926
1779977700,0.00021014145883526487,0.00021014145883526487,0.0002079909517574084,0.0002079909517574084,18.53103083176522
1779978600,0.0002079909517574084,0.000209393197772483,0.00020731043067555172,0.000209393197772483,36.44513121402153
1779979500,0.000209393197772483,0.00021005762502070748,0.000209393197772483,0.00021005762502070748,0.47269864930341465
1779980400,0.00021005762502070748,0.00021005762502070748,0.000207174914610678,0.000207174914610678,7.031903401802663
1779981300,0.000207174914610678,0.00020953576326442872,0.000207174914610678,0.00020953576326442872,7.148061068047056
1779982200,0.00020953576326442872,0.0002095641502590075,0.00020953576326442872,0.0002095641502590075,8.006166373340609
1779984000,0.0002095641502590075,0.0002104794138178593,0.0002061464406746993,0.00020967162080437522,305.0088044682439
1779984900,0.00020967162080437522,0.00021283419822334005,0.0002076664838831367,0.00021283419822334005,520.7407782353386
1779985800,0.00021283419822334005,0.00021283419822334005,0.00020761498168448718,0.00020952091868488672,265.74171660043925
1779986700,0.00020952091868488672,0.000237401373381297,0.00020952091868488672,0.0002362019738307533,2178.9086116206986
1779987600,0.0002362019738307533,0.0002487085854933593,0.0002318412890142191,0.00023317456271318453,1735.5586838422432
1779988500,0.00023317456271318453,0.00023317456271318453,0.0002294225850401196,0.0002294225850401196,135.1648338165753
1779989400,0.0002294225850401196,0.0002294225850401196,0.00022841029533501942,0.00022841029533501942,48.18380733846996
1779991200,0.00022841029533501942,0.00023028549717746895,0.0002273070961303564,0.0002273070961303564,201.69350261913593
1779992100,0.0002273070961303564,0.00023072545599112857,0.00022607607535986296,0.00022607607535986296,89.03490177730399
1779993000,0.00022607607535986296,0.00022898770365379633,0.00022607607535986296,0.00022898770365379633,8.13527139657959
1779993900,0.00022898770365379633,0.00022898770365379633,0.00022572293802840943,0.00022750286970207165,121.04813772912308
1779994800,0.00022750286970207165,0.00022750286970207165,0.0002189375136933622,0.00022110570068797564,316.31961955451413
1779995700,0.00022110570068797564,0.0002216300381069184,0.00022110570068797564,0.0002216300381069184,19.281292470971287
1779996600,0.0002216300381069184,0.0002216300381069184,0.00021769876577229491,0.00022036976171380427,47.482449103674696
1779997500,0.00022036976171380427,0.00022169174052047587,0.00021799712823004382,0.0002187162525963087,365.61477891716936
1779998400,0.0002187162525963087,0.0002187162525963087,0.0002134283337288374,0.0002134283337288374,81.01513384249661
1779999300,0.0002134283337288374,0.00021346802157687716,0.00021341163594898888,0.00021346802157687716,46.479213974055746
1780002000,0.00021346802157687716,0.00021346802157687716,0.00021309653062283074,0.00021309653062283074,13.504671706208601
1780002900,0.00021309653062283074,0.00021364694243841166,0.00020664488836642404,0.00020664488836642404,542.967428054471
1780003800,0.00020664488836642404,0.00020675530662788544,0.00020664488836642404,0.00020675530662788544,4.591571069144278
1780004700,0.00020675530662788544,0.00020700617652568898,0.00020657090456076833,0.00020700617652568898,27.902697326868743
1780005600,0.00020700617652568898,0.00020700617652568898,0.0001718118748846732,0.00018843650802377148,7423.140688089948
1780006500,0.00018843650802377148,0.00019093149938139909,0.00018676140538859723,0.00018676140538859723,147.8980162871327
1780007400,0.00018676140538859723,0.00019045267523375983,0.000186695641230005,0.000186695641230005,261.7700997077861
1780008300,0.000186695641230005,0.0001888494578657412,0.00018404543467619207,0.00018661301350971328,173.1563509423301
1780009200,0.00018661301350971328,0.00018933068919403187,0.00018438536815363273,0.00018933068919403187,138.3572946366917
1780010100,0.00018933068919403187,0.0001896182956754137,0.00017595712417782465,0.00018373501552911806,1410.4247463121258
1780011000,0.00018373501552911806,0.00019489752619002466,0.00018373501552911806,0.00019489752619002466,731.1502365529566
1780011900,0.00019489752619002466,0.00019489752619002466,0.00019171524198580755,0.00019349131868574853,122.70622490805943
1780012800,0.00019349131868574853,0.00019349131868574853,0.00019066180731915986,0.00019066180731915986,19.26080177945521
1780013700,0.00019066180731915986,0.0001910153459235119,0.00019066180731915986,0.00019087085425404166,16.106638286622506
1780014600,0.00019087085425404166,0.0001936262052899314,0.00019079750204799235,0.0001936262052899314,8.587584694521176
1780015500,0.0001936262052899314,0.0001936262052899314,0.0001879776217406131,0.0001879776217406131,213.14131408896142
1780016400,0.0001879776217406131,0.00019072355643034598,0.0001879776217406131,0.00019072355643034598,0.009059233325992812
1780017300,0.00019072355643034598,0.00019801489696603543,0.000187766597744842,0.00019703052501916627,942.704604225709
1780018200,0.00019703052501916627,0.00020371370636915477,0.00019662794276411154,0.00020371370636915477,305.00119559691086
1780020000,0.00020371370636915477,0.0002043526250029278,0.00020041331990977262,0.00020041331990977262,86.7556278128792
1780020900,0.00020041331990977262,0.00023371696711818794,0.00020041331990977262,0.00021909601497675273,3489.301512410133
1780021800,0.00021909601497675273,0.00021964182020804983,0.0002118530591974778,0.0002118530591974778,289.0752235472966
1780022700,0.0002118530591974778,0.0002148092386519414,0.00021128998440813972,0.00021174771435379132,127.22131472925511
1780023600,0.00021174771435379132,0.00021420584742941662,0.000211218358726454,0.000211218358726454,77.81046150709335
1780024500,0.000211218358726454,0.0002138164999518202,0.000211218358726454,0.00021366847135760063,0.8144733312555289
1780025400,0.00021366847135760063,0.00021366847135760063,0.00021037335496659952,0.00021287284793394923,33.75242367707197
1780026300,0.00021287284793394923,0.00021287284793394923,0.00020637788554540035,0.00020690543074711092,485.42956365589214
1780028100,0.00020690543074711092,0.00021133155015504913,0.00020360800542534928,0.00020746097836274008,1281.0613584855855
1780029000,0.00020746097836274008,0.00020746097836274008,0.00020267710767262303,0.00020347327158870578,245.14548950819568
1780030800,0.00020347327158870578,0.00020414497797586394,0.00020347327158870578,0.00020414497797586394,8.069366901015165
1780031700,0.00020414497797586394,0.00020414497797586394,0.00020024065913715124,0.00020273161546248972,107.02752677361923
1780032600,0.00020273161546248972,0.0002058443311343293,0.00020273161546248972,0.0002058443311343293,176.6345622852244
1780034400,0.0002058443311343293,0.00022108003913710782,0.0002058443311343293,0.00022051231505813653,1024.6668479020975
1780035300,0.00022051231505813653,0.00022356798114404487,0.00020871413331352486,0.00020874898381183094,807.0203834228677
1780036200,0.00020874898381183094,0.00020874898381183094,0.00020541194574389367,0.00020541194574389367,36.74671441167401
1780037100,0.00020541194574389367,0.00020819965799707802,0.00020541194574389367,0.00020819965799707802,1.2938394542355458
1780038000,0.00020819965799707802,0.0002130190357719217,0.00020819965799707802,0.0002130190357719217,246.04259709864453
1780039800,0.0002130190357719217,0.00021362119093038844,0.0002085847769157576,0.00021084525815116245,259.7971257537131
1780040700,0.00021084525815116245,0.00021669759694900787,0.00021084525815116245,0.00021669759694900787,351.0454419798478
1780043400,0.00021669759694900787,0.00021669759694900787,0.00021041378480079394,0.00021230210231666953,275.6588453882952
1780044300,0.00021230210231666953,0.00021239234850126828,0.00021230210231666953,0.00021239234850126828,0.018121862099055544
1780046100,0.00021239234850126828,0.00021263137289102626,0.00021239234850126828,0.00021263137289102626,0.009075225855926447
1780047000,0.00021263137289102626,0.00021263137289102626,0.00019840674964623065,0.00020192443813953312,1194.0283836685596
1780047900,0.00020192443813953312,0.0002030112501835194,0.000198702574407434,0.0002014734419409307,230.24360242198077
1780048800,0.0002014734419409307,0.00020213876298264997,0.00019894720720198887,0.0002008653951661634,169.5853689065048
1780049700,0.0002008653951661634,0.00020246979403672774,0.0001993237831364934,0.00020173251331766684,211.28407929809234
1780050600,0.00020173251331766684,0.00020789686069251355,0.00020173251331766684,0.00020583272567438137,373.7339978064029
1780051500,0.00020583272567438137,0.00021150652491902917,0.00020583272567438137,0.00021150652491902917,165.84391503074923
1780052400,0.00021150652491902917,0.00021167448137950092,0.00019376615450702688,0.0001959721703011897,1592.1557773368645
1780053300,0.0001959721703011897,0.00020051886811898114,0.00018116471350083013,0.00020051886811898114,2258.604969730457
1780054200,0.00020051886811898114,0.00020160777780615054,0.0001972051554450669,0.0001972051554450669,76.7078377688119
1780055100,0.0001972051554450669,0.0001972051554450669,0.0001954903134289674,0.0001954903134289674,78.93987472412239
1780056000,0.0001954903134289674,0.0001981039028981137,0.0001954903134289674,0.0001981039028981137,1.9535884118529452
1780056900,0.0001981039028981137,0.00019821575375960759,0.0001981039028981137,0.00019821575375960759,4.045920322422588
1780057800,0.00019821575375960759,0.00019821575375960759,0.00019524524210736254,0.00019524524210736254,49.01617842855756
1780058700,0.00019524524210736254,0.00020073494406602449,0.00019509793761433202,0.00019872872046982268,521.931892642554
1780059600,0.00019872872046982268,0.00019989108595141789,0.00019872872046982268,0.00019989108595141789,40.3292166102962
1780060500,0.00019989108595141789,0.00019989108595141789,0.00019664505933329415,0.0001986986148343529,68.17209459436577
1780061400,0.0001986986148343529,0.0002238186278496662,0.0001986986148343529,0.00021874271959182982,1879.3166461062708
1780062300,0.00021874271959182982,0.00022186441494867807,0.00021778150903821328,0.00021778150903821328,51.55085625718935
1780063200,0.00021778150903821328,0.00022062871639266164,0.00021131990197109272,0.00021131990197109272,336.5533841222071
1780064100,0.00021131990197109272,0.00021131990197109272,0.0002098969400776175,0.0002098969400776175,25.1876328093141
1780065000,0.0002098969400776175,0.00021575256417052588,0.0002098969400776175,0.00021530709907924286,360.6270373149217
1780065900,0.00021530709907924286,0.00021706763667793467,0.00021530709907924286,0.00021706763667793467,23.888793290081832
1780066800,0.00021706763667793467,0.00021706763667793467,0.00021665738446273938,0.00021665738446273938,18.363338547421808
1780067700,0.00021665738446273938,0.0002216764830424954,0.00021665738446273938,0.0002216764830424954,27.32181676262852
1780068600,0.0002216764830424954,0.0002238502638472248,0.0002216764830424954,0.0002238502638472248,0.009117284473986256
1780069500,0.0002238502638472248,0.0002740103766123041,0.0002197156765756982,0.0002428053554632998,4567.719430664243
1780070400,0.0002428053554632998,0.0002644927174071192,0.0002428053554632998,0.0002568846953383488,1250.7963595499634
1780071300,0.0002568846953383488,0.0002577891460116145,0.00024139564333137847,0.00024210119873356795,740.584650547837
1780072200,0.00024210119873356795,0.0002465145124713355,0.00024210119873356795,0.0002462367573224668,0.018252204526334526
1780073100,0.0002462367573224668,0.0002462367573224668,0.00023338288614152035,0.0002348129466425321,629.4749677345085
1780074000,0.0002348129466425321,0.0002762758358266299,0.0002348129466425321,0.000272857990688472,2193.3916420311825
1780074900,0.000272857990688472,0.00028109867183965875,0.000272857990688472,0.00027789537553417695,698.3382718620079
1780075800,0.00027789537553417695,0.00027789537553417695,0.0002696232841633976,0.0002696232841633976,299.8790857630187
1780076700,0.0002696232841633976,0.0002875290936933919,0.0002681831366851707,0.00027301420184373815,1996.6883372511727
1780077600,0.00027301420184373815,0.00027476758780646787,0.00025775446433397113,0.000263007570892856,4868.420539859762
1780078500,0.000263007570892856,0.00030722714798265774,0.0002573142868313263,0.0002862046510135257,8292.309670524242
1780079400,0.0002862046510135257,0.0003270157751948119,0.00027693077777564905,0.00030163545270752356,15127.46648094274
1780080300,0.00030163545270752356,0.00030374650514269636,0.00028124919016737606,0.00028283822111617517,5356.15523516323
1780081200,0.00028283822111617517,0.0002853143805541898,0.0002421400925996579,0.00028341512730414343,8549.305902354912
1780082100,0.00028341512730414343,0.000289576619283607,0.00024973280729703555,0.0002556911803075472,7854.1750267436955
1780083000,0.0002556911803075472,0.0003375896615921155,0.0002534557697703708,0.0002982579394007242,16209.135035087298
1780083900,0.0002982579394007242,0.0003021997498515767,0.0002920397565491892,0.0002972889252499098,4398.738059071642
1780084800,0.0002972889252499098,0.00029780065995684956,0.00028504739357529917,0.00028943998021669807,4193.795878276575
1780085700,0.00028943998021669807,0.0002913757297711675,0.0002854123399857283,0.00028925634157373,877.1466390419259
1780086600,0.00028925634157373,0.00028925634157373,0.0002357951796447214,0.0002587896827126732,4970.494644894567
1780087500,0.0002587896827126732,0.0002631419302810029,0.00025434646295710193,0.0002577268687938415,1000.5804019548693
1780088400,0.0002577268687938415,0.00026289599033862336,0.0002484951744797492,0.0002484951744797492,915.4568082072395
1780089300,0.0002484951744797492,0.00028083727057107426,0.0002484951744797492,0.00027148972189946265,2175.2422691661814
1780090200,0.00027148972189946265,0.0002846175918316161,0.0002688706474163627,0.0002814781037797042,1502.0696960670296
1780091100,0.0002814781037797042,0.0002814781037797042,0.0002761251225040919,0.0002761251225040919,36.66322898741624
1780092000,0.0002761251225040919,0.0002775650263199057,0.00027440031192568624,0.0002775650263199057,112.52281893852224
1780092900,0.0002775650263199057,0.0002784962272570984,0.00027485093828981286,0.0002784905363425859,65.47383097656977
1780093800,0.0002784905363425859,0.0002784905363425859,0.0002745739833144007,0.0002745739833144007,48.464333267470266
1780094700,0.0002745739833144007,0.0002745739833144007,0.00027421289071932975,0.00027421289071932975,8.80485902090351
1780095600,0.00027421289071932975,0.00027830847282845126,0.00027420998433837977,0.00027830847282845126,9.459499070263355
1780096500,0.00027830847282845126,0.00027847043689206024,0.00027465202662048957,0.0002780026714370222,94.33140863349783
1780097400,0.0002780026714370222,0.0002780026714370222,0.00023292030702283338,0.00024455566520181863,5254.7716139978365
1780098300,0.00024455566520181863,0.0002493184110614713,0.0002442764884743877,0.0002461188433570415,335.41641430442803
1780099200,0.0002461188433570415,0.0002506857683654008,0.00024508523964022523,0.0002452168923669416,459.0679242889306
1780100100,0.0002452168923669416,0.00024965240917183606,0.00024326837525973498,0.00024965240917183606,316.9354811400972
1780101000,0.00024965240917183606,0.00026174471022180656,0.00024965240917183606,0.0002571638969901254,808.4143552852157
1780101900,0.0002571638969901254,0.00027581226540604855,0.0002557654011761585,0.0002626520777505516,1841.7623587815795
1780102800,0.0002626520777505516,0.0002664561671943191,0.00026196592815284046,0.00026196592815284046,246.84928604782752
1780103700,0.00026196592815284046,0.0002701757369040646,0.00026196592815284046,0.0002653175538379075,999.8160119331077
1780104600,0.0002653175538379075,0.0002686049307603093,0.0002591664044181334,0.0002591664044181334,559.9794728813953
1780105500,0.0002591664044181334,0.0002591664044181334,0.00024661294830043655,0.00024987485806417616,790.9456499986837
1780106400,0.00024987485806417616,0.0002517691566848342,0.00024987485806417616,0.00025070237834414925,202.88111927636604
1780107300,0.00025070237834414925,0.00025357769248800715,0.0002501083727015652,0.0002501083727015652,36.91339859670001
1780108200,0.0002501083727015652,0.0002543801682704088,0.0002501083727015652,0.0002543801682704088,122.40316143436213
1780110000,0.0002543801682704088,0.0002543801682704088,0.00024842422364066167,0.0002516498279571434,232.88497774123394
1780111800,0.0002516498279571434,0.0002516498279571434,0.00024704209044637527,0.00024704209044637527,34.44055651646836
1780112700,0.00024704209044637527,0.00024704209044637527,0.00024606325091544573,0.00024606325091544573,47.036966372682386
1780113600,0.00024606325091544573,0.00024606325091544573,0.0002455922717143921,0.0002455922717143921,21.525458558472906
1780115400,0.0002455922717143921,0.0002455922717143921,0.00024020209492962486,0.00024022544475696024,295.5372669382291
1780117200,0.00024022544475696024,0.0002445924655206166,0.00024022544475696024,0.0002445924655206166,43.62996818553744
1780118100,0.0002445924655206166,0.0002544736945187945,0.0002445924655206166,0.0002544736945187945,829.771927458505
1780119000,0.0002544736945187945,0.00026193810511792703,0.00025265589662559724,0.00026193810511792703,535.0243394566733
1780119900,0.00026193810511792703,0.00026594751982444233,0.0002392863188202614,0.00025098946925514854,2265.9924384723454
1780120800,0.00025098946925514854,0.00025098946925514854,0.00023094358951526107,0.00024183526952134576,1949.9928629484036
1780121700,0.00024183526952134576,0.00024617982314846103,0.0002105622332392841,0.00022270627710625402,6453.337143217667
1780122600,0.00022270627710625402,0.00023767506123492456,0.00022270627710625402,0.00023483080872503632,2570.0053315915748
1780123500,0.00023483080872503632,0.0002400680772969343,0.00023483080872503632,0.00023532224823334612,562.0594658870881
1780124400,0.00023532224823334612,0.00023913011990216805,0.0002349550262668567,0.00023642557151947073,363.1386250041519
1780125300,0.00023642557151947073,0.00023642557151947073,0.00023356293474830335,0.00023356293474830335,171.56497200344776
1780126200,0.00023356293474830335,0.0002398299370818671,0.00023356293474830335,0.00023626002166591553,286.64170951149947
1780127100,0.00023626002166591553,0.00023924114724620441,0.0002343004246935493,0.00023738060792284545,117.61813510786344
1780128000,0.00023738060792284545,0.00023914945391494247,0.00023412927118598038,0.000239003347920373,117.62718169956104
1780128900,0.000239003347920373,0.00024368353255768222,0.00022841556703153703,0.00023181259926464946,1811.5642185385007
1780129800,0.00023181259926464946,0.00023619659896874053,0.00022861797943902283,0.00023553199316987051,278.0562342837299
1780130700,0.00023553199316987051,0.00023716749800805232,0.0002321873613584063,0.0002368957108313259,105.59446274801076
1780131600,0.0002368957108313259,0.0002473896271646166,0.00023381484322395094,0.0002410199176937194,832.4168848256497
1780132500,0.0002410199176937194,0.0002443575414580903,0.00023378957902047158,0.00023383876693108103,416.8756329756604
1780133400,0.00023383876693108103,0.0002578889898905868,0.00023047955441627422,0.00023918814198621281,4765.570677760334
1780134300,0.00023918814198621281,0.0002443567287700714,0.00023573828447362853,0.00024118383895615957,454.1903283869072
1780135200,0.00024118383895615957,0.0002484226785922704,0.0002410257628702012,0.0002482572290959327,219.98951275789918
1780136100,0.0002482572290959327,0.0002512090391485339,0.0002450234602152138,0.0002503194627918207,199.29701689680573
1780137000,0.0002503194627918207,0.0002591698599413098,0.0002469293895143071,0.0002516547870095962,1275.7597044996974
1780137900,0.0002516547870095962,0.0002539546296144427,0.00024838825210300464,0.00025376344608983304,148.7608422956687
1780138800,0.00025376344608983304,0.0002655688571479985,0.00024713587367303073,0.00026553048225477045,1046.1895102631004
1780139700,0.00026553048225477045,0.0002655662901265408,0.0002512069149405375,0.0002577490777944372,822.2530589430756
1780140600,0.0002577490777944372,0.00025923323400266386,0.00023650619577346327,0.00023969619149979613,1292.318934018865
1780141500,0.00023969619149979613,0.0002468891925678773,0.000236586227415674,0.0002468891925678773,636.6183670230675
1780142400,0.0002468891925678773,0.0002676424649760984,0.0002468891925678773,0.0002545319717411773,2913.459463400344
1780143300,0.0002545319717411773,0.0002764663603616222,0.0002505426833038148,0.0002544898637422691,3662.816209103052
1780144200,0.0002544898637422691,0.0002567436400586769,0.0002477613706938847,0.0002532937926696121,636.7235361865677
1780145100,0.0002532937926696121,0.0002749920488463512,0.0002532937926696121,0.0002732413888653513,1226.3288068467468
1780146000,0.0002732413888653513,0.00027394247221051857,0.0002598028755884493,0.0002632440176401517,666.1935802590755
1780146900,0.0002632440176401517,0.00027362460098569066,0.00026209842728452986,0.00027362460098569066,795.724535079935
1780147800,0.00027362460098569066,0.00027362460098569066,0.00026336318312966477,0.0002683150119483961,781.7175671119554
1780148700,0.0002683150119483961,0.00028884338770725405,0.00026014687679099473,0.000288168795982759,1716.8379347499754
1780149600,0.000288168795982759,0.000288168795982759,0.00027951874918831206,0.0002821176595228739,695.3544841378733
1780150500,0.0002821176595228739,0.0002821176595228739,0.0002779209300662526,0.0002819470648246886,107.44815866978605
1780151400,0.0002819470648246886,0.0002819470648246886,0.0002771089731681442,0.00028099247061068734,344.0869394825285
1780152300,0.00028099247061068734,0.0002900223694469728,0.00025646463616141676,0.00027281816075376813,2921.551026212007
1780153200,0.00027281816075376813,0.00027281816075376813,0.0002595304074714322,0.00026543327014914506,2389.22991148504
1780154100,0.00026543327014914506,0.00027226939450828016,0.00026262306833661926,0.00026262306833661926,472.39735543139034
1780155000,0.00026262306833661926,0.00027650715840703255,0.0002623329594393767,0.00027650715840703255,935.8510132818016
1780155900,0.00027650715840703255,0.00038406381653014035,0.000275511685950175,0.00034892940738788964,18843.30090137642
1780156800,0.00034892940738788964,0.00042499212062132777,0.00031544375910160075,0.00039337565679742304,23519.36318926088
1780157700,0.00039337565679742304,0.0004221009089761459,0.0003622821791456292,0.0004074380855551372,13242.392169284403
1780158600,0.0004074380855551372,0.0004153660832890307,0.0003444265758210647,0.00039978545453929644,11217.722452297165
1780159500,0.00039978545453929644,0.00043292518189746234,0.00036429638971856234,0.00039244641292356943,11455.22169424313
1780160400,0.00039244641292356943,0.0004409267035608138,0.0003185925076472155,0.00041736627377508275,23909.718944695072
1780161300,0.00041736627377508275,0.0004190690210147396,0.0003768885615904757,0.0003949094168393947,4983.903088158565
1780162200,0.0003949094168393947,0.00043420150639876163,0.00038478610856341095,0.0004319457407488114,7841.705385185362
1780163100,0.0004319457407488114,0.00043251169187363223,0.0003964753260122059,0.0003984410625994788,6644.602314035423
1780164000,0.0003984410625994788,0.0004044496527909708,0.0003528884745514756,0.0003635993239551803,10822.555811764743
1780164900,0.0003635993239551803,0.0003709293825576801,0.00033532068665419824,0.000338013606967014,6543.5193560417765
1780165800,0.000338013606967014,0.0003560963435903704,0.0003376738515307794,0.0003521861320645761,5004.703580886639
1780166700,0.0003521861320645761,0.00035765230622353917,0.00034346388242623464,0.0003447409946819374,4884.538579033113
1780167600,0.0003447409946819374,0.0003929063817935901,0.0003447409946819374,0.0003746746154799146,7153.105048530126
1780168500,0.0003746746154799146,0.00039522758790883967,0.00037399259080792474,0.00038987923358826764,5172.297261457308
1780169400,0.00038987923358826764,0.00041995642437653996,0.00036978264739654114,0.000376869969545846,8828.975543615466
1780170300,0.000376869969545846,0.00038248235644702496,0.00037044725436110064,0.00037188877952825137,4537.5667042110845
1780171200,0.00037188877952825137,0.0003767478437877863,0.0003470743004707436,0.00034811021066636516,8724.633791255505
1780172100,0.00034811021066636516,0.00035343736389054884,0.0003459487929000299,0.00034712541530735073,4061.751611381286
1780173000,0.00034712541530735073,0.00035308264923754817,0.00033977941792434407,0.00034069039229211036,2256.163098907822
1780173900,0.00034069039229211036,0.00034069039229211036,0.00031992003473088967,0.00032959803778621693,1637.1100791989675
1780174800,0.00032959803778621693,0.0003437755481124229,0.00032764826987598163,0.00033994777837275476,758.7997258336288
1780175700,0.00033994777837275476,0.00033994777837275476,0.0003299476844435335,0.0003343407617925475,621.1741209546129
1780176600,0.0003343407617925475,0.0003343407617925475,0.00032856373521377645,0.00032856373521377645,155.5531242528612
1780177500,0.00032856373521377645,0.0003331605549202938,0.0003266152899304995,0.0003331605549202938,301.2084462009919
1780178400,0.0003331605549202938,0.0003331605549202938,0.00031702187492143317,0.0003208559221645644,948.0762041528106
1780179300,0.0003208559221645644,0.0003208559221645644,0.00031910080660022157,0.00031914597505259217,31.55295220366319
1780180200,0.00031914597505259217,0.00032191772746784683,0.00030969285810259953,0.00031514765072227397,761.2256482465633
1780181100,0.00031514765072227397,0.0003197773841715095,0.0003135847893210035,0.0003197773841715095,128.12879912354455
1780182000,0.0003197773841715095,0.0003197773841715095,0.0003117791864743911,0.000313286517983778,514.1367556800213
1780182900,0.000313286517983778,0.0003472879641330782,0.00030933462769181723,0.0003401725835131491,2911.45168324148
1780183800,0.0003401725835131491,0.00035632683653612744,0.00033076791126323543,0.00033217456733559503,3006.2510452695824
1780184700,0.00033217456733559503,0.0003381262454016195,0.0003320705025250561,0.00033710396236607333,151.8988975641279
1780185600,0.00033710396236607333,0.00033756321846074313,0.0003322385524705638,0.00033671308918269545,98.3131249524995
1780186500,0.00033671308918269545,0.00033706156846523684,0.0003326920440860926,0.00033706156846523684,16.320522979148425
1780187400,0.00033706156846523684,0.0003431827178740353,0.00033285686535917996,0.0003431827178740353,419.12462293530973
1780188300,0.0003431827178740353,0.0003431827178740353,0.000307987368190481,0.0003154619241011343,3216.809954082469
1780189200,0.0003154619241011343,0.0003209811473626739,0.0003154619241011343,0.0003209811473626739,87.80324498792817
1780190100,0.0003209811473626739,0.00033621726345943253,0.00031663325232078853,0.0003339567421990606,929.0464670748373
1780191000,0.0003339567421990606,0.0003339567421990606,0.0003279294788150917,0.0003313638266130244,298.3764930492777
1780191900,0.0003313638266130244,0.0003313638266130244,0.0003146310233330019,0.0003196414043799606,834.7986610689961
1780192800,0.0003196414043799606,0.0003548452745165938,0.0003196414043799606,0.000348613194604329,2064.8739081637295
1780193700,0.000348613194604329,0.0003652703824817424,0.000348613194604329,0.00035500687267178113,1752.0320075570557
1780194600,0.00035500687267178113,0.00035938253399384274,0.00035478691359052945,0.0003555178266030027,65.41992469497272
1780195500,0.0003555178266030027,0.0003742809407273671,0.00035274528667732317,0.00035706615982821486,2547.7027563551624
1780196400,0.00035706615982821486,0.00035706615982821486,0.000326099854341957,0.000348228972593082,2655.7272470905073
1780197300,0.000348228972593082,0.000348228972593082,0.0003369214916986862,0.0003419215242354142,394.6887104443627
1780198200,0.0003419215242354142,0.0003679715291975652,0.0003207457980777452,0.0003315565529055318,5036.891630386076
1780199100,0.0003315565529055318,0.0003364379254357259,0.00032848589606335513,0.0003364379254357259,239.37482277632594
1780200000,0.0003364379254357259,0.0003386842527935208,0.00033274683114167385,0.00033416509599297386,241.79554861418936
1780200900,0.00033416509599297386,0.00035963819818308617,0.00033416509599297386,0.00035034285858727036,1589.9431030038575
1780201800,0.00035034285858727036,0.0003544580749162068,0.0003421233668179959,0.0003481889753208883,574.4431653602609
1780202700,0.0003481889753208883,0.0003535673439307292,0.0003438551832650721,0.0003535673439307292,264.768188123918
1780203600,0.0003535673439307292,0.00039501805543054944,0.00035336454755299204,0.00038057857502673875,3872.148321187338
1780204500,0.00038057857502673875,0.0003882124517978158,0.00037802312713633825,0.0003827881729663231,1716.800447987819
1780205400,0.0003827881729663231,0.0003905321880085916,0.00037926359638630163,0.00039003761769157885,386.3404614306505
1780206300,0.00039003761769157885,0.00039003761769157885,0.00033679928888115704,0.00034366430136208837,3264.9784828398956
1780207200,0.00034366430136208837,0.000356658218102918,0.0003431274650987942,0.000351015612765105,465.8353108405045
1780208100,0.000351015612765105,0.0003592651140061581,0.000351015612765105,0.0003547759352545569,237.15374578173416
1780209000,0.0003547759352545569,0.0003547759352545569,0.00034671807997902187,0.00034671807997902187,349.61662661214746
1780209900,0.00034671807997902187,0.00034688183186512616,0.00034671807997902187,0.00034688183186512616,0.9960832149189845
1780210800,0.00034688183186512616,0.00035092568479846986,0.0003461956802725407,0.0003503453455332524,54.889841813562384
1780211700,0.0003503453455332524,0.00035135417532726514,0.0003333926176902136,0.000335856659234224,861.4129356123713
1780212600,0.000335856659234224,0.0003367576499654267,0.00033240057152931075,0.0003359027196087639,236.1262150711306
1780213500,0.0003359027196087639,0.0003418731612442832,0.000325411774029075,0.0003405079435092935,2945.3950169341497
1780214400,0.0003405079435092935,0.0003485903338081993,0.000323286045187704,0.00034305522731246365,2612.668962426778
1780215300,0.00034305522731246365,0.00034882159280272545,0.0003282060542760581,0.00033071823136864416,1844.961910029575
1780216200,0.00033071823136864416,0.00033502741932686317,0.0003283748823890915,0.0003283748823890915,122.05255298855855
1780217100,0.0003283748823890915,0.0003323743083182792,0.00032798413956174066,0.00033207988379720696,23.816910725576765
1780218000,0.00033207988379720696,0.00033207988379720696,0.0003272952433661674,0.0003310547523279586,172.83302451920247
1780218900,0.0003310547523279586,0.0003314768685713423,0.0003271304710047295,0.0003314768685713423,99.96934768038396
1780219800,0.0003314768685713423,0.00033214410040792843,0.0003280319713505063,0.0003280664932612312,7.46091689566556
1780220700,0.0003280664932612312,0.0003280664932612312,0.00028727325109066974,0.00031806840371776724,3566.655513865501
1780221600,0.00031806840371776724,0.0003190656254947843,0.00031296513871122074,0.000314313368610709,585.8617255256561
1780222500,0.000314313368610709,0.000314313368610709,0.0003032544401985993,0.0003032544401985993,430.89746086001566
1780223400,0.0003032544401985993,0.0003329373098327901,0.0003032544401985993,0.00033012013172686107,2283.04114875548
1780224300,0.00033012013172686107,0.00033873895463220493,0.0003184325313899662,0.0003184325313899662,1530.4421903876446
1780225200,0.0003184325313899662,0.0003184325313899662,0.00031665952020305056,0.00031665952020305056,68.28030343416131
1780226100,0.00031665952020305056,0.00032087022066686733,0.0003165258560316269,0.00032087022066686733,0.33297873822840307
1780227000,0.00032087022066686733,0.00032087022066686733,0.000316542692376125,0.000316542692376125,0.47238937978444184
1780227900,0.000316542692376125,0.00031865256187009683,0.00031441383438459634,0.00031858169093908434,96.14778025226033
1780228800,0.00031858169093908434,0.00031858169093908434,0.0002842597183557386,0.0003045292396933374,2630.769591137676
1780229700,0.0003045292396933374,0.000304922536751782,0.00029506649360470715,0.0002988057918700302,1043.5909927031491
1780230600,0.0002988057918700302,0.0003039529516621481,0.000298747287884304,0.000301733876061452,382.80037798252647
1780231500,0.000301733876061452,0.000304505936820194,0.00028540109835875627,0.00029612195784081956,1674.0455349703313
1780232400,0.00029612195784081956,0.0003009872457367622,0.00029612195784081956,0.0003009872457367622,54.76199903865772
1780233300,0.0003009872457367622,0.0003052408593236234,0.0003009872457367622,0.0003052408593236234,231.64311538643426
1780234200,0.0003052408593236234,0.0003052408593236234,0.00030192160944157996,0.00030421644867890203,118.37832773457338
1780235100,0.00030421644867890203,0.00030421644867890203,0.00029952036135779623,0.00029952036135779623,40.004691566661684
1780236000,0.00029952036135779623,0.00030318448246896166,0.00029917439931102265,0.00030259273727742034,95.52411503755955
1780236900,0.00030259273727742034,0.00030259273727742034,0.0002873301469122321,0.0002873301469122321,571.9267846486546
1780237800,0.0002873301469122321,0.0002922059548615976,0.0002811226838888915,0.0002811226838888915,1639.2303596445506
1780238700,0.0002811226838888915,0.00028956766968082036,0.000280930106597317,0.00028298148162312156,743.6683076537596
1780239600,0.00028298148162312156,0.00028316403841089857,0.0002780771650573423,0.00027848190736715474,150.9972708309065
1780240500,0.00027848190736715474,0.00028811360082869956,0.00027848190736715474,0.0002868413460557244,405.7690331569939
1780241400,0.0002868413460557244,0.0002868413460557244,0.0002797095677035531,0.0002846162841658887,506.74450746601354
1780242300,0.0002846162841658887,0.00028605765068724436,0.000282053251632579,0.00028605765068724436,169.32433771295342
1780243200,0.00028605765068724436,0.0002876751065569347,0.0002799663335774284,0.0002863153100180326,736.5180625312561
1780244100,0.0002863153100180326,0.0002933566120057641,0.0002863153100180326,0.0002933566120057641,295.72435678753345
1780245000,0.0002933566120057641,0.00029658315675418716,0.0002920792938294497,0.0002934279962224912,208.11442872525694
1780245900,0.0002934279962224912,0.0002934279962224912,0.0002681367622018875,0.0002707934943825643,2271.9622813109877
1780246800,0.0002707934943825643,0.00027522037030980475,0.0002695598967680079,0.00027085962556143585,777.3760867206172
1780247700,0.00027085962556143585,0.0002751263434684434,0.0002674607098028629,0.0002751263434684434,433.7773605548871
1780248600,0.0002751263434684434,0.00028512906029781927,0.0002751263434684434,0.0002845088125086308,609.082124102129
1780249500,0.0002845088125086308,0.0002845088125086308,0.00027671055950367077,0.00027805387337829504,386.8111484529432
1780250400,0.00027805387337829504,0.0002799215069256198,0.0002471065254786696,0.00026426593839862006,2806.6441962983686
1780251300,0.00026426593839862006,0.00026426593839862006,0.0002604898170890197,0.00026423021462657303,209.23983006852472
1780252200,0.00026423021462657303,0.0002736515932608746,0.00026423021462657303,0.0002736515932608746,542.741768155467
1780253100,0.0002736515932608746,0.00027829306076494504,0.0002717415443498529,0.0002717415443498529,452.1429770138566
1780254000,0.0002717415443498529,0.00027662136453734433,0.0002712532771074388,0.00027460813970960724,352.8426926614699
1780254900,0.00027460813970960724,0.00027460813970960724,0.0002691182915236608,0.0002691182915236608,79.39317573408951
1780255800,0.0002691182915236608,0.00027830599086040014,0.00026583572084547496,0.000270534998894763,2167.1106537961546
1780256700,0.000270534998894763,0.00027098969850809416,0.00026740970582101733,0.00027098969850809416,186.81382752865048
1780257600,0.00027098969850809416,0.00027146490140913864,0.0002671685883961444,0.00026955616769477414,180.84156037812957
1780258500,0.00026955616769477414,0.00027655293626394686,0.00026955616769477414,0.00027655293626394686,186.7505274428228
1780259400,0.00027655293626394686,0.0002780716729979846,0.0002723928935622782,0.00027389236027295624,700.0413009801383
1780260300,0.00027389236027295624,0.0002755353947127675,0.00027097748554792933,0.00027240032073860284,419.120146698405
1780261200,0.00027240032073860284,0.0002789974360611059,0.0002686239883657485,0.0002789974360611059,577.3688936944434
1780262100,0.0002789974360611059,0.00028287883919619417,0.0002789974360611059,0.00027923089984619305,51.56591205473318
1780263000,0.00027923089984619305,0.00029073710838273216,0.00027923089984619305,0.00029073710838273216,596.7851125267623
1780263900,0.00029073710838273216,0.0002945929531439082,0.0002897104734261729,0.0002897104734261729,132.9236342300805
1780264800,0.0002897104734261729,0.0002897104734261729,0.0002786985301284242,0.0002791430942495896,534.5103253300026
1780265700,0.0002791430942495896,0.00027921636440403607,0.0002791430942495896,0.00027921636440403607,35.55640326708605
1780266600,0.00027921636440403607,0.00027921636440403607,0.00027498175092920016,0.00027708697368641455,339.05805147851135
1780267500,0.00027708697368641455,0.00028182051020868727,0.0002742782576455308,0.0002767089204883304,860.5056562013123
1780268400,0.0002767089204883304,0.00033838766789629377,0.00027506785003752484,0.0003189743540103499,11538.3243906901
1780269300,0.0003189743540103499,0.0003494330060248054,0.0003121246957820737,0.0003439045045205454,7460.088461165314
1780270200,0.0003439045045205454,0.0003470755847518505,0.00030563851700052416,0.0003453080875722804,7880.168673610529
1780271100,0.0003453080875722804,0.0004138239005418231,0.0003221222787997613,0.0003403144583647595,25896.88934119989
1780272000,0.0003403144583647595,0.0003800141997089219,0.0003291307300589761,0.00036468046924317056,7833.72088968099
1780272900,0.00036468046924317056,0.00036929242851207084,0.0003552017146396676,0.00036485787414047887,4961.064596096879
1780273800,0.00036485787414047887,0.00036557813760544915,0.00034191830093002447,0.00034633192518655846,5027.314687430066
1780274700,0.00034633192518655846,0.0003465229487925341,0.000330086189202813,0.00033165263312803176,4824.778044792887
1780275600,0.00033165263312803176,0.00034394140973352934,0.00032838454609521704,0.00034327423929791793,4550.76796789852
1780276500,0.00034327423929791793,0.00034337964294636834,0.00032594268286696904,0.00033310218373017273,5120.00948895141
1780277400,0.00033310218373017273,0.00033829692716944097,0.00032933204175878637,0.0003337869189342878,4047.2042814934944
1780278300,0.0003337869189342878,0.00033781744763883195,0.00032903052917165854,0.00033020738208124273,4084.002775194083
1780279200,0.00033020738208124273,0.0003348797565350534,0.0003237885448032528,0.00032904608778936995,1611.9252673620585
1780280100,0.00032904608778936995,0.00032968749374855864,0.0003246608839210996,0.0003246608839210996,40.39385759551545
1780281000,0.0003246608839210996,0.0003294086262327202,0.00032006379053477164,0.00032006379053477164,506.9676254276165
1780281900,0.00032006379053477164,0.0003235184288219969,0.00032006379053477164,0.0003235184288219969,182.01027559176745
1780282800,0.0003235184288219969,0.0003235184288219969,0.00030884368442865654,0.00031885462002210937,1174.739748465219
1780283700,0.00031885462002210937,0.00031885462002210937,0.000302769956036549,0.000306613749030949,1611.354456114913
1780284600,0.000306613749030949,0.0003135401514194744,0.00030303155073815836,0.00030303229985569085,449.288139083223
1780285500,0.00030303229985569085,0.0003085372775971739,0.00030303229985569085,0.0003084343617106025,190.01854529351178
1780286400,0.0003084343617106025,0.00030878648780342246,0.00029000765527076533,0.00029554433080622114,2289.94638486355
1780287300,0.00029554433080622114,0.0002976706047932906,0.0002836565689304761,0.0002976706047932906,1423.1367394895385
1780288200,0.0002976706047932906,0.00029938258708758655,0.0002976706047932906,0.00029938258708758655,96.2765644708139
1780289100,0.00029938258708758655,0.0003068042457583465,0.00029934325443400537,0.0003026882516137596,402.01993304385394
1780290000,0.0003026882516137596,0.0003070074317038896,0.0002994509932141269,0.0002994509932141269,327.703735410244
1780290900,0.0002994509932141269,0.0003023078704521911,0.00029605705508267926,0.0003023078704521911,346.52865535288896
1780291800,0.0003023078704521911,0.0003023078704521911,0.00028171997574311775,0.00028171997574311775,1088.114150929371
1780292700,0.00028171997574311775,0.000298919433907799,0.00028171997574311775,0.0002964910153306663,917.9651483408287
1780293600,0.0002964910153306663,0.0002964910153306663,0.000287119138790374,0.000287119138790374,373.0518341231037
1780294500,0.000287119138790374,0.0003004087760713891,0.00027710887726770746,0.00029636269815115347,1922.0812120858877
1780295400,0.00029636269815115347,0.000353933111702839,0.00029636269815115347,0.0003455973521809652,6841.4379576545125
1780296300,0.0003455973521809652,0.00034675921984058864,0.00032582094089766387,0.0003297567748461025,3530.75529169771
1780297200,0.0003297567748461025,0.0003321343032525302,0.0003269178279260941,0.00032917873744053454,153.72758115744844
1780298100,0.00032917873744053454,0.00032917873744053454,0.00032431372040944527,0.00032431372040944527,50.06683267638002
1780299000,0.00032431372040944527,0.00032431372040944527,0.00028484825339848734,0.00030068011532537414,4059.0774398737776
1780299900,0.00030068011532537414,0.00032311238302839114,0.00030068011532537414,0.00031703639570526844,3111.744110092072
1780300800,0.00031703639570526844,0.0003460577099501591,0.00031703639570526844,0.000341921448365721,1847.8605909308367
1780301700,0.000341921448365721,0.000341921448365721,0.0003296204344611598,0.0003323293227055268,528.8878535586836
1780302600,0.0003323293227055268,0.0003323293227055268,0.00032718351155532505,0.00033024096428525975,136.12544259918698
1780303500,0.00033024096428525975,0.00033623255764493116,0.0003259856603382319,0.0003259856603382319,598.3540928508247
1780304400,0.0003259856603382319,0.000331147171411649,0.0003249167231373667,0.000331147171411649,201.79894781910804
1780305300,0.000331147171411649,0.0003358699872975268,0.000331147171411649,0.0003358699872975268,240.16821236966553
1780306200,0.0003358699872975268,0.0003366599141638468,0.000294145359295941,0.00030652257066206317,3446.9462921248773
1780307100,0.00030652257066206317,0.0003130149759353885,0.00030652257066206317,0.0003130149759353885,100.87328416179056
1780308000,0.0003130149759353885,0.0003130149759353885,0.0003044582715197197,0.0003074257510804865,219.54290538240085
1780308900,0.0003074257510804865,0.0003081792149949241,0.00030426807606073167,0.00030702492250040444,176.4986045684439
1780309800,0.00030702492250040444,0.0003112080458460319,0.00029507079380490845,0.000300010694522037,996.0089088996477
1780310700,0.000300010694522037,0.00033101912281288464,0.00028947785531704414,0.0003129764088158934,3649.469312369321
1780311600,0.0003129764088158934,0.00032171740008843315,0.0003046079266728701,0.0003046079266728701,1067.7537650570555
1780312500,0.0003046079266728701,0.000318426869081722,0.0003044434885331446,0.0003181127497878484,3059.4514025686917
1780313400,0.0003181127497878484,0.0003206246622255905,0.0003121226545004334,0.0003193156993289957,4329.737936759235
1780314300,0.0003193156993289957,0.0003218775744968557,0.0003135495775473386,0.0003180439001867404,4066.5869095456424
1780315200,0.0003180439001867404,0.00031974361340180487,0.0003057008040121573,0.0003109974399771284,4723.090716040661
1780316100,0.0003109974399771284,0.00031664378549486286,0.0003047151036114841,0.0003166316847469153,4288.407875777807
1780317000,0.0003166316847469153,0.0003166323559938212,0.0002982554848790165,0.0003076156122214763,5242.665758740995
1780317900,0.0003076156122214763,0.0003103396369530773,0.00030121910304697317,0.00030816135457478787,4145.219086430868
1780318800,0.00030816135457478787,0.00031095551051599685,0.0002938608647486911,0.0002944266963105726,4515.195750390302
1780319700,0.0002944266963105726,0.0003017622957420948,0.00028878128090366095,0.00029365543291005376,4436.4895655277
1780320600,0.00029365543291005376,0.0010092467149176458,0.00028934963855807864,0.0008672909359505481,121467.9594438651
1780321500,0.0008672909359505481,0.0038665954897018594,0.0007949397114178701,0.002485538534652559,2914124.6887383517
1780322400,0.002485538534652559,0.0025937499260271,0.0014949200385679425,0.001708997382006772,1126341.301891537
1780323300,0.001708997382006772,0.0021906029901973376,0.0014707279349560072,0.0020793126287001005,272338.6956162951
1780324200,0.0020793126287001005,0.002213749481957133,0.0014863867003357936,0.0016282285935589115,188933.05787533565
1780325100,0.0016282285935589115,0.0019278858884258854,0.0015230715344060975,0.00183997706377837,113061.68576102176
1780326000,0.00183997706377837,0.0020354984983927942,0.0016479592542353824,0.0019154044643568693,88487.84184684485
1780326900,0.0019154044643568693,0.0025117514845672136,0.001836591088790504,0.0024979454550913354,259402.46612024624
1780327800,0.0024979454550913354,0.0025144351416931613,0.002051244233621934,0.0022007874052503698,111197.86697643455
1780328700,0.0022007874052503698,0.002694655728160102,0.002171604224364263,0.002605505473348537,116030.47415454447
1780329600,0.002605505473348537,0.0027337227144648766,0.002087288194963592,0.002120357725475188,104149.2613036973
1780330500,0.002120357725475188,0.002120357725475188,0.0018108971716842438,0.0018728542431354109,85998.0813013221
1780331400,0.0018728542431354109,0.0031950421535887146,0.0018490730989421027,0.0027668647696521835,168283.30704518806
1780332300,0.0027668647696521835,0.0029699320456647756,0.002252688455386782,0.0023389314594737774,186600.3357415314
1780333200,0.0023389314594737774,0.0031358912161676194,0.0023379089096422414,0.003011068180866347,214811.35263745417
1780334100,0.003011068180866347,0.0030649789653277157,0.0023974628172728353,0.0026454521371849877,122847.48214895121
1780335000,0.0026454521371849877,0.0028782414105503456,0.002310073642883467,0.002388783648988989,57668.26140856298
1780335900,0.002388783648988989,0.0023936535893992477,0.002165130119066699,0.0023000857599004576,43423.666907758045
1780336800,0.0023000857599004576,0.0023775647442268854,0.002040766754371837,0.002191193418847504,34248.38205117714
1780337700,0.002191193418847504,0.0025621461682351324,0.0021863429723173655,0.002285169308189887,65057.48646573417
1780338600,0.002285169308189887,0.0024351214441324194,0.002121830368670667,0.0023227833256841625,37247.528169711106
1780339500,0.0023227833256841625,0.002473356121356051,0.0021082636117826558,0.0021091578271800137,37969.22018387455
1780340400,0.0021091578271800137,0.0022420384066615187,0.0020611610236396867,0.002201222976141646,17806.6791760391
1780341300,0.002201222976141646,0.0022154975727786824,0.0018369454946929602,0.0019239151150249366,36378.799823955334
1780342200,0.0019239151150249366,0.0024738586144669897,0.0018939590856472239,0.0023376508090339277,50457.91764708161
1780343100,0.0023376508090339277,0.0024107655595499975,0.0022072246232686965,0.002226329602673233,20405.821074258234
1780344000,0.002226329602673233,0.0022552384940919368,0.0020345588025199018,0.0020784541633295456,29042.845275317315
1780344900,0.0020784541633295456,0.002118785620223134,0.0017815371051478927,0.0019468544984938049,35003.28269378789
1780345800,0.0019468544984938049,0.001982535331392708,0.0018328258316458442,0.001884201939430212,22708.78861186178
1780346700,0.001884201939430212,0.001966605932616786,0.0018376929933368094,0.0019288211830731994,14436.040418405426
1780347600,0.0019288211830731994,0.0021257392415930127,0.0019096045415985087,0.0020598314135458376,21602.061758400025
1780348500,0.0020598314135458376,0.003195223914923685,0.0020394779821170687,0.0025960717911558354,132294.48990154685
1780349400,0.0025960717911558354,0.0025972421440155053,0.002166142873192643,0.00239663686262817,63107.16664009784
1780350300,0.00239663686262817,0.002456559090880427,0.0020669110670614014,0.002129366542836179,44970.612170318374
1780351200,0.002129366542836179,0.0025952198378596915,0.002101741935996478,0.0025127838952937382,34155.71326364354
1780352100,0.0025127838952937382,0.0030748303242326847,0.002483348585300629,0.0026897318363883474,134864.93236713883
1780353000,0.0026897318363883474,0.002986095394937465,0.002663405002414143,0.002803978714436545,38225.22765389117
1780353900,0.002803978714436545,0.0035271108116717667,0.002803978714436545,0.0033966425692167333,94773.60036382343
1780354800,0.0033966425692167333,0.0034414061095018223,0.002744717460251533,0.0029209986575172804,99095.25329644547
1780355700,0.0029209986575172804,0.0030188402484042985,0.0028283215457660807,0.0029763992247414175,24234.52477066812
1780356600,0.0029763992247414175,0.0029763992247414175,0.002512250850837159,0.0027766130393679423,51811.77179428414
1780357500,0.0027766130393679423,0.002903019590649244,0.002691720774677793,0.002767498854489177,20061.261643802573
1780358400,0.002767498854489177,0.0028328608178138223,0.0026232491898106,0.0027663253841426864,18344.07412019834
1780359300,0.0027663253841426864,0.002849164718386908,0.0024147022146618303,0.002496569855680499,35555.11474007673
1780360200,0.002496569855680499,0.0026494070446634282,0.0023919734507987537,0.0024482227307899857,22451.616483410726
1780361100,0.0024482227307899857,0.0026312328632153914,0.002420466716288965,0.002583268969241984,19928.21728450244
1780362000,0.002583268969241984,0.0026107520170235744,0.0021308499250455195,0.002243955476611084,43467.7252391947
1780362900,0.002243955476611084,0.002283841327258441,0.0020919379238211926,0.0021564060771840482,35417.043896671894
1780363800,0.0021564060771840482,0.002299918634895896,0.0021558148446103255,0.0022904818215297527,18713.98022794589
1780364700,0.0022904818215297527,0.002303251735122012,0.0020306879942766243,0.0020746013334060134,24181.609584506637
1780365600,0.0020746013334060134,0.002191556414866168,0.00201556585424496,0.0021776995061940302,20915.14922828579
1780366500,0.0021776995061940302,0.002434979482841922,0.0021422118569976306,0.002434979482841922,23176.085771956994
1780367400,0.002434979482841922,0.0025045398380313384,0.0023192664035579895,0.0023764288538344136,24574.53595122026
1780368300,0.0023764288538344136,0.002706374649066812,0.0023181612873773316,0.0026902683936543487,25533.645499690007
1780369200,0.0026902683936543487,0.0026902683936543487,0.0022811708258532997,0.002319630347553866,19163.390339352045
1780370100,0.002319630347553866,0.0026257604872665626,0.002294839627255618,0.0025535359068453987,26619.7450525071
1780371000,0.0025535359068453987,0.0026796249256210262,0.0024015170846673544,0.002440660806346642,19473.049442382602
1780371900,0.002440660806346642,0.002735199777596308,0.002405640676632978,0.0026611372660581088,24388.41647568002
1780372800,0.0026611372660581088,0.0026854110623048826,0.0024651247803850244,0.0026447780370717523,13350.621502469408
1780373700,0.0026447780370717523,0.0031326354635661533,0.0026442663876124987,0.0031293736103618205,44676.84768080224
1780374600,0.0031293736103618205,0.0035053569186143546,0.003036639415584575,0.0032201784296480777,50556.424021403574
1780375500,0.0032201784296480777,0.0041622408467645615,0.0031390796745213263,0.0035788720147932364,162633.69679808716
1780376400,0.0035788720147932364,0.004586772283867999,0.0035788720147932364,0.00412056106211218,189844.6221866191
1780377300,0.00412056106211218,0.005287574871598302,0.003989773540078119,0.004811419020018667,240589.5772471346
1780378200,0.004811419020018667,0.005033083577990365,0.004468673893066976,0.004492459909242936,104674.8940590601
1780379100,0.004492459909242936,0.0047944962980153915,0.004081400534377984,0.0045358022137514204,90699.6558239981
1780380000,0.0045358022137514204,0.004790054360109499,0.0041974704419515795,0.004239161875545411,70023.45832280863
1780380900,0.004239161875545411,0.004513672438502784,0.004161973320843603,0.004408858872231674,46560.39892761163
1780381800,0.004408858872231674,0.00450803049562117,0.004158371547409132,0.004218851946248028,28483.87217932756
1780382700,0.004218851946248028,0.004224310128901498,0.003645931354814718,0.003985443093888512,82536.19035708286
1780383600,0.003985443093888512,0.004054862266398016,0.0037645820097308843,0.0038032948448316417,28242.276717877536
1780384500,0.0038032948448316417,0.003930332768122007,0.0035618374677837536,0.0036692435841041986,38988.844088299316
1780385400,0.0036692435841041986,0.003862380986535191,0.003635401217371639,0.003829617025179901,23605.884840988438
1780386300,0.003829617025179901,0.0042447641971053935,0.0037690034700507656,0.0038728738631112424,47444.64181835384
1780387200,0.0038728738631112424,0.004176156798204473,0.0037566521203848415,0.004054787937413343,25218.028919451932
1780388100,0.004054787937413343,0.00413143787537517,0.003863681124094015,0.003910033346086303,19999.41108563696
1780389000,0.003910033346086303,0.004037060799658514,0.003784793311088347,0.0038639341829306583,24097.075529937218
1780389900,0.0038639341829306583,0.004002047139521874,0.0037751872284229786,0.003784872844187558,16441.307820849688
1780390800,0.003784872844187558,0.004307379093317106,0.003784691715610151,0.00426710579176673,43565.56997864337
1780391700,0.00426710579176673,0.004299382167260087,0.0037133604008786976,0.00387643654394918,35813.525513313885
1780392600,0.00387643654394918,0.003959735782114696,0.0037764314736036223,0.003870817886043709,20612.92386623799
1780393500,0.003870817886043709,0.004016463366802203,0.0037741073595963224,0.0040053944906971225,21972.223061113047
1780394400,0.0040053944906971225,0.004130829668909688,0.003916523135128509,0.004081146479666321,18109.07511358761
1780395300,0.004081146479666321,0.004587422823639444,0.004049000964652811,0.004461793879210019,47384.713223740044
1780396200,0.004461793879210019,0.004572393662029231,0.0042586050929933495,0.004498818830728621,61446.60072825855
1780397100,0.004498818830728621,0.00489247745255369,0.004368411422865359,0.004711028334028683,83301.14578330777
1780398000,0.004711028334028683,0.004852085099506893,0.004095632671942544,0.00416333048071926,66752.59747868878
1780398900,0.00416333048071926,0.004231318468431767,0.003967155659527229,0.004231318468431767,27680.9078786956
1780399800,0.004231318468431767,0.004298313465806167,0.003966793422404981,0.004094317505467849,21843.30905163179
1780400700,0.004094317505467849,0.0041632841936741,0.003967740041121481,0.003967740041121481,9043.120908973007
1780401600,0.003967740041121481,0.00423456801927455,0.003967740041121481,0.004117598392400543,20677.541270988084
1780402500,0.004117598392400543,0.004205969221162687,0.0038682580759698505,0.003908417856619592,16940.87010547832
1780403400,0.003908417856619592,0.003944997649802231,0.0034232622996694757,0.0037606782118190154,53358.091052377276
1780404300,0.0037606782118190154,0.003806805733646022,0.0035293303751303064,0.0035690109765636204,18915.03798170366
1780405200,0.0035690109765636204,0.003799160813179106,0.0034378308573494998,0.0037484412071885557,32477.950843854233
1780406100,0.0037484412071885557,0.0038945954132426817,0.0035879883981710077,0.003623402920603012,39389.68925010648
1780407000,0.003623402920603012,0.0036682585102649004,0.003429375030763583,0.0036507425725900355,23782.582714081618
1780407900,0.0036507425725900355,0.0038521105340952964,0.003603475644638166,0.0037505042239303838,27232.421963916193
1780408800,0.0037505042239303838,0.00386642538158904,0.0035111695385991186,0.0035476788022595126,26971.323927641977
1780409700,0.0035476788022595126,0.0035899116639653483,0.003137409320304313,0.0033112983965448385,38334.409804622665
1780410600,0.0033112983965448385,0.0035596836326526283,0.002981309667304315,0.003432334965262439,54625.36335421476
1780411500,0.003432334965262439,0.003622421433689209,0.0034018806782458973,0.00342926635096763,23454.77174919936
1780412400,0.00342926635096763,0.00343022447101965,0.0028008438200369246,0.0029517151275038124,78964.40991398733
1780413300,0.0029517151275038124,0.0031167982939045488,0.0027302803192638366,0.0029045739224863648,68926.8982754093
1780414200,0.0029045739224863648,0.0030730837954309025,0.0027149540121256667,0.002802779585230134,36399.32343989679
1780415100,0.002802779585230134,0.002923783138604629,0.002618027471627965,0.0029237378029544248,41015.16716578408
1780416000,0.0029237378029544248,0.0030548154120228137,0.002817620391666334,0.003026892850064545,24238.335515596962
1780416900,0.003026892850064545,0.003160501623497679,0.002959608363073986,0.003133037616087648,16097.792043520982
1780417800,0.003133037616087648,0.003645448137124364,0.0030948082255235145,0.003438051042054286,74313.72043698929
1780418700,0.003438051042054286,0.003557308707853305,0.0033507451971819756,0.0034609336583958433,17500.107098944598
1780419600,0.0034609336583958433,0.0035547790313763842,0.0032108340324464983,0.0032548823703238763,14162.034393729136
1780420500,0.0032548823703238763,0.0033248061941043884,0.0031605554599165643,0.0032542664664067193,9973.822370043934
1780421400,0.0032542664664067193,0.003875811859458953,0.003226422660565008,0.003622317341343798,68717.426518684
1780422300,0.003622317341343798,0.0037599655425887583,0.0035314577780144346,0.0037564077295551817,16654.944410576474
1780423200,0.0037564077295551817,0.0037680524333887073,0.0034701408638473687,0.0035022604493539717,8718.326182304581
1780424100,0.0035022604493539717,0.0035027023215591074,0.003120144039324739,0.003217450784632297,21189.03230220868
1780425000,0.003217450784632297,0.003407148151830749,0.0031898670395010347,0.003407148151830749,8760.23917216036
1780425900,0.003407148151830749,0.0034868159787951173,0.0030270054943302787,0.003256582489339403,23772.090687364285
1780426800,0.003256582489339403,0.003256582489339403,0.002987087756486275,0.003146330571712068,21741.408688365897
1780427700,0.003146330571712068,0.0032006062500659974,0.0030501242916268767,0.0030501242916268767,12159.105523107459
1780428600,0.0030501242916268767,0.0033169331215969866,0.002841475094364125,0.003264107491961788,55420.54272352397
1780429500,0.003264107491961788,0.003900024586912731,0.003236756467533043,0.003610974871512775,72169.59125710394
1780430400,0.003610974871512775,0.0038677669693352053,0.0033766595665721084,0.0034245582786069676,35934.4541305545
1780431300,0.0034245582786069676,0.0035091408560535857,0.0032878958184407456,0.0035091408560535857,16185.200030457125
1780432200,0.0035091408560535857,0.004180130482157541,0.003478691728214775,0.004043812118634432,43036.113251694
1780433100,0.004043812118634432,0.004455860862774944,0.003961097979878925,0.004194963360336482,40379.389440804836
1780434000,0.004194963360336482,0.00420006509245688,0.0037648855589851385,0.004122066446674277,33316.587365965075
1780434900,0.004122066446674277,0.00437056546522288,0.004048291132211884,0.004240193128403749,18384.682935067314
1780435800,0.004240193128403749,0.004353409374130867,0.003762549316633492,0.003827694685330002,25800.316051993614
1780436700,0.003827694685330002,0.004120958702910575,0.0037828239328993305,0.0038323565017143,24180.980617089874
1780437600,0.0038323565017143,0.0039037027590432525,0.0036329437042612353,0.003833423139327596,14473.267125955294
1780438500,0.003833423139327596,0.003885857122173796,0.00365333255255907,0.003756616558400436,10398.249469505918
1780439400,0.003756616558400436,0.0037583499833549927,0.003501772398204289,0.003754367072590214,19797.38853023527
1780440300,0.003754367072590214,0.0037551065454136576,0.00324094621879146,0.0033171758681382058,29538.30773518206
1780441200,0.0033171758681382058,0.0034875529502309704,0.0032520833387682,0.003485397636647811,21330.441348605014
1780442100,0.003485397636647811,0.0035215066640049758,0.0033166082638100393,0.0033398849835639295,10198.700299369968
1780443000,0.0033398849835639295,0.0035068771573777734,0.0032648627022114646,0.00350687373284236,13117.68113712185
1780443900,0.00350687373284236,0.004357881038788644,0.003470541526676232,0.004208041696160733,46597.90899811016
1780444800,0.004208041696160733,0.004526946338130951,0.004008406754809551,0.00417861697009815,49079.73076183161
1780445700,0.00417861697009815,0.004228960773205528,0.0039926273667133735,0.00403469921489979,9682.054909511058
1780446600,0.00403469921489979,0.004041138268715063,0.0037932959324651666,0.0038757789610859364,14710.330904677572
1780447500,0.0038757789610859364,0.004293040882265598,0.003874627920962335,0.004146431121761342,18543.418197180403
1780448400,0.004146431121761342,0.004241938314373493,0.0038918400437602876,0.003958140262565766,16079.718579751436
1780449300,0.003958140262565766,0.00401801231136288,0.003840413481564641,0.003949187342280767,7713.688483800715
1780450200,0.003949187342280767,0.003953961043977268,0.0037978985089358176,0.0038152742866936107,3304.69223989194
1780451100,0.0038152742866936107,0.003837477602445065,0.003697142435999625,0.003788167308194923,11326.386082120935
1780452000,0.003788167308194923,0.003863713646842015,0.0036873346960771534,0.0036885766915322276,10972.518199414842
1780452900,0.0036885766915322276,0.003709586599627023,0.0034654913057736753,0.003578423706671814,16328.31466624411
1780453800,0.003578423706671814,0.003734000014906209,0.0034930444597716507,0.0036492149744484213,11032.093000635647
1780454700,0.0036492149744484213,0.0036492149744484213,0.0034881889436212845,0.0035524087494962163,6188.613596631509
1780455600,0.0035524087494962163,0.0037908628739035865,0.0035524087494962163,0.0037717796040569614,6373.817949250814
1780456500,0.0037717796040569614,0.004078393772555962,0.0037401263416305787,0.00401019853204279,22059.12349303187
1780457400,0.00401019853204279,0.004032665870101781,0.0036388225486396813,0.003666655348869014,15096.318811514862
1780458300,0.003666655348869014,0.0037607930063387825,0.003588298154714075,0.0037440397258725567,6342.6371702708775
1780459200,0.0037440397258725567,0.0038643949895519414,0.0037362191833343206,0.0038062391530403797,7711.636782292808
1780460100,0.0038062391530403797,0.003990604535899683,0.0038062391530403797,0.003901874316083289,7730.408860329801
1780461000,0.003901874316083289,0.004313829875892262,0.003901874316083289,0.004244411990068422,24056.735091922656
1780461900,0.004244411990068422,0.004337642017641412,0.004048638712854817,0.004213031089857353,29630.269497639016
1780462800,0.004213031089857353,0.004263465703322707,0.004056722239415956,0.004086362431453679,9886.554434464673
1780463700,0.004086362431453679,0.0040967826577950625,0.003888023269812384,0.003913732012050959,9170.879907872093
1780464600,0.003913732012050959,0.003956229896795357,0.003853075135145706,0.0038890345041424465,3403.313835151904
1780465500,0.0038890345041424465,0.004040621438608917,0.0038890345041424465,0.003908747730045156,5251.7183506339325
1780466400,0.003908747730045156,0.004200990982076599,0.0039067157442848974,0.004083199070692101,11836.473388788667
1780467300,0.004083199070692101,0.004139542845673373,0.003603885971716415,0.0036798561062796635,27000.930062133673
1780468200,0.0036798561062796635,0.0037632218436024346,0.0035717001402583723,0.003694415927231479,14094.000659632418
1780469100,0.003694415927231479,0.003963496330906087,0.003530031869647453,0.0035496804482918333,34495.20733106712
1780470000,0.0035496804482918333,0.0037077912901512184,0.0035085446174879073,0.003697241969811199,22237.45842213947
1780470900,0.003697241969811199,0.003931047203569561,0.003592867824207515,0.003909274145923773,22307.076306337178
1780471800,0.003909274145923773,0.003909274145923773,0.0037755318914405867,0.0038779160258569528,10700.621411824637
1780472700,0.0038779160258569528,0.003958632798129078,0.003834566356238322,0.0038599762193963585,10939.886026935725
1780473600,0.0038599762193963585,0.003892091362380634,0.0036624051350915795,0.0036889448877173614,9304.815353218022
1780474500,0.0036889448877173614,0.0037066597555736377,0.0035331828609388924,0.0035963931894494715,15801.046567095365
1780475400,0.0035963931894494715,0.0036262242188051406,0.0031766436159389243,0.003376718457710308,39938.42635233776
1780476300,0.003376718457710308,0.003496370802937226,0.003305406835513731,0.003467454046280492,16970.303757138307
1780477200,0.003467454046280492,0.0034847556409304645,0.0033868492226639926,0.0034231932557219286,8819.219616043993
1780478100,0.0034231932557219286,0.003576980933011223,0.0033455791805869963,0.003370182696526448,17470.438537160455
1780479000,0.003370182696526448,0.0033848005689147372,0.00328363557765675,0.0032864942781695174,8709.435285550731
1780479900,0.0032864942781695174,0.003330743515532439,0.003017556330034723,0.0032813682570389576,21364.429983895905
1780480800,0.0032813682570389576,0.003336224367555625,0.0030426796459997133,0.003164627190667166,15966.751676262113
1780481700,0.003164627190667166,0.003211170532793042,0.002976116627064097,0.0030649648175949916,19146.075498444578
1780482600,0.0030649648175949916,0.0031564946897794793,0.0030324568067833777,0.003113938589941683,7993.218254250383
1780483500,0.003113938589941683,0.0031664461859400635,0.003025823857430642,0.003075050009102545,12910.866035578314
1780484400,0.003075050009102545,0.00316521260297628,0.0028256265360046347,0.0029909684510608775,31016.195785722957
1780485300,0.0029909684510608775,0.0030925142665203737,0.0029320016116901053,0.0030446954667892323,15461.67807429236
1780486200,0.0030446954667892323,0.003372709208323075,0.0030397124414354077,0.0033320727179342465,19207.01059057331
1780487100,0.0033320727179342465,0.003385409580078185,0.0032560623015320932,0.0032992400160048565,12680.169930813734
1780488000,0.0032992400160048565,0.0035577586224515585,0.0032670963417861343,0.0035293460463579848,20956.994739882866
1780488900,0.0035293460463579848,0.003556945160813132,0.003392017394218324,0.0034756427351186926,9561.113626789414
1780489800,0.0034756427351186926,0.003996105253281422,0.003445398298361185,0.003764733131391051,39685.762299834925
1780490700,0.003764733131391051,0.003765192440849938,0.003571544932627626,0.003638135986386201,7471.635961132265
1780491600,0.003638135986386201,0.0040155875105437975,0.0035773919710654625,0.003964579401899927,23076.76198457729
1780492500,0.003964579401899927,0.003981750269846934,0.003528383032301822,0.0035727980066339177,27291.986324503123
1780493400,0.0035727980066339177,0.003816170347775654,0.0035339393062855627,0.0037530086249038153,15265.163022098372
1780494300,0.0037530086249038153,0.0038323563685737005,0.0036804850484458847,0.0037920771942308836,10747.638563741435
1780495200,0.0037920771942308836,0.0038908791303763723,0.0037876178660636124,0.0037986829067158667,22034.157280443163
1780496100,0.0037986829067158667,0.0038645157146344755,0.0036833082771372248,0.0038143806093960814,18005.123194037773
1780497000,0.0038143806093960814,0.004339446811987148,0.003729635066768171,0.004339083037875353,43486.86484322138
1780497900,0.004339083037875353,0.0050245890593721065,0.004237228167004559,0.0049720468741294805,131088.56270650728
1780498800,0.0049720468741294805,0.0051655074295631756,0.004600870375606937,0.005130461314886729,87836.3619533575
1780499700,0.005130461314886729,0.005230341921103812,0.004731935477094152,0.004842590430860583,55343.2751131841
1780500600,0.004842590430860583,0.004885621377895255,0.0046348880718748275,0.004697574426211328,21711.261856558933
1780501500,0.004697574426211328,0.005063447034215334,0.004691879420308502,0.004851138834390885,29895.042918575044
1780502400,0.004851138834390885,0.005131229079282176,0.004786039808770813,0.005105029410987249,39527.38011105801
1780503300,0.005105029410987249,0.005444157131159573,0.004825875373377069,0.0050019341036561474,63414.5175789048
1780504200,0.0050019341036561474,0.005613919303192852,0.0049212095794640975,0.005331444859186333,41338.89555475232
1780505100,0.005331444859186333,0.00541944499934662,0.005006616181852522,0.005374555609490304,29465.720611287295
1780506000,0.005374555609490304,0.005848907186139158,0.005144273008741668,0.005591984375865667,60543.425557617666
1780506900,0.005591984375865667,0.006574678228373124,0.005512061101632859,0.006020296320591672,135184.015214165
1780507800,0.006020296320591672,0.0064052016257489745,0.005457527632702751,0.005655513713578498,89127.3394724243
1780508700,0.005655513713578498,0.006195150844750995,0.005433677785573019,0.005486423934334759,63945.86749267993
1780509600,0.005486423934334759,0.005734919181767755,0.005136884869200692,0.00571396208767364,48261.69585391167
1780510500,0.00571396208767364,0.00571396208767364,0.005368442477372642,0.005512317520224213,33957.719895971255
1780511400,0.005512317520224213,0.006449688120084969,0.005494885648610902,0.006014904812728627,75325.33044436372
1780512300,0.006014904812728627,0.00622535772852164,0.0057754073767347,0.005824608701195266,29561.211305220968
1780513200,0.005824608701195266,0.0061789489325829,0.005793478653106394,0.005831522860912725,29623.040991468686
1780514100,0.005831522860912725,0.005880563741912335,0.005499796827830584,0.005846378585617456,44291.32988565221
1780515000,0.005846378585617456,0.007276668011549585,0.005747017561496123,0.006971293362448612,223703.30929216632
1780515900,0.006971293362448612,0.0075112223247320855,0.006831913326008936,0.007244306846812038,134690.25211024686
1780516800,0.007244306846812038,0.008281751771212459,0.006083772458201261,0.0075803483447014295,279084.74536758993
1780517700,0.0075803483447014295,0.00790580868251751,0.0072619108229634655,0.0075629820681161275,70983.03381253083
1780518600,0.0075629820681161275,0.008273224246012895,0.007405428918607738,0.008129421203661497,96009.42636637643
1780519500,0.008129421203661497,0.008633457971831916,0.007339503374806488,0.007854277327764617,246680.3387300584
1780520400,0.007854277327764617,0.008333383835629926,0.007182280864151614,0.007493826141894188,173900.18444043907
1780521300,0.007493826141894188,0.007583989955531291,0.006924139348772338,0.007012014571748817,56852.04462643491
1780522200,0.007012014571748817,0.007401135062999623,0.006852517321955744,0.007242329294978278,45721.54919304858
1780523100,0.007242329294978278,0.0076223278362349415,0.006731053665619104,0.0069661100993121386,75647.65646613504
1780524000,0.0069661100993121386,0.0070975199235675576,0.006651173201521453,0.006884325318816414,42510.75234720129
1780524900,0.006884325318816414,0.006885210854779407,0.006292367232413639,0.00644140474833098,49555.14650961617
1780525800,0.00644140474833098,0.006621501702327492,0.006323765062147168,0.006427540049193276,41585.131721568876
1780526700,0.006427540049193276,0.006544442112403512,0.006283910055524254,0.006389707560320361,43581.01368025874
1780527600,0.006389707560320361,0.00646494135674536,0.005861739084029252,0.006217735141920781,41264.54186665746
1780528500,0.006217735141920781,0.006217735141920781,0.005734368772219905,0.005794496823415192,49743.18799881948
1780529400,0.005794496823415192,0.006154970795181263,0.005786142245835847,0.006086899296750613,14128.203585382631
1780530300,0.006086899296750613,0.0063283437411978515,0.0060135955473490585,0.006290173729621211,20818.842747642942
1780531200,0.006290173729621211,0.0064311627205152115,0.006200674403794051,0.006333849615402714,16767.452571720874
1780532100,0.006333849615402714,0.0070825650865305335,0.006208836367509176,0.007025507387539077,41761.863557166645
1780533000,0.007025507387539077,0.008138264135413298,0.0068028584087981405,0.007978006696054486,111054.60241329575
1780533900,0.007978006696054486,0.008042476862588964,0.006542479655831118,0.007602406786353859,94699.56553587838
1780534800,0.007602406786353859,0.007602406786353859,0.0069275829637754065,0.0075183613532199154,80071.7549412883
1780535700,0.0075183613532199154,0.0076766923130375435,0.0068334768073110225,0.006944690449343439,61580.33031354511
1780536600,0.006944690449343439,0.006964697557511928,0.006619962068209316,0.006778416129644408,36428.67130660101
1780537500,0.006778416129644408,0.0068516073534307075,0.006476212794352994,0.006521670210448623,28182.910734151832
1780538400,0.006521670210448623,0.006745335785857248,0.00638124734581688,0.0065073963119673325,37218.92878133178
1780539300,0.0065073963119673325,0.006936891833966561,0.0065073963119673325,0.00665826455444364,35662.909299582934
1780540200,0.00665826455444364,0.007561398999716306,0.00662091785555649,0.007541031009360636,41117.76912954143
1780541100,0.007541031009360636,0.007927117678934423,0.007313287024612569,0.007577117331300853,49385.891815858726
1780542000,0.007577117331300853,0.008303329959268982,0.007544711358770514,0.008070236521754282,63614.52209059508
1780542900,0.008070236521754282,0.008913731085692145,0.007805259285880543,0.008000032140405672,98777.19816073608
1780543800,0.008000032140405672,0.008815114779365495,0.007928482780660275,0.008579695196312387,61845.52862974515
1780544700,0.008579695196312387,0.008591807701498241,0.007865948385678502,0.007931966240069381,36060.62832070896
1780545600,0.007931966240069381,0.008474315061375469,0.0077253270492653025,0.008427615003824857,27480.263754076062
1780546500,0.008427615003824857,0.010880951157897082,0.00839696737159372,0.010544746819694438,316092.5091909874
1780547400,0.010544746819694438,0.011920192014158611,0.010310385078036785,0.01093667291985948,192435.68114666155
1780548300,0.01093667291985948,0.01191308085474219,0.010089925683317675,0.011693914438960729,99723.92411197137
1780549200,0.011693914438960729,0.012261597988130847,0.010792606843650685,0.011394413346963426,146055.35376853618
1780550100,0.011394413346963426,0.012719342603102405,0.010255068335684986,0.01172340731762382,132990.35438061075
1780551000,0.01172340731762382,0.01638685334512379,0.01172340731762382,0.014572477959700762,517717.5905061289
1780551900,0.014572477959700762,0.015027114817093542,0.012821979167571943,0.013157321955127393,208360.30098954227
1780552800,0.013157321955127393,0.013567315385861936,0.012128818610636808,0.012897898376671225,193802.72077401905
1780553700,0.012897898376671225,0.013323670489350172,0.012385672437404618,0.012521530016146394,95454.00947229372
1780554600,0.012521530016146394,0.012710653181572846,0.011415021828598118,0.011883424637412963,116362.91044636116
1780555500,0.011883424637412963,0.0120781243203012,0.01117430968798012,0.011402593375329229,85010.0394154836
1780556400,0.011402593375329229,0.012567010398548803,0.011344385040849354,0.012371637057698618,86508.82591569795
1780557300,0.012371637057698618,0.01333651754469596,0.01170657533398016,0.011886559938214292,139614.65646432093
1780558200,0.011886559938214292,0.012622322843048695,0.01165532365967673,0.012607837506351707,41845.40234776925
1780559100,0.012607837506351707,0.012949485501590245,0.012117373425721726,0.012217082390760718,45719.027409390575
1780560000,0.012217082390760718,0.013291615620526115,0.012127818843213083,0.012950454169843174,61874.343271346705
1780560900,0.012950454169843174,0.013715769286943338,0.012733901033793503,0.012876749456073169,64053.302242992206
1780561800,0.012876749456073169,0.013055559893346799,0.011635721839964213,0.012013175985827169,96658.62574419983
1780562700,0.012013175985827169,0.012267665051280923,0.010809483534308158,0.011343431613154294,113731.55047592812
1780563600,0.011343431613154294,0.01154053585761643,0.009925726278776116,0.010394717800095927,119656.03768150216
1780564500,0.010394717800095927,0.012951300474312694,0.01036812385251527,0.01173811346228959,124337.78942598536
1780565400,0.01173811346228959,0.012280248076683898,0.011507082631863163,0.011742980317499409,45378.491569902115
1780566300,0.011742980317499409,0.012366623663298076,0.011700317506172255,0.012362701849808345,26233.674659519264
1780567200,0.012362701849808345,0.012376800745267334,0.011389495841673912,0.011592488641974551,30682.240314259187
1780568100,0.011592488641974551,0.011622942890133627,0.011072700394303046,0.011375068139430395,49418.36451295674
1780569000,0.011375068139430395,0.011795748181012351,0.010368763354842471,0.010591523035741774,61380.779858534304
1780569900,0.010591523035741774,0.01075018204488715,0.009933530158348969,0.010024908881071758,78824.89220179425
1780570800,0.010024908881071758,0.010234078015516365,0.009467155881903418,0.010164637601268752,67382.06002869867
1780571700,0.010164637601268752,0.011096168064153835,0.01010980703012831,0.010399506187632246,76413.87501933839
1780572600,0.010399506187632246,0.010618830210612235,0.01012898112232402,0.010491034736931682,35571.123696115974
1780573500,0.010491034736931682,0.011136188318667377,0.01032536617138953,0.011005044190192916,42670.38518027464
1780574400,0.011005044190192916,0.011887116782477234,0.010693231523019802,0.011841823789431022,72513.20325442136
1780575300,0.011841823789431022,0.012607655231762934,0.0115247770525986,0.01241779223282573,75319.85470949182
1780576200,0.01241779223282573,0.013634824447185273,0.011986507790964973,0.01356738471829591,92397.0998743246
1780577100,0.01356738471829591,0.01385261243594185,0.012880971605101009,0.013332136641140309,89826.18811173679
1780578000,0.013332136641140309,0.01342503764576506,0.012153365732754157,0.012234611889903177,49528.11194943043
1780578900,0.012234611889903177,0.012381945939078992,0.01147737942969776,0.011789550742263368,61841.7786825995
1780579800,0.011789550742263368,0.01218305505088198,0.011502801439808119,0.011555235659657883,50278.37642918481
1780580700,0.011555235659657883,0.011828255057450492,0.011022235548259268,0.01121842470546205,50264.652096214486
1780581600,0.01121842470546205,0.011730262998617737,0.010844907238463175,0.011715534850288655,39514.66571485173
1780582500,0.011715534850288655,0.011909092677243036,0.011148458930745571,0.011202877609574668,27828.053994989634
1780583400,0.011202877609574668,0.011453937414609051,0.010392269110158,0.010492728133376735,52854.00622725334
1780584300,0.010492728133376735,0.010566907544257357,0.009594134292110996,0.009916561105780186,120350.46270635838
1780585200,0.009916561105780186,0.010196545569001882,0.00951990626958633,0.009798963110323444,66297.31001634769
1780586100,0.009798963110323444,0.009809762987030245,0.008945823118413925,0.009405595092833976,126241.90997400228
1780587000,0.009405595092833976,0.009920927695056758,0.009129946593844123,0.009914677349948943,64558.87579284029
1780587900,0.009914677349948943,0.010116047301669213,0.009427476318719472,0.009659260304318424,45461.15204657561
1780588800,0.009659260304318424,0.009662646009651459,0.00820751598056777,0.00880916867746723,131140.72601487927
1780589700,0.00880916867746723,0.008856769830802934,0.00811248916020021,0.00818498761337436,80481.27894057178
1780590600,0.00818498761337436,0.008788725756773409,0.008090719212667054,0.008647492009615542,66338.83589991658
1780591500,0.008647492009615542,0.008703010555080978,0.0075846168471421895,0.0077168114119761325,92749.0063473672
1780592400,0.0077168114119761325,0.008761325452077931,0.007577380771017159,0.008649685218457026,135367.31719802966
1780593300,0.008649685218457026,0.008954530029954923,0.008443933160281147,0.008869256286080105,58234.51361799308
1780594200,0.008869256286080105,0.009292817362264739,0.008569641092116253,0.00881040462739203,77499.72340691835
1780595100,0.00881040462739203,0.009088332276180257,0.008723941048654565,0.008867128044125702,27528.259942443692
1780596000,0.008867128044125702,0.00887445522669878,0.008376957870198536,0.008658492714520521,45242.85725925577
1780596900,0.008658492714520521,0.008864063261210363,0.00857342309856174,0.00876016658027926,15662.533430873049
1780597800,0.00876016658027926,0.00876788288627624,0.008157754347608919,0.008281826445915403,30809.098735771167
1780598700,0.008281826445915403,0.008293767140153417,0.0077117375168310525,0.007994443000411097,51055.4510086355
1780599600,0.007994443000411097,0.008539824891374434,0.007994443000411097,0.008153228973266919,24358.93418493593
1780600500,0.008153228973266919,0.008493798571022447,0.008126883285595132,0.008441120847649457,20378.896172526467
1780601400,0.008441120847649457,0.008573251990802984,0.008097059657109737,0.008137242596252243,23464.553129665124
1780602300,0.008137242596252243,0.008221613619530077,0.007398315778095443,0.00744517164688149,58000.2836164519
1780603200,0.00744517164688149,0.00765028064734929,0.00662395528384362,0.006973382441485649,157804.14865424013
1780604100,0.006973382441485649,0.0073033623302794235,0.006165537721254785,0.006308897386834465,185797.14356589896
1780605000,0.006308897386834465,0.006505531297143705,0.00530635541396769,0.00633521753009786,339028.5334512431
1780605900,0.00633521753009786,0.006447637450967542,0.00528904127725462,0.005910828325176919,159048.69544241647
1780606800,0.005910828325176919,0.006138298684242017,0.0054562993705660435,0.005810649665922064,71515.65649561434
1780607700,0.005810649665922064,0.006690754502671106,0.005753502423967264,0.006515296302558135,94987.10416468894
1780608600,0.006515296302558135,0.007482490925371149,0.0064965515173911435,0.006769319943218114,163530.43461732886
1780609500,0.006769319943218114,0.007020147321624161,0.006183747801435342,0.006216438470644335,61053.40194278409
1780610400,0.006216438470644335,0.006812134696957393,0.006065951408722074,0.006740691984839619,63813.68301951084
1780611300,0.006740691984839619,0.0070410385021173255,0.006632848068883767,0.006632848068883767,34443.58083961994
1780612200,0.006632848068883767,0.006674905091394637,0.00603856078085433,0.006331684732462552,40701.07954245869
1780613100,0.006331684732462552,0.006843767183374832,0.006327161442562594,0.006674667287600114,38201.902388582836
1780614000,0.006674667287600114,0.006927246194826647,0.006611191329826448,0.006863476863852624,34862.99871244937
1780614900,0.006863476863852624,0.006868519560027573,0.006541388804019956,0.006830674706157604,29393.62907912014
1780615800,0.006830674706157604,0.007479861341016901,0.00672254045550677,0.007041220952788485,61360.32663279583
1780616700,0.007041220952788485,0.007505498670329311,0.007041220952788485,0.007219024582014403,52894.961761243154
1780617600,0.007219024582014403,0.007329097572341027,0.006288298521752008,0.006290577636404384,64579.13639704085
1780618500,0.006290577636404384,0.0067738673161115235,0.006290577636404384,0.006609789933313948,23121.480348786605
1780619400,0.006609789933313948,0.006796040816903935,0.00618811699871227,0.006217641009100326,27657.73553742992
1780620300,0.006217641009100326,0.006352245098768038,0.006060527617350225,0.006199569870772153,24629.856691596964
1780621200,0.006199569870772153,0.006199569870772153,0.005462152426097596,0.005761852643023038,120434.26292887618
1780622100,0.005761852643023038,0.005988835711751841,0.005405124595549814,0.005651660457835535,55257.21976747402
1780623000,0.005651660457835535,0.005673011087819902,0.003522276745699113,0.003867200956609038,397124.5402143542
1780623900,0.003867200956609038,0.004334926467704537,0.0037590497501414828,0.00402181520052645,117004.00937997682
1780624800,0.00402181520052645,0.004427006371403161,0.003995862699965711,0.0042026950246268424,55127.50203942147
1780625700,0.0042026950246268424,0.004708277210373299,0.0042026950246268424,0.004362246929079948,83904.176314943
1780626600,0.004362246929079948,0.00446382704184231,0.0038246621552289802,0.003892502084735307,106818.15364076146
1780627500,0.003892502084735307,0.003996532130791698,0.0030561537751615238,0.0035518389769881526,187369.61673869853
1780628400,0.0035518389769881526,0.003802451837893793,0.0034453944129063494,0.0037224378144043286,64064.43828997843
1780629300,0.0037224378144043286,0.0038845573000197415,0.0035173715366696797,0.0036718242353586273,56774.709714385936
1780630200,0.0036718242353586273,0.0038860990947805108,0.0036031785363380476,0.003701107503287726,38366.9332713576
1780631100,0.003701107503287726,0.003792028182259743,0.0032471111628173156,0.0034197239656069225,65284.86990219265
1780632000,0.0034197239656069225,0.0038400888357228587,0.003385514924824749,0.003714707942227105,33571.866173475966
1780632900,0.003714707942227105,0.003944657246550159,0.0034649516528453966,0.003921759597154846,50195.855888615464
1780633800,0.003921759597154846,0.00457641544353603,0.003921759597154846,0.004420406073223457,159580.1094033899
1780634700,0.004420406073223457,0.0047319965303325015,0.004276021850347202,0.004380956156911907,75125.14258393085
1780635600,0.004380956156911907,0.0043953622459871,0.0038448465581203796,0.003971169008795522,51789.35656927468
1780636500,0.003971169008795522,0.0040084862096654295,0.003460033618248045,0.0035763477600084235,84229.88746633634
1780637400,0.0035763477600084235,0.003645353289151329,0.00303165748116073,0.0034410024245007573,131432.04522096654
1780638300,0.0034410024245007573,0.003547095490349194,0.003271111982776422,0.0034833560322419595,44498.631133248215
1780639200,0.0034833560322419595,0.003583721419546883,0.0034082588562109437,0.003436666745487971,28813.80159371347
1780640100,0.003436666745487971,0.003450593789223583,0.002963772914396507,0.003045001358606924,73428.88820108947
1780641000,0.003045001358606924,0.0033493740142974096,0.003043843172338687,0.0032560715155293507,27160.63951547571
1780641900,0.0032560715155293507,0.0034564091694096414,0.0032461997114793134,0.0033828987574855947,31015.99418553811
1780642800,0.0033828987574855947,0.0034276203632047646,0.0032145813720879427,0.0033861417713805238,27150.15427923311
1780643700,0.0033861417713805238,0.003832047275371527,0.0033764058774602298,0.0037049866292712882,40060.148025925315
1780644600,0.0037049866292712882,0.003815910400785209,0.0035588783737010446,0.0037308691212887745,35053.80938531153
1780645500,0.0037308691212887745,0.0037982290686505225,0.003611617172588158,0.0037097917146010303,23286.21143803294
1780646400,0.0037097917146010303,0.004095526803265487,0.0037097917146010303,0.004007315752639462,43933.729997171504
1780647300,0.004007315752639462,0.004291114593511042,0.003925660021625948,0.004077441161231195,44047.92530468081
1780648200,0.004077441161231195,0.004144611921331553,0.0037703443887306155,0.0038702322821030765,25796.871171014525
1780649100,0.0038702322821030765,0.003986294598249568,0.003781866887089346,0.0037960780414397514,22525.325093087384
1780650000,0.0037960780414397514,0.0038385515653625575,0.0036632298998313137,0.0038108932416258106,18014.038815576583
1780650900,0.0038108932416258106,0.005117102585570283,0.0037452153492520215,0.004622745711831107,97832.224354888
1780651800,0.004622745711831107,0.00472871221146546,0.004390983581010147,0.004629672059734129,69200.98595598426
1780652700,0.004629672059734129,0.00470442814655124,0.004490796633602731,0.004512434756175123,20096.24308454581
1780653600,0.004512434756175123,0.004529504636716097,0.004231903629363979,0.004283861983499397,14263.532144478362
1780654500,0.004283861983499397,0.004398416073584838,0.004209317792008946,0.004379887251854183,12769.282390748542
1780655400,0.004379887251854183,0.004557594156749522,0.004141813608275516,0.004362181965001353,25399.643542927246
1780656300,0.004362181965001353,0.004472775800375545,0.004284604810184794,0.004298530116234286,12428.003568617714
1780657200,0.004298530116234286,0.004298697938160031,0.004020454644231783,0.004092080436888532,14725.553616803545
1780658100,0.004092080436888532,0.00416798932259965,0.003936428427919881,0.0039734667719775185,10891.262270511264
1780659000,0.0039734667719775185,0.0039734667719775185,0.003751721227479029,0.0037873602111426563,20611.37902975193
1780659900,0.0037873602111426563,0.0038004665244872776,0.003575988545732644,0.0036880275531589266,24845.384756305855
1780660800,0.0036880275531589266,0.0038896784742796777,0.0036535452860226732,0.0036599822970019586,15412.724581481498
1780661700,0.0036599822970019586,0.003747076803766934,0.0035753396671893705,0.003704046156999747,17915.86854695114
1780662600,0.003704046156999747,0.003980913165205207,0.0036552881649182284,0.0038831690630232755,20019.665611641078
1780663500,0.0038831690630232755,0.004071694398549646,0.0038651973466630645,0.004055519221300499,31110.602120156207
1780664400,0.004055519221300499,0.004072797460467346,0.003894474458340512,0.003933876699685127,12269.446073767598
1780665300,0.003933876699685127,0.003980458475049088,0.003852922291935077,0.003942971004509034,6509.835973169233
1780666200,0.003942971004509034,0.003972211917963486,0.003370671406841498,0.0035633575376539874,30694.37930906975
1780667100,0.0035633575376539874,0.003617674780190182,0.003246726157269361,0.0033096048253378166,55862.24333602234
1780668000,0.0033096048253378166,0.0035460413539174264,0.002963698515758941,0.003301186929499677,84378.32446498636
1780668900,0.003301186929499677,0.003453361564619613,0.003272969895712518,0.003448456881124824,24605.856325645025
1780669800,0.003448456881124824,0.003556159734196304,0.003367393489536137,0.003428422737264757,17560.030078790474
1780670700,0.003428422737264757,0.003629547455189241,0.0033988127798030253,0.0036041776587638816,21616.368781143046
1780671600,0.0036041776587638816,0.0038063546055999683,0.003411734925198998,0.00344602902020551,48278.98765779347
1780672500,0.00344602902020551,0.0035099639600275497,0.00325341644868314,0.0033569279629489922,27975.293470196302
1780673400,0.0033569279629489922,0.0034156982503082433,0.003163304963739447,0.0033128861354426212,24596.036690521134
1780674300,0.0033128861354426212,0.0033274162181395743,0.0032378305173573264,0.0032441743120445073,9757.952906469873
1780675200,0.0032441743120445073,0.0035197712113550317,0.003225581983262207,0.0035014651143938594,25703.262676082813
1780676100,0.0035014651143938594,0.0036217545748921005,0.003448389831515453,0.0035568407301634335,16612.428888616472
1780677000,0.0035568407301634335,0.0035663397541488605,0.00330257720884851,0.0033492492570493227,11192.107662382065
1780677900,0.0033492492570493227,0.003541490971934667,0.003242841951767058,0.0035391790639447158,13038.077202410375
1780678800,0.0035391790639447158,0.0039529348072134575,0.00351566492239455,0.00395285621569227,32115.09554077931
1780679700,0.00395285621569227,0.0040871420443275045,0.003821733910525371,0.0038702429081930558,29792.711529225897
1780680600,0.0038702429081930558,0.003870628844975281,0.003657356968501596,0.0037882813607019897,12946.806891432045
1780681500,0.0037882813607019897,0.0037884891821849797,0.0035921520909512152,0.0036577361180076965,7751.8326321722725
1780682400,0.0036577361180076965,0.00375887934089087,0.003570320724572586,0.003646712385636406,15755.346232258427
1780683300,0.003646712385636406,0.003646712385636406,0.003433879461308462,0.003469681960930576,16996.88298903869
1780684200,0.003469681960930576,0.003984099608053971,0.0034398769038614806,0.0039055698524799714,37458.11040772118
1780685100,0.0039055698524799714,0.004163715696184056,0.0037436212719090373,0.003983284920188745,43289.3754902729
1780686000,0.003983284920188745,0.004292533302673066,0.0037334209342563744,0.0037921517784338618,49312.52286889191
1780686900,0.0037921517784338618,0.0038498823406500275,0.0035983750274668374,0.0036685772734304416,17879.708113685392
1780687800,0.0036685772734304416,0.003674929167646259,0.0035645285358051958,0.0035974298933012117,8749.52858992496
1780688700,0.0035974298933012117,0.004044601684729176,0.0035974298933012117,0.003981832715161808,16747.083472476686
1780689600,0.003981832715161808,0.004040770359540727,0.003773238269840568,0.0038596838032667158,22160.1660031527
1780690500,0.0038596838032667158,0.003897988450083564,0.0037070663303078303,0.0038282165159561994,10624.353621592683
1780691400,0.0038282165159561994,0.003912736345944333,0.0034298318557904614,0.0035824379915302316,25355.464389916226
1780692300,0.0035824379915302316,0.003585614330311357,0.0033952683246703283,0.0035093827148342427,17583.765074432664
1780693200,0.0035093827148342427,0.003621433154770257,0.003436489358097647,0.003469281311313044,13889.763732885393
1780694100,0.003469281311313044,0.0034969116097189213,0.003069054091512371,0.003278145170096895,54989.923907333636
1780695000,0.003278145170096895,0.0033468940254194526,0.003139670908669265,0.003320166867595885,19247.82852056343
1780695900,0.003320166867595885,0.003369644868633369,0.0032650270022828473,0.003272306459850412,9131.318089309441
1780696800,0.003272306459850412,0.0034145464239520736,0.003162216908351987,0.00338228742807919,18013.34297320842
1780697700,0.00338228742807919,0.0035793389465071388,0.0033341975065691596,0.0035217776511050417,15989.381629100144
1780698600,0.0035217776511050417,0.0035505682577761425,0.0034310910655200515,0.0034810290646989294,9532.144413227981
1780699500,0.0034810290646989294,0.0035139661601808823,0.003323846309772714,0.0033311826313455572,11981.518544699351
1780700400,0.0033311826313455572,0.0034384522041292264,0.0033276679274975257,0.003412026213451882,8383.749911470228
1780701300,0.003412026213451882,0.003543510279727212,0.003391218464094202,0.003515156823534903,10561.649102588577
1780702200,0.003515156823534903,0.0035540789735798908,0.0033817105627050644,0.0034183950823036676,8606.618640380355
1780703100,0.0034183950823036676,0.003433720796106944,0.003332722405825044,0.0034099259097646905,6669.474549957465
1780704000,0.0034099259097646905,0.0035864363505992963,0.003381528097108676,0.00352937952531432,14371.714371969365
1780704900,0.00352937952531432,0.0037288103184236524,0.0035276119628700584,0.003606793952767289,11556.467454942678
1780705800,0.003606793952767289,0.003704029389409727,0.0035767538075787966,0.0036531435068119975,5717.714077160904
1780706700,0.0036531435068119975,0.0037732052331991913,0.003624929022345734,0.0036989099094444857,7712.4585468535315
1780707600,0.0036989099094444857,0.0037485410311447346,0.0035951732226099996,0.0036157304510485177,6657.621225394188
1780708500,0.0036157304510485177,0.0036170494089060976,0.0034248654489625672,0.0035660227655165116,8844.968611255288
1780709400,0.0035660227655165116,0.0036367166177049253,0.0035155331684012378,0.003544320946892902,3275.5615339000697
1780710300,0.003544320946892902,0.0035713663097221436,0.0034956137295628084,0.0035213949139953284,5706.492395063397
1780711200,0.0035213949139953284,0.003532100976059889,0.0032896166299545356,0.0033367733564478035,13382.075622446166
1780712100,0.0033367733564478035,0.0033474933126742394,0.0032615665413106816,0.003313130852959884,7928.313030974258
1780713000,0.003313130852959884,0.0034510890710262292,0.003313130852959884,0.003398733701409316,7548.603648344849
1780713900,0.003398733701409316,0.003398733701409316,0.0032755634621110417,0.003277142746959082,4234.5891227856855
1780714800,0.003277142746959082,0.0034093453563184095,0.003277142746959082,0.0033760229244338743,5887.924827167358
1780715700,0.0033760229244338743,0.00351273705405052,0.0033664964790501256,0.003433735048165912,7833.97831664864
1780716600,0.003433735048165912,0.0035286238527182253,0.003387949728595352,0.003477180129731209,6561.797319280033
1780717500,0.003477180129731209,0.003505290022855572,0.003371798414946355,0.003459873348911468,7371.4419416673645
1780718400,0.003459873348911468,0.003481918520790557,0.003381497734165898,0.003403686398228324,5190.397554031775
1780719300,0.003403686398228324,0.0034539247505412565,0.0033536302687428286,0.0034009563736734643,5774.748204506452
1780720200,0.0034009563736734643,0.0034293580325840184,0.0032055938286967085,0.003271919053403704,11765.046403055563
1780721100,0.003271919053403704,0.0032857326687532693,0.0031257516940033387,0.0031758767819780164,17494.998143732417
1780722000,0.0031758767819780164,0.0032753110514477037,0.003155716316838583,0.0031930288592753805,11806.108976751186
1780722900,0.0031930288592753805,0.003222073142934655,0.0031367683817860727,0.0031971501432197045,10349.387309168058
1780723800,0.0031971501432197045,0.00329218312048151,0.0031902176736635754,0.003263682354681633,3122.1082692474906
1780724700,0.003263682354681633,0.0033453284141439993,0.0032435672813164442,0.003293152954563125,4219.094076164616
1780725600,0.003293152954563125,0.0034511239054894824,0.0032877818426711642,0.0034511239054894824,19197.010058283126
1780726500,0.0034511239054894824,0.003585494325054373,0.003387269037327894,0.003585494325054373,22898.105284920905
1780727400,0.003585494325054373,0.003750606981429621,0.003514792438915251,0.003569818513660799,31379.16172289295
1780728300,0.003569818513660799,0.003672432533645724,0.003441173911837023,0.0036642028136541762,24156.877882699777
1780729200,0.0036642028136541762,0.003743889937891441,0.0035794044183613126,0.0036963104529459797,17755.22568155562
1780730100,0.0036963104529459797,0.0040833140903904054,0.003561621028018765,0.003945692010741637,59853.86929103777
1780731000,0.003945692010741637,0.003969905885961689,0.003746493137849492,0.003938938707842316,24768.048557792426
1780731900,0.003938938707842316,0.004128480105521126,0.003896943400233593,0.004056218565037665,24134.849304518346
1780732800,0.004056218565037665,0.004315845826554938,0.003846637555841475,0.004109462927456234,50676.97040398886
1780733700,0.004109462927456234,0.004281635001103905,0.004014908412618643,0.004249741590097949,19055.56038965818
1780734600,0.004249741590097949,0.004531309357497193,0.004176269049574474,0.004290804762541278,37171.70092644607
1780735500,0.004290804762541278,0.004374748965267855,0.004100045003254386,0.00429691143707677,28863.818520619872
1780736400,0.00429691143707677,0.004319769771194239,0.0041037230318579365,0.004278948282649121,24254.42771755332
1780737300,0.004278948282649121,0.004304577747189825,0.00417875013826032,0.004267435478567901,16036.831461308204
1780738200,0.004267435478567901,0.004296602644246896,0.0038850188962928772,0.00398253269400443,19353.09765877101
1780739100,0.00398253269400443,0.004022337446294848,0.003875850826511112,0.003915618914702266,13891.870696465978
1780740000,0.003915618914702266,0.003976578816776985,0.0037439450083253177,0.003780158723854255,14218.336552791157
1780740900,0.003780158723854255,0.003921721465944513,0.003738160184564061,0.00386030394496537,12196.022458780008
1780741800,0.00386030394496537,0.0038903655843198996,0.0037672872139291416,0.003816979736783347,7341.186372056107
1780742700,0.003816979736783347,0.003907123683368516,0.003720727300253158,0.0038298211589956627,9173.866550693901
1780743600,0.0038298211589956627,0.003862943791131564,0.0037385985246484827,0.0037819003382675827,7941.405132424889
1780744500,0.0037819003382675827,0.0038017360534809224,0.003640489593204055,0.0036748205996642866,10373.81977600254
1780745400,0.0036748205996642866,0.004089390696610962,0.003642755386794814,0.004065346128654576,13470.17982077599
1780746300,0.004065346128654576,0.004462378682071472,0.003990891802719063,0.004190060276618527,35755.51945254254
1780747200,0.004190060276618527,0.0046548398413204,0.004185955258818276,0.004431070741626274,60638.025256413246
1780748100,0.004431070741626274,0.004916543060825562,0.004431070741626274,0.004709596957230813,57471.67899128058
1780749000,0.004709596957230813,0.004909416101558978,0.004421200926452962,0.004490476157387128,41172.25325223123
1780749900,0.004490476157387128,0.0046125129860031065,0.004421606411648473,0.004452558945769031,16524.25283480797
1780750800,0.004452558945769031,0.004452558945769031,0.00424042933901739,0.004306291858127389,11691.752237448394
1780751700,0.004306291858127389,0.004919922180680752,0.004259500703205294,0.004829430132833769,40274.37643484344
1780752600,0.004829430132833769,0.0050380613220200035,0.004687574411902256,0.005023364547523156,52563.804162824315
1780753500,0.005023364547523156,0.0059009326432910006,0.004983866999255679,0.005708628967365636,129524.42052822145
1780754400,0.005708628967365636,0.005954734720485753,0.0052472577867462055,0.0053687020931695115,94343.11125523891
1780755300,0.0053687020931695115,0.0055774362106167374,0.0051215945374284795,0.005127757990592592,50837.25466620097
1780756200,0.005127757990592592,0.0053183349742707935,0.00508604392139897,0.00514815207465069,35684.46143615833
1780757100,0.00514815207465069,0.005826519278844118,0.005068534606567226,0.00542522054585661,55725.17526874262
1780758000,0.00542522054585661,0.005509008208713043,0.005191197333558577,0.005329070076495445,39472.66099597382
1780758900,0.005329070076495445,0.005349316454765117,0.0048436251079044534,0.004905160091658038,33922.56060504085
1780759800,0.004905160091658038,0.00499171280485386,0.004630666475157712,0.0047693699048540475,41406.39483400385
1780760700,0.0047693699048540475,0.004808178705895924,0.004551969791338751,0.00469407899668307,28187.029249434338
1780761600,0.00469407899668307,0.004786075064306945,0.004558092814450728,0.004695048271768302,19839.032645822394
1780762500,0.004695048271768302,0.004705924553690772,0.004483906511367106,0.00461032895675635,17779.756391753708
1780763400,0.00461032895675635,0.00497591062508371,0.004548436566305989,0.004902623102637869,21902.646157230658
1780764300,0.004902623102637869,0.005055608220764084,0.004901415599309777,0.005004690891419207,19668.88459865104
1780765200,0.005004690891419207,0.005069843546642501,0.00469446482596835,0.004798444828470098,21232.21239158344
1780766100,0.004798444828470098,0.00484674868156995,0.00469151251104554,0.0048026633234791605,11343.160643757401
1780767000,0.0048026633234791605,0.0048026633234791605,0.004444256690315908,0.004631383819936294,19790.916658490085
1780767900,0.004631383819936294,0.005410707079334684,0.004563219603381601,0.00529592248758133,55629.888236736326
1780768800,0.00529592248758133,0.005580651152059543,0.004992501261413867,0.005070814942166652,34597.04980083527
1780769700,0.005070814942166652,0.005354918695500682,0.005016686225251211,0.00513443246435765,19623.053382922462
1780770600,0.00513443246435765,0.005259866697871931,0.005046259612895045,0.005136490630630812,11364.91786132515
1780771500,0.005136490630630812,0.005171207283398347,0.004891355763634971,0.004962072907849969,8510.074360750134
1780772400,0.004962072907849969,0.005006110304731821,0.004074208427874253,0.0043746533735114545,80698.22563097042
1780773300,0.0043746533735114545,0.0045269798931605616,0.004330715218760482,0.0043673975295393875,19187.964102700917
1780774200,0.0043673975295393875,0.00459762548088701,0.0043282069271833,0.004459370230226656,14991.825420472345
1780775100,0.004459370230226656,0.004523542724178343,0.004293296010855991,0.004400685934612222,12640.820969962644
1780776000,0.004400685934612222,0.004599495518231423,0.004367752924855536,0.004522977797336319,13204.903174178935
1780776900,0.004522977797336319,0.004666261221752949,0.00451255253121745,0.004651641234824578,7874.120542906692
1780777800,0.004651641234824578,0.004726721737848665,0.0045813725745283244,0.0047152369727046116,7960.054914466806
1780778700,0.0047152369727046116,0.0047508498279235385,0.004414750569373815,0.004463445388938683,14880.837883806264
1780779600,0.004463445388938683,0.0045110758350406675,0.004405770820807588,0.004423155048356844,5505.517816702182
1780780500,0.004423155048356844,0.004497347023807103,0.004328190733888259,0.004414824461057183,7126.825781502624
1780781400,0.004414824461057183,0.0045535874560835195,0.004414824461057183,0.004469064830605532,6951.862923269371
1780782300,0.004469064830605532,0.004545166334918414,0.004435505042493444,0.004520149011889651,4002.4528655310924
1780783200,0.004520149011889651,0.004741309876673627,0.004520149011889651,0.004699184065943937,7697.426377461809
1780784100,0.004699184065943937,0.004724953922488236,0.004600964341301554,0.004668587475467768,6788.599683536041
1780785000,0.004668587475467768,0.004938707715949296,0.004634537563088355,0.004834607142807537,11804.254008702397
1780785900,0.004834607142807537,0.004900319544961811,0.004643112393290916,0.004669726155112806,11313.625209730353
1780786800,0.004669726155112806,0.0047516809885198835,0.004596596212254509,0.004662960530034945,7683.491250106934
1780787700,0.004662960530034945,0.004691010821437429,0.004591971230444385,0.004681933366732802,4852.1410444187095
1780788600,0.004681933366732802,0.0047582467437294685,0.00462143986785842,0.00462143986785842,6465.177258704513
1780789500,0.00462143986785842,0.004705228861648091,0.004607013465863582,0.004636083092878186,6553.5014141517295
1780790400,0.004636083092878186,0.004663414075336226,0.004286804793814778,0.004408717660661359,24689.767319802806
1780791300,0.004408717660661359,0.004526006909838439,0.00439257639441667,0.0044533915858171605,7757.761379465724
1780792200,0.0044533915858171605,0.004503564896504416,0.004412200013606537,0.004438279731448544,3815.337737208791
1780793100,0.004438279731448544,0.004458491133444891,0.004106139010914227,0.004186430335879565,18593.699490669354
1780794000,0.004186430335879565,0.004318105765441621,0.004143443357263426,0.00428856905390916,4989.411937374772
1780794900,0.00428856905390916,0.004434600521985406,0.00428856905390916,0.004398285019419876,7501.7699462109495
1780795800,0.004398285019419876,0.004514735540108752,0.004380005355372038,0.004380005355372038,4283.516244680185
1780796700,0.004380005355372038,0.004444258553187571,0.004324115180466825,0.0044247936856692234,6696.45710412577
1780797600,0.0044247936856692234,0.005173365664832407,0.004390033235183203,0.005172012632318286,28030.016894962824
1780798500,0.005172012632318286,0.0052208708872002706,0.004781498880755998,0.004896697906693117,26964.02029887654
1780799400,0.004896697906693117,0.0049488971590883005,0.004807695314543799,0.004840298677084669,7909.520879408241
1780800300,0.004840298677084669,0.004917973414106053,0.004780641434780057,0.004906367756060338,7556.614366449345
1780801200,0.004906367756060338,0.0051624067367924,0.00480707152283951,0.0050523529672398025,12441.969620206659
1780802100,0.0050523529672398025,0.005518580981456153,0.005008722458845333,0.005448836431199716,27461.559328716092
1780803000,0.005448836431199716,0.005449436160786472,0.005182199003149186,0.005292394544590285,13541.362279750363
1780803900,0.005292394544590285,0.005629275098971182,0.005256895005884618,0.005504484221781343,21984.210814502952
1780804800,0.005504484221781343,0.005787471380974771,0.005257379023201652,0.00566082208765193,30638.192763535866
1780805700,0.00566082208765193,0.005756454965616225,0.005325134808597556,0.0053716567361243375,29765.747542404388
1780806600,0.0053716567361243375,0.005584019443624038,0.0050508398380763615,0.005391214444365792,34135.868000001814
1780807500,0.005391214444365792,0.005467748560170094,0.00532639663197076,0.005388898914826452,22817.86675834331
1780808400,0.005388898914826452,0.006005811123876812,0.005325501790985665,0.005528249190295076,44140.58244615265
1780809300,0.005528249190295076,0.005935873712768647,0.005493954374312806,0.005835906271933821,25708.022681349048
1780810200,0.005835906271933821,0.005925541855979551,0.005652439270116108,0.00570555037949608,29516.544256643378
1780811100,0.00570555037949608,0.006211980521585054,0.005655684194780317,0.006118706623107686,45699.909757922134
1780812000,0.006118706623107686,0.006184187362349125,0.00583780899636474,0.005988076829655005,35145.32134525282
1780812900,0.005988076829655005,0.005998078995096785,0.005329864786616994,0.005496089775895882,38366.32212080922
1780813800,0.005496089775895882,0.005628957706829286,0.005342438812376779,0.005461507492550755,21959.615050820044
1780814700,0.005461507492550755,0.005638316828477384,0.005461507492550755,0.005567082769870425,8461.423697479646
1780815600,0.005567082769870425,0.005979380737027829,0.005357115377668415,0.005818362536771156,29943.21237780787
1780816500,0.005818362536771156,0.006106471578850234,0.005657581504039057,0.006067868355204918,22626.121526192506
1780817400,0.006067868355204918,0.0060704414236191625,0.00533036724056617,0.005531887551145781,29800.502299693268
1780818300,0.005531887551145781,0.005531887551145781,0.005132951877802049,0.00535984659873971,20241.985924070606
1780819200,0.00535984659873971,0.005402569139001504,0.005249911722048915,0.005402522445944524,10392.47055627646
1780820100,0.005402522445944524,0.005614411008751195,0.00535122252201861,0.0055251077746267425,14618.263230005321
1780821000,0.0055251077746267425,0.005561046990719842,0.005176045083344796,0.005227311157251763,30957.327972874584
1780821900,0.005227311157251763,0.005360379164625858,0.0051979240773435634,0.005321162333261149,11978.639290072137
1780822800,0.005321162333261149,0.005514609586055569,0.005231965348377086,0.005514609586055569,14086.488045953345
1780823700,0.005514609586055569,0.005514609586055569,0.005375176745663309,0.005428573327377477,7213.915368273901
1780824600,0.005428573327377477,0.005441769316649901,0.005281425762215335,0.005359060588430409,12607.263964116524
1780825500,0.005359060588430409,0.005391066717589115,0.005141297767525731,0.0051457039224646105,15611.29528189009
1780826400,0.0051457039224646105,0.00533864784431156,0.0050858489243448815,0.00508818413403303,12357.852404098221
1780827300,0.00508818413403303,0.005206750855540104,0.005066337932583376,0.005178068309570696,6837.631724211541
1780828200,0.005178068309570696,0.005222020515194104,0.004804287838093068,0.004887984237107007,20459.696093826336
1780829100,0.004887984237107007,0.005003233674947833,0.004791495545293402,0.00493895879405027,18382.212239599077
1780830000,0.00493895879405027,0.004978458415871406,0.004788959546961019,0.004825905486864834,14932.23585866832
1780830900,0.004825905486864834,0.00516267499127692,0.004825905486864834,0.005147122646402148,12356.936142450626
1780831800,0.005147122646402148,0.005256260969431763,0.005110537196206799,0.0051678057277049156,15745.265726306698
1780832700,0.0051678057277049156,0.005201761080298064,0.005075786832182667,0.00513325583270311,7443.487349779914
1780833600,0.00513325583270311,0.0051649505108556015,0.004798396648838062,0.0048616891809547995,15008.478783463544
1780834500,0.0048616891809547995,0.004894736033608275,0.004759785308899851,0.004892689993054203,12214.650011906166
1780835400,0.004892689993054203,0.0048955484217522395,0.004654743411444959,0.00468973727047112,13377.632529844384
1780836300,0.00468973727047112,0.0048287627391000315,0.004358588997266054,0.004702019017735765,23301.817131945856
1780837200,0.004702019017735765,0.005222388838742406,0.004690462854944236,0.005221813548413022,20601.92605368347
1780838100,0.005221813548413022,0.005225542676931919,0.0050319649965989525,0.0051494507135159025,8678.279946564116
1780839000,0.0051494507135159025,0.005662535506139253,0.005074917525051109,0.005525963787077196,41766.190107305454
1780839900,0.005525963787077196,0.005568464966064079,0.0053028500410790555,0.0053595889010759476,12961.88324686211
1780840800,0.0053595889010759476,0.005423483284902857,0.0052733766138540784,0.005385580438473236,10854.771266391761
1780841700,0.005385580438473236,0.005521344208496283,0.005356492453405955,0.005456475443811521,13402.426356066431
1780842600,0.005456475443811521,0.005717321762569093,0.005456475443811521,0.005586668905593342,10571.005288052855
1780843500,0.005586668905593342,0.006214776232716158,0.005586668905593342,0.005864593082664301,68074.87437188704
1780844400,0.005864593082664301,0.006438525398633205,0.005713905210071681,0.00638644029006801,46032.78158422959
1780845300,0.00638644029006801,0.006457150745260588,0.0060210822681537515,0.006120773792500445,28990.641579556086
1780846200,0.006120773792500445,0.006155314863600398,0.005761544409735282,0.005888796656851502,26337.56240953095
1780847100,0.005888796656851502,0.006217473543702978,0.005874817601941694,0.006061040660513468,17324.944125641534
1780848000,0.006061040660513468,0.0060976871179895175,0.005525191370235773,0.005720310874678877,23677.599006936445
1780848900,0.005720310874678877,0.005806574595697707,0.00557112700452061,0.005575355506128825,14165.061808734448
1780849800,0.005575355506128825,0.005674480691295083,0.0055603664660262625,0.005620140172900541,9552.657665957704
1780850700,0.005620140172900541,0.0057821316783998634,0.005599955838566155,0.005704583644546412,6221.218308369286
1780851600,0.005704583644546412,0.005775668794942075,0.005626006350159252,0.0057678833077072535,6383.722941152505
1780852500,0.0057678833077072535,0.005796333552796551,0.0054143205881011704,0.005586475207854703,13975.045904716011
1780853400,0.005586475207854703,0.005640680080678805,0.005482983536573213,0.005531816901480395,10090.38468924471
1780854300,0.005531816901480395,0.005562809039623374,0.0053887403690879195,0.005481907916448288,7992.19660653658
1780855200,0.005481907916448288,0.005519935146112299,0.005224881215172302,0.005285565320597166,18507.726232012854
1780856100,0.005285565320597166,0.005340685550387205,0.005210615639434345,0.005210615639434345,9229.426276401095
1780857000,0.005210615639434345,0.005234243579245747,0.005074408817540312,0.005112546490344943,13612.937917594581
1780857900,0.005112546490344943,0.005317465975844447,0.005101187056288811,0.005258724169665962,10440.140351086637
1780858800,0.005258724169665962,0.005474898399316686,0.005116728717293512,0.005347886756747725,20215.99603841649
1780859700,0.005347886756747725,0.005427512317272635,0.005275035845172356,0.005378716781661127,7903.342174734665
1780860600,0.005378716781661127,0.005424624712934648,0.005258250613519182,0.005284154697817519,7386.977147593218
1780861500,0.005284154697817519,0.00531682319602777,0.0050372134420615024,0.00504060685783329,13134.80711271344
1780862400,0.00504060685783329,0.0051903829527754465,0.0050143817315885355,0.005137582510967474,6456.84357537204
1780863300,0.005137582510967474,0.005312993601710704,0.00509113723760002,0.005275020070919805,8186.564384827525
1780864200,0.005275020070919805,0.0053461724157533195,0.005227631622949101,0.005342319919354359,8635.325260560769
1780865100,0.005342319919354359,0.005505977610196932,0.005312656027497666,0.005395199148805404,8581.103259355315
1780866000,0.005395199148805404,0.0054629387249791155,0.005333739412673743,0.00545322516841494,4442.312209553696
1780866900,0.00545322516841494,0.005509137462088168,0.005417074314425089,0.005443707985187334,5060.275956815933
1780867800,0.005443707985187334,0.005447899885161009,0.005308163746872881,0.005357820841971404,4605.411192840564
1780868700,0.005357820841971404,0.005556870499134302,0.005275400537816895,0.0055181606670210185,6548.357084014205
1780869600,0.0055181606670210185,0.005817336103063536,0.0054470650672039074,0.005817336103063536,12345.53148686257
1780870500,0.005817336103063536,0.0058874237313598955,0.005594110346845188,0.005699359177988317,10212.520535760608
1780871400,0.005699359177988317,0.005813103174883932,0.005315815314632669,0.00541706573448374,17005.153244957106
1780872300,0.00541706573448374,0.005522470792581918,0.005352188879427254,0.0054846119142217195,7369.418773402835
1780873200,0.0054846119142217195,0.005543353036142285,0.005278232067320694,0.005319086815019644,13155.981061553839
1780874100,0.005319086815019644,0.005400059378395896,0.0052142834681016235,0.0052451313484196535,9690.23621753588
1780875000,0.0052451313484196535,0.005299986971754295,0.0049989047304633705,0.005086156604760196,14372.788443683083
1780875900,0.005086156604760196,0.005119774050114157,0.004991105971935681,0.0050954925054129034,10806.03003488612
1780876800,0.0050954925054129034,0.0050954925054129034,0.004843324697340948,0.004970475953559088,14078.106472721774
1780877700,0.004970475953559088,0.005074548215551084,0.004933314258763095,0.005044567603741345,3864.914405908688
1780878600,0.005044567603741345,0.005108892450675387,0.004879121924813433,0.005105683583221204,11866.041898521942
1780879500,0.005105683583221204,0.005185461224584193,0.0049455681750735754,0.004959111709650971,9551.588100062501
1780880400,0.004959111709650971,0.005012556727976496,0.004509586171607666,0.004650525933422435,38581.988980639486
1780881300,0.004650525933422435,0.004945032789635409,0.004643695806190041,0.004882468700447673,13496.601547366443
1780882200,0.004882468700447673,0.004929892943464813,0.0047730992365261566,0.00485950690143329,9226.38345013578
1780883100,0.00485950690143329,0.004870327309913038,0.004525733957146005,0.004703415733050543,34690.81728902106
1780884000,0.004703415733050543,0.004904920090262983,0.004521297059562077,0.004691459949266978,42622.412170092044
1780884900,0.004691459949266978,0.00491422930152928,0.004662225128387972,0.004840469380000301,30323.62424287097
1780885800,0.004840469380000301,0.004976943919898442,0.004840213624161709,0.004965285861915805,21094.64422812828
1780886700,0.004965285861915805,0.005027407096280009,0.004920454891462929,0.005018717062410909,12337.079454039076
1780887600,0.005018717062410909,0.005051672053331681,0.004920526148407095,0.005023531845613532,9273.527267090876
1780888500,0.005023531845613532,0.005024267512602193,0.0048529995248225025,0.004919700677025663,11172.393152139637
1780889400,0.004919700677025663,0.00495107223840771,0.004753866664400228,0.004821685715069633,9648.996451650457
1780890300,0.004821685715069633,0.004835467046537383,0.0045913516025497016,0.004791688274268734,18301.118539654526
1780891200,0.004791688274268734,0.00480984737927519,0.004669869259189056,0.004728596840715555,10416.292213716457
1780892100,0.004728596840715555,0.004831571931858073,0.004649871761302764,0.0048134590818180376,10802.413639812854
1780893000,0.0048134590818180376,0.004862720924904028,0.0047460572606272755,0.004804880568981141,9749.864224646659
1780893900,0.004804880568981141,0.0048103785981748115,0.00468531737996864,0.00472312307539335,7802.027052832049
1780894800,0.00472312307539335,0.004798133584560331,0.0046285339337895715,0.00466805318182353,10976.777661929998
1780895700,0.00466805318182353,0.004761887807468555,0.004618394869791597,0.00465725847154476,9508.887072783964
1780896600,0.00465725847154476,0.004705581847283617,0.004524859793722262,0.00461261446892675,12161.990538741555
1780897500,0.00461261446892675,0.004647727406017391,0.004452964149071553,0.004626483097742836,17583.56754144909
1780898400,0.004626483097742836,0.004708288654568128,0.004566418618147002,0.0046751700306681,13389.875862497875
1780899300,0.0046751700306681,0.004744228713519231,0.004606146767557901,0.0046321959806370164,8962.778016114218
1780900200,0.0046321959806370164,0.00477752309448747,0.0046159799706986995,0.004774757891036598,10419.789911576707
1780901100,0.004774757891036598,0.004821103520781675,0.0047231966825828685,0.004778052885989886,8094.458999182691
1780902000,0.004778052885989886,0.004781475090873121,0.004616043875948724,0.004618066326229539,7883.859079531945
1780902900,0.004618066326229539,0.004688418297002313,0.004550199392412816,0.004579960449950769,14783.75149479071
1780903800,0.004579960449950769,0.004640768439912022,0.004481453332568448,0.004543797005100559,18450.206495044036
1780904700,0.004543797005100559,0.00464323749882809,0.004467470595390836,0.0045285365280980545,17676.78073733276
1780905600,0.0045285365280980545,0.004554185805741007,0.004373981202588053,0.004474265881450987,19534.81106593215
1780906500,0.004474265881450987,0.004479275469918,0.0042277712205040455,0.004317409700249569,27410.374896508143
1780907400,0.004317409700249569,0.004505305953599056,0.004317409700249569,0.004457747765652624,18512.74371655059
1780908300,0.004457747765652624,0.004531580171566686,0.0044384779698793736,0.004475755314312959,12052.002562632668
1780909200,0.004475755314312959,0.00467943930747597,0.0044436218816921585,0.004631671337962235,22670.727145636258
1780910100,0.004631671337962235,0.00468683756606686,0.004482243009715068,0.004547441612291744,18812.321764946544
1780911000,0.004547441612291744,0.0047261818183999904,0.004482586735438584,0.004617417032696076,19423.224790129105
1780911900,0.004617417032696076,0.004768010586025276,0.004531391278450781,0.004698584025215352,23860.675584173125
1780912800,0.004698584025215352,0.004819817284551152,0.004664751208088175,0.004721077196780675,11093.5624463854
1780913700,0.004721077196780675,0.004768193515688989,0.004600796305756148,0.004688439875167051,14036.115925144197
1780914600,0.004688439875167051,0.004723000419240579,0.004608961350183524,0.004611060531141129,8376.211315050154
1780915500,0.004611060531141129,0.004668202095717409,0.004535883380158879,0.004549667950194577,12007.04096731609
1780916400,0.004549667950194577,0.004616789451495739,0.0045296931288252235,0.004601908063416554,7705.573114575769
1780917300,0.004601908063416554,0.004618160811737404,0.0045035071421464954,0.004556931932569168,10148.319085412662
1780918200,0.004556931932569168,0.004617259758432234,0.004504712778296794,0.0045588468884228085,9445.635717331823
1780919100,0.0045588468884228085,0.004566871923251106,0.004416645428621618,0.004457700692707014,9298.346538287431
1780920000,0.004457700692707014,0.004616934439500375,0.004392836965340075,0.004605209428390233,15808.155359433102
1780920900,0.004605209428390233,0.004903020836815142,0.004576749221716419,0.004809107688436157,28262.97469502151
1780921800,0.004809107688436157,0.004973871003043864,0.004751174487134426,0.004860034155287724,32640.53761787618
1780922700,0.004860034155287724,0.0050476449766585964,0.004847936717256804,0.005015751549688469,12523.917046904056
1780923600,0.005015751549688469,0.005047668441682123,0.0048776382303158125,0.004928090837898125,12097.020269093979
1780924500,0.004928090837898125,0.00508995724856998,0.004896776416416555,0.0050841488602861385,8243.25498221385
1780925400,0.0050841488602861385,0.005087008304957219,0.004796605468992804,0.004830526375637093,6556.043854914884
1780926300,0.004830526375637093,0.004982999076366508,0.004759748296020698,0.0049257502084252645,16725.9003583499
1780927200,0.0049257502084252645,0.0049257502084252645,0.0047298197714052415,0.004765812635235208,6298.849771515975
1780928100,0.004765812635235208,0.004790793449121732,0.004542036937331967,0.004578958572107476,18815.359847226322
1780929000,0.004578958572107476,0.004637642468777088,0.004451337366050843,0.004574681423792674,18858.80979219493
1780929900,0.004574681423792674,0.00460750703313908,0.0044548248710750945,0.004510117171408329,15919.477301570003
1780930800,0.004510117171408329,0.00453784380018301,0.0043019918569562,0.004495999091842626,35121.54695956103
1780931700,0.004495999091842626,0.004682865212951052,0.004407134581618641,0.004646932276441168,15625.334934612745
1780932600,0.004646932276441168,0.0047089549099861815,0.004468560225376592,0.004530954376532285,15917.120169781676
1780933500,0.004530954376532285,0.004540246880143489,0.004347693015624011,0.004353723420415038,11957.66594212334
1780934400,0.004353723420415038,0.004682272383009876,0.004348231733358025,0.0044768698561581215,17109.508363866975
1780935300,0.0044768698561581215,0.004501522872986518,0.004360559529148547,0.004421259567468788,13695.724284875174
1780936200,0.004421259567468788,0.004452430034862313,0.0037190798015897947,0.004247551834760619,63124.02260854497
1780937100,0.004247551834760619,0.0046994193959364805,0.0041591108018167915,0.004365116062419091,33055.272265736785
1780938000,0.004365116062419091,0.004562325406195521,0.0043292452599582665,0.004500791356731398,16560.41418795198
1780938900,0.004500791356731398,0.004536965496654424,0.0044253913864045515,0.004459535407080001,4747.518327433248
1780939800,0.004459535407080001,0.0044711753380312315,0.004319586725275261,0.004384306762232046,5920.7120734660875
1780940700,0.004384306762232046,0.004402942725774519,0.004290006876734722,0.004394786560721662,4943.422312027871
1780941600,0.004394786560721662,0.00446047525578175,0.0043472521369390645,0.004459156890418402,5624.678076748875
1780942500,0.004459156890418402,0.004567251764946393,0.004444215967867266,0.0045224105590088185,6729.869610890818
1780943400,0.0045224105590088185,0.004527468937910298,0.004291515298929654,0.004474915293846908,12213.940389438389
1780944300,0.004474915293846908,0.00449951535648476,0.004293745992064339,0.004340056563771534,10983.78191287799
1780945200,0.004340056563771534,0.0043830334920974354,0.004245153084485966,0.0043234052578664485,4651.631684883592
1780946100,0.0043234052578664485,0.004325155929701411,0.004005753014917442,0.004067414409796577,14075.36136563202
1780947000,0.004067414409796577,0.004204951288783381,0.003987770083538567,0.0040736380967171,21541.953223711203
1780947900,0.0040736380967171,0.004122126599686747,0.004042805240500663,0.0040526001123182345,5170.1772147106385
1780948800,0.0040526001123182345,0.004095004715648522,0.0038897450637547927,0.003899345863802662,16090.122610366709
1780949700,0.003899345863802662,0.003935206720601808,0.003732062267793637,0.0037911616423281606,31944.557179451524
1780950600,0.0037911616423281606,0.004147161614749615,0.003779747778105635,0.0041402810985055934,18818.85426313693
1780951500,0.0041402810985055934,0.004289932869300292,0.004042880923707797,0.00419754501886557,20035.852256745384
1780952400,0.00419754501886557,0.004275686322589325,0.004149101556614955,0.00418320283068133,7472.280425915922
1780953300,0.00418320283068133,0.00433589542268029,0.004153955228741861,0.004203268871873199,10034.974832397806
1780954200,0.004203268871873199,0.004295176931928515,0.004173057597723485,0.004253891844457744,6508.749495321087
1780955100,0.004253891844457744,0.004354789359978152,0.004202433882306609,0.004249549825712098,15925.05340240109
1780956000,0.004249549825712098,0.00425372494793396,0.004162381089095931,0.004193868605283763,3804.198065893165
1780956900,0.004193868605283763,0.004231833317760259,0.004100875533675875,0.004101975564106996,5184.386847444817
1780957800,0.004101975564106996,0.004140484271065871,0.003973075015413354,0.0040232973494344505,8317.067094516731
1780958700,0.0040232973494344505,0.0040527672565511185,0.003823185326878693,0.0038554349162980097,18725.601236398208
1780959600,0.0038554349162980097,0.0038847399250020623,0.0037406196387476023,0.0038126414937103485,16227.493532440378
1780960500,0.0038126414937103485,0.0039496243307094725,0.003717686173298634,0.003919511179668598,13552.809335011214
1780961400,0.003919511179668598,0.0039553408895191666,0.0038478205628750457,0.003945770324400706,5211.811029177936
1780962300,0.003945770324400706,0.003985822814827305,0.003803918867317355,0.003969438412802862,14409.49353266148
1780963200,0.003969438412802862,0.003986174667839282,0.0038643729998511338,0.0039267292182954125,6141.960891622569
1780964100,0.0039267292182954125,0.003941458425587148,0.003797892667654018,0.00393268665628127,7862.386992281207
1780965000,0.00393268665628127,0.004144300335005788,0.003906485474167891,0.004103374142339866,27542.000935966425
1780965900,0.004103374142339866,0.004113793880246887,0.0036764597562870664,0.0037485630799466174,34695.12820984477
1780966800,0.0037485630799466174,0.0037982899966675435,0.003685698890863756,0.0037167540288651686,20733.511586491935
1780967700,0.0037167540288651686,0.0037797641695231916,0.0036504927217641914,0.003725812148535307,23480.55534095449
1780968600,0.003725812148535307,0.003759699301963199,0.0036518985094779978,0.00369405941538088,11923.512455423926
1780969500,0.00369405941538088,0.0037822879961395303,0.00369405941538088,0.0037067497035597097,5733.205318273963
1780970400,0.0037067497035597097,0.0038460102436493476,0.0037017525502410866,0.003753691337044556,10485.058982405291
1780971300,0.003753691337044556,0.0038370892738151074,0.003687401120550291,0.003837078512627596,8053.3570340074975
1780972200,0.003837078512627596,0.0038913273132655116,0.0037637029258683263,0.003800183880710034,6425.248993151341
1780973100,0.003800183880710034,0.003806522234273382,0.003718831345800132,0.0037198603348759904,7117.13595338338
1780974000,0.0037198603348759904,0.003752448529024245,0.0035565209431944462,0.003595284819957773,12500.00212236764
1780974900,0.003595284819957773,0.003599109185010882,0.003247501785982764,0.0034690318471502853,53871.7016751181
1780975800,0.0034690318471502853,0.0035034518033080432,0.0033421172722317032,0.0034310788988377227,14831.137441127128
1780976700,0.0034310788988377227,0.003464871586406213,0.0033661181833969443,0.0034332736141887235,14256.368761737009
1780977600,0.0034332736141887235,0.003579455990681421,0.0034000613388821283,0.0035530820969565764,14821.60457633451
1780978500,0.0035530820969565764,0.0036101366020276893,0.0035060147232272194,0.003599476808396868,14557.218728715108
1780979400,0.003599476808396868,0.003705606269769295,0.0035243751886289746,0.0036739986438904864,16117.001218050602
1780980300,0.0036739986438904864,0.003749090266104914,0.0035903483180148165,0.0037158076394382712,16571.468806635618
1780981200,0.0037158076394382712,0.003740285354169641,0.003606288747318143,0.003652799406460164,14004.991498079555
1780982100,0.003652799406460164,0.0037326699719239568,0.0036180920821951177,0.003659413800900976,14145.694574690018
1780983000,0.003659413800900976,0.003705513452090684,0.00354117311197697,0.00354117311197697,14738.928018185152
1780983900,0.00354117311197697,0.003591217085753711,0.003487478224128961,0.003505796495904132,10634.407180220493
1780984800,0.003505796495904132,0.003595596677748602,0.0033826002226962112,0.0034794648157930206,20313.728718517843
1780985700,0.0034794648157930206,0.003527251171499976,0.003439353677198835,0.003501191601169731,12073.45843053559
1780986600,0.003501191601169731,0.0035096681465724305,0.003379493515831921,0.0034441160706734173,10863.131393859509
1780987500,0.0034441160706734173,0.003475165639742018,0.003397882256659857,0.0034460287288585315,3695.3998590289775
1780988400,0.0034460287288585315,0.0034574226787773663,0.00323401634560969,0.0034135508648835697,15935.944068613002
1780989300,0.0034135508648835697,0.003467403088396183,0.003365493768187301,0.003421033426329081,4303.166033816143
1780990200,0.003421033426329081,0.003731353717619065,0.0033961900355384982,0.0037252492999563435,20893.396283202335
1780991100,0.0037252492999563435,0.0038763861680164123,0.003646037067130551,0.0037108942286737043,26998.881529314927
1780992000,0.0037108942286737043,0.0037536037850136265,0.0036495876257387062,0.003735423012049123,7436.065913026301
1780992900,0.003735423012049123,0.0038105106010917797,0.003705065342730452,0.0037346517155632656,5097.041963129706
1780993800,0.0037346517155632656,0.0037566738495858503,0.003592083912268445,0.0036707728273105656,8724.416875445222
1780994700,0.0036707728273105656,0.0037136610862978556,0.0036114075195485184,0.003636377432610298,4661.958114842498
1780995600,0.003636377432610298,0.003722271365230238,0.0034881660438464495,0.0035556729513632154,11033.243440987584
1780996500,0.0035556729513632154,0.0036187789029914997,0.003526321395846296,0.003594467700593443,5188.19775205393
1780997400,0.003594467700593443,0.003890880404052408,0.0035570445900536354,0.0038683487150347135,31688.610261436643
1780998300,0.0038683487150347135,0.004071821895565541,0.0038093866505497834,0.004018598307862533,25810.247427511447
1780999200,0.004018598307862533,0.004018598307862533,0.0037631545698022686,0.003814359262193366,10388.337539246975
1781000100,0.003814359262193366,0.0038645914027487065,0.0037001281450304542,0.0037767573623382514,6132.123855158953
1781001000,0.0037767573623382514,0.003831982317998924,0.0036771057925434857,0.0037060472799775395,6753.660067222735
1781001900,0.0037060472799775395,0.00371478489192217,0.0035965343517137646,0.003651552145653163,7210.201148719378
1781002800,0.003651552145653163,0.0037049475687396067,0.003584500768394717,0.003672467270700364,9852.401752878508
1781003700,0.003672467270700364,0.003750719745679882,0.003632249293893396,0.003750719745679882,7693.9246815891565
1781004600,0.003750719745679882,0.00398256624123715,0.0036924996817525057,0.003974364258941569,15414.539456270853
1781005500,0.003974364258941569,0.004175037523634554,0.00391577041111187,0.003958923486664132,22298.901739143028
1781006400,0.003958923486664132,0.0039909309087356876,0.00378186117478765,0.003816124383621644,7237.02262317356
1781007300,0.003816124383621644,0.004095923568253309,0.003749602006874261,0.004095923568253309,14788.953615815442
1781008200,0.004095923568253309,0.0041292612900404365,0.0038996115779426944,0.003930782875805884,8516.913234660173
1781009100,0.003930782875805884,0.003949262248646891,0.0038232607902364503,0.0038913869481875143,14278.637804386419
1781010000,0.0038913869481875143,0.003901986410485962,0.0035752808436130988,0.0036730193074207837,43978.15273462468
1781010900,0.0036730193074207837,0.0038120346906386697,0.003533765135655118,0.003794077526869941,32782.5322674632
1781011800,0.003794077526869941,0.003832954079426848,0.0036950332008441936,0.00380863457448455,22973.418620057848
1781012700,0.00380863457448455,0.003810037749765534,0.0034564223969580747,0.003589429328240171,21270.25190325276
1781013600,0.003589429328240171,0.003601907395722936,0.00343974644878025,0.0034656835269297804,15894.142184282442
1781014500,0.0034656835269297804,0.0035122463890373797,0.003390402108711212,0.0034586410473055676,14371.933619298834
1781015400,0.0034586410473055676,0.0035714509778410693,0.0034087344373108703,0.0034579984905182097,10481.144125015016
1781016300,0.0034579984905182097,0.003570795339260343,0.003363611615386871,0.0034080921578396595,14631.208225840275
1781017200,0.0034080921578396595,0.0035828982271447285,0.003291378206545231,0.00357869607848312,26414.88212962444
1781018100,0.00357869607848312,0.0036360547787076857,0.0035086156916426968,0.0035159313022744064,21292.161886027126
1781019000,0.0035159313022744064,0.003599146975902816,0.0034014571842832745,0.003409649113343616,17320.13467433116
1781019900,0.003409649113343616,0.003505811151039547,0.0034091281404616406,0.0034664945970603782,10320.024620898961
1781020800,0.0034664945970603782,0.0034672905404780022,0.0032140684070824004,0.003252551104584078,24336.201449376404
1781021700,0.003252551104584078,0.0032804329933329205,0.0030717958661103037,0.0031855879177486307,33207.40046461636
1781022600,0.0031855879177486307,0.003327683952064447,0.0030960983355723588,0.003292791444858625,21975.848218193612
1781023500,0.003292791444858625,0.003382208780131166,0.0032182937897845885,0.003347640931065655,11550.35346347111
1781024400,0.003347640931065655,0.0034462765913112806,0.003278309157129488,0.0034214780695951312,12897.994809773623
1781025300,0.0034214780695951312,0.0034945743944261947,0.0033609077484982614,0.0034275254953040103,12291.004558197523
1781026200,0.0034275254953040103,0.0034954915003313843,0.0033314056600861407,0.00333866426234205,9976.205956369875
1781027100,0.00333866426234205,0.0034103389365712188,0.0031665290485566513,0.0032042460327695046,12444.221736582827
1781028000,0.0032042460327695046,0.003307851790423863,0.003173258678101514,0.003267143180797949,9179.764725570754
1781028900,0.003267143180797949,0.0032704427268676547,0.0031330479422664193,0.0032068328099146793,11859.807926587288
1781029800,0.0032068328099146793,0.003276302794551368,0.003182762226095351,0.0032287631735348245,5905.648179361291
1781030700,0.0032287631735348245,0.0032635117474762577,0.003183925926933555,0.0032630743505054935,6071.820499582494
1781031600,0.0032630743505054935,0.003276418444723089,0.003107539411137293,0.0031139908506755023,7644.503741804801
1781032500,0.0031139908506755023,0.003185487190946772,0.003005915060871425,0.0030555683129757463,9146.05471000418
1781033400,0.0030555683129757463,0.0030958606357895683,0.0029438138500059246,0.002972084974020191,16673.730238850756
1781034300,0.002972084974020191,0.0032655850401482342,0.002957798257506721,0.003177101572646074,24290.20972542217
1781035200,0.003177101572646074,0.0032659346822191127,0.0031413247452713503,0.0031936163154379273,7779.531285702675
1781036100,0.0031936163154379273,0.0032033341331086027,0.003078441712983338,0.0031101111615319927,5226.2302487694315
1781037000,0.0031101111615319927,0.003232032148933543,0.0031101111615319927,0.0032162597507058486,6439.353838658527
1781037900,0.0032162597507058486,0.0032295092107045534,0.0031327935226023074,0.0032274184233207427,6372.602656651583
1781038800,0.0032274184233207427,0.0033050301880624753,0.00317121582364681,0.0032718025148471743,6628.471961528447
1781039700,0.0032718025148471743,0.0033792565175949393,0.0032149945767990444,0.0032186425799803344,6809.358435537436
1781040600,0.0032186425799803344,0.0032459664520720095,0.0031876596566356927,0.003223572201383449,2846.30010314621
1781041500,0.003223572201383449,0.0032254154341077534,0.0030543116837449687,0.003124021094188359,7806.0015831876135
1781042400,0.003124021094188359,0.003126473183249638,0.00304264929712849,0.003099659735526388,6728.554661825536
1781043300,0.003099659735526388,0.003188434569746359,0.0030451375987863203,0.0031514054300264918,8978.600618403945
1781044200,0.0031514054300264918,0.003160807100055606,0.0030273056236906756,0.003089210911980669,7762.504936636278
1781045100,0.003089210911980669,0.0031051227007589345,0.0030068299780940735,0.003032959510517913,3258.561295911086
1781046000,0.003032959510517913,0.003065083115781615,0.0029955502063623352,0.003053330868272324,3577.2789721949744
1781046900,0.003053330868272324,0.0031414332234600286,0.00302582853248194,0.0031160084702395053,5679.744955517829
1781047800,0.0031160084702395053,0.0031160084702395053,0.003061028643474748,0.0030635358568028054,1357.7865653874237
1781048700,0.0030635358568028054,0.0031955913133511664,0.0030635358568028054,0.0031955913133511664,2894.107879668235
1781049600,0.0031955913133511664,0.00323622460591252,0.003169726400179223,0.003209984149954715,4146.059267196726
1781050500,0.003209984149954715,0.0032452416332369983,0.003146669833302613,0.003244990968705897,2998.66248232471
1781051400,0.003244990968705897,0.0032481467825052567,0.003182169699431589,0.0032247119294035193,1707.3821941336005
1781052300,0.0032247119294035193,0.0032344238028668777,0.0031574831763028334,0.0032116086447185857,4801.155894380548
1781053200,0.0032116086447185857,0.003236998007115135,0.003142151679500072,0.003163087366129642,2000.5990098665598
1781054100,0.003163087366129642,0.0032257938353895035,0.003163087366129642,0.0032027814886597633,2108.82325411666
1781055000,0.0032027814886597633,0.003215789228959931,0.003132403369686266,0.003132403369686266,4152.29610359679
1781055900,0.003132403369686266,0.003173245042113656,0.0031209264126611817,0.0031565641522604167,2791.7648102534126
1781056800,0.0031565641522604167,0.003157694521387446,0.0030551185706826313,0.003063729292570768,3231.5631840429496
1781057700,0.003063729292570768,0.0030744919744733292,0.0029875373048282197,0.003012877724035606,5437.843741233034
1781058600,0.003012877724035606,0.0030639997669356894,0.002959176726780511,0.0029995449972122726,7399.215119202948
1781059500,0.0029995449972122726,0.0030061422476168028,0.0028129877245515558,0.0028647331477206638,17702.859831375772
1781060400,0.0028647331477206638,0.002911909264579676,0.0027353809129752197,0.002810062492689539,15533.861365162265
1781061300,0.002810062492689539,0.002906082991182644,0.002777272875569147,0.002826749382612593,5517.415575119007
1781062200,0.002826749382612593,0.002904168000203557,0.002826749382612593,0.002904168000203557,3048.6508746512045
1781063100,0.002904168000203557,0.002932336286977943,0.0028459492516131617,0.002866281826460999,4310.1460352346085
1781064000,0.002866281826460999,0.0029108164646214586,0.002781481627005326,0.002809896732568695,7893.584479801237
1781064900,0.002809896732568695,0.0028396437977801273,0.002773986706053952,0.0027984714579715924,2846.233696047166
1781065800,0.0027984714579715924,0.0030241229304175748,0.0027958675191606715,0.0030096353978302437,10904.462313401731
1781066700,0.0030096353978302437,0.003016328910607728,0.0029640094423451354,0.0029938391012701844,2177.1564132598737
1781067600,0.0029938391012701844,0.0030215754972511004,0.0029580849238954646,0.002979912278460953,2874.6577018005005
1781068500,0.002979912278460953,0.003054406888469883,0.0029245011511987115,0.003032667466988886,4307.240252097134
1781069400,0.003032667466988886,0.003085701035525108,0.0029692243074432023,0.0029989147608087572,4405.846814870085
1781070300,0.0029989147608087572,0.003777267368183941,0.0029989147608087572,0.0037525343262049555,71415.67124496384
1781071200,0.0037525343262049555,0.003826890502076531,0.0034820766535042535,0.003563967522523447,21972.721692721334
1781072100,0.003563967522523447,0.0037193947341392333,0.0034788921183847702,0.0036894442412609796,13549.841137004663
1781073000,0.0036894442412609796,0.0037014383695935164,0.0034571971239360398,0.003467712116787823,10641.555993158114
1781073900,0.003467712116787823,0.003472947940216216,0.0032792508552563137,0.0033327225220954565,8096.6229692973975
1781074800,0.0033327225220954565,0.003382350793642223,0.003291145013798538,0.00335130645181598,6718.193056522016
1781075700,0.00335130645181598,0.00339224737435628,0.003284233025087074,0.0033789245902866114,6651.880933485174
1781076600,0.0033789245902866114,0.0034948955873248715,0.003294288779526392,0.0034948955873248715,7993.678560595319
1781077500,0.0034948955873248715,0.003613770812839974,0.003469596607332962,0.003613770812839974,5728.991118871912
1781078400,0.003613770812839974,0.004360142949485531,0.0035835363347573573,0.003987124326182856,79211.64530425202
1781079300,0.003987124326182856,0.004096910341311468,0.0039070275428883345,0.004007453272454121,21902.747743650034
1781080200,0.004007453272454121,0.004029925252875646,0.003717705701895354,0.003837668133851272,27086.460903402527
1781081100,0.003837668133851272,0.00414116954629618,0.003829910877784523,0.0040765853427564116,18246.544790493663
1781082000,0.0040765853427564116,0.004496974501683148,0.004051246324951261,0.004268962637409833,50649.416558719684
1781082900,0.004268962637409833,0.004445930286326276,0.004046382934891187,0.0041032848543301435,30113.721565164968
1781083800,0.0041032848543301435,0.0044651791676750445,0.0038492048482046894,0.0041694160961402455,33670.65025228747
1781084700,0.0041694160961402455,0.004236572219242271,0.0039637126794324845,0.0039637126794324845,19208.96256360356
1781085600,0.0039637126794324845,0.0040278529104690415,0.0039060085612503464,0.003970958540255048,10499.248290612393
1781086500,0.003970958540255048,0.004019371517389892,0.0037522876898091113,0.003858171144083635,17068.414108465073
1781087400,0.003858171144083635,0.0039177027861837434,0.003603864334118788,0.0037897585868794273,19633.33332371237
1781088300,0.0037897585868794273,0.0038145765200091027,0.003711823440192268,0.0037518470734953483,10042.941212600523
1781089200,0.0037518470734953483,0.004071141096452053,0.0036729135015595876,0.004007444410331906,21324.097761824087
1781090100,0.004007444410331906,0.004020265212408,0.0038166323913007834,0.003928444649960863,12524.067505653147
1781091000,0.003928444649960863,0.0039611217488163784,0.00373208375007621,0.0037702259930768095,9352.58284401071
1781091900,0.0037702259930768095,0.0037702259930768095,0.003596759674739603,0.0036039907628867534,10127.84905241466
1781092800,0.0036039907628867534,0.003723476659373687,0.0035418937179357507,0.0037169768476117454,8327.719514330101
1781093700,0.0037169768476117454,0.003885495411216767,0.0037169768476117454,0.0038755811013365623,6256.29949564215
1781094600,0.0038755811013365623,0.003936243522308177,0.0036692927770211907,0.0036811526376721733,11121.945461167654
1781095500,0.0036811526376721733,0.0037097085086058544,0.00352888936053636,0.0036177966474185857,23576.449174651414
1781096400,0.0036177966474185857,0.003701473468116227,0.003615333631500423,0.0036934384525391575,3460.514672662078
1781097300,0.0036934384525391575,0.003695833681045657,0.003436145005974123,0.003493175858392391,15300.447851266938
1781098200,0.003493175858392391,0.0036293925085871693,0.0034759486268130303,0.0035135698592111244,7153.376594829
1781099100,0.0035135698592111244,0.003771316950021621,0.0035135698592111244,0.003771316950021621,10630.96852271463
1781100000,0.003771316950021621,0.003771316950021621,0.0036210628943384535,0.0036392053067866143,7170.10591549088
1781100900,0.0036392053067866143,0.003694071517427925,0.0035919362617541964,0.003621656280349914,7256.425067809226
1781101800,0.003621656280349914,0.0036952894761296306,0.003586823213360256,0.0036694591704435862,5422.132469732714
1781102700,0.0036694591704435862,0.0036694591704435862,0.003474290262886324,0.0034959858075256827,10215.699570702754
1781103600,0.0034959858075256827,0.003496860735148133,0.0030300177887739002,0.0032338246859097224,63492.09090448652
1781104500,0.0032338246859097224,0.003354023513887346,0.003180519411956323,0.003339784354858937,8337.3848385449
1781105400,0.003339784354858937,0.0033584052481353513,0.0032512188244556957,0.0033469710718627547,9301.621821067756
1781106300,0.0033469710718627547,0.0033623252830563438,0.0032637606892850406,0.003291638102660521,6767.498170028991
1781107200,0.003291638102660521,0.0033191042934096076,0.003205800711605992,0.0032453420997882103,9539.799756634795
1781108100,0.0032453420997882103,0.003331888485793942,0.0032123296772543176,0.003297692069291099,12652.590853782223
1781109000,0.003297692069291099,0.00342226302742381,0.003297692069291099,0.003392652073417278,4858.386554083565
1781109900,0.003392652073417278,0.0034097349478995715,0.003258440190246326,0.0032703422923572685,6383.1187196001165
1781110800,0.0032703422923572685,0.0033779526227751206,0.0032703422923572685,0.0033558093764549947,4852.505931130672
1781111700,0.0033558093764549947,0.0033835067428697927,0.003290594217435172,0.0033488356587493325,5914.447170299566
1781112600,0.0033488356587493325,0.0033488356587493325,0.0032018500776988435,0.003257633874371759,6018.859589225648
1781113500,0.003257633874371759,0.0033660407676454904,0.0031980556208827666,0.0033375982936902815,6374.134736487573
1781114400,0.0033375982936902815,0.00343758592538288,0.0033164969823973552,0.0033506958347640503,10027.263589452627
1781115300,0.0033506958347640503,0.003453941137174642,0.0033252357438108555,0.0033806429862381234,8606.672413604134
1781116200,0.0033806429862381234,0.0035378355029282538,0.0033806429862381234,0.003488742956098143,7617.758556416691
1781117100,0.003488742956098143,0.0035063659644628863,0.003356845299572648,0.003420458385762898,8066.9025130141235
1781118000,0.003420458385762898,0.003527380269150704,0.0034025862439768097,0.003480606186348573,6568.271172122279
1781118900,0.003480606186348573,0.0034820579203746916,0.0033959306800352288,0.0033966756073599454,1456.5147956373592
1781119800,0.0033966756073599454,0.003477251236914666,0.003294880907656714,0.003360990017903664,6696.6470715868
1781120700,0.003360990017903664,0.003360990017903664,0.0030368492013691834,0.003190921486066964,36274.352578482256
1781121600,0.003190921486066964,0.003235680914450743,0.0028497755217554103,0.0029046880808117205,29544.53559037427
1781122500,0.0029046880808117205,0.002991817239632592,0.0028215154234959468,0.002951219161105319,23593.290681772844
1781123400,0.002951219161105319,0.0032169215882957972,0.0029282010086446055,0.0031757279887052823,21015.56954234202
1781124300,0.0031757279887052823,0.003191132451426333,0.00308058887865135,0.0031509280050752778,13805.340836732572
1781125200,0.0031509280050752778,0.0031509280050752778,0.0029443133558139573,0.0030360118688633206,13148.56659902134
1781126100,0.0030360118688633206,0.0031123917662525392,0.0030126324095263103,0.0031049853271561457,12298.257233381211
1781127000,0.0031049853271561457,0.0031604469672668225,0.0030641811429206437,0.003119322966486828,11330.347355009528
1781127900,0.003119322966486828,0.003180533283075441,0.00308058352047957,0.0031298122054472096,12055.573057624413
1781128800,0.0031298122054472096,0.003168893754451946,0.003090356967001539,0.003152751828039823,7439.037691097458
1781129700,0.003152751828039823,0.0032080704541747832,0.0030700823531367516,0.003124173641466366,13248.597235349363
1781130600,0.003124173641466366,0.0032219402244917207,0.0030783241297737953,0.0031514012798835502,11815.25279764016
1781131500,0.0031514012798835502,0.0031720764469704015,0.003091220507822245,0.0031260000524889163,9109.916122212242
1781132400,0.0031260000524889163,0.0031441162344662647,0.003096574154117358,0.0031178466987173644,6176.108879918729
1781133300,0.0031178466987173644,0.0031647125096289953,0.003092145373006104,0.0031391040544752873,5531.586104901916
1781134200,0.0031391040544752873,0.003183601159898354,0.0030771589346252916,0.0031444855581504436,6995.784408926385
1781135100,0.0031444855581504436,0.0031827663151981493,0.003093831032528271,0.003149523776392792,5314.275063987869
1781136000,0.003149523776392792,0.003166651242166928,0.003081862147332512,0.0031101693000683732,6193.329689161847
1781136900,0.0031101693000683732,0.003143445112779652,0.0029746606958083004,0.003021984061716494,6401.526575599831
1781137800,0.003021984061716494,0.0030636092383460162,0.002964796757244911,0.0030406988850958895,4351.707610437228
1781138700,0.0030406988850958895,0.003188350560287573,0.0030395215819241403,0.003181742796937426,8593.473412845457
1781139600,0.003181742796937426,0.003281360137842531,0.0031340512610116673,0.0031880715017661493,8784.256475979788
1781140500,0.0031880715017661493,0.0032462976098966492,0.0031468459685999035,0.003208102576468812,13408.156892793499
1781141400,0.003208102576468812,0.003252710679417466,0.0031240998862203505,0.003167509125238275,23441.83934815739
1781142300,0.003167509125238275,0.0034628973002257587,0.003114870565145696,0.0034070803685747587,30316.31199208842
1781143200,0.0034070803685747587,0.0037193180855421212,0.0033573922396731614,0.0035238461821795576,45515.417714077696
1781144100,0.0035238461821795576,0.0036593495380064216,0.003476722974812752,0.0035728739244525044,26893.0354109092
1781145000,0.0035728739244525044,0.003644785780117549,0.003500113063950037,0.0036220786367236967,23636.805115892377
1781145900,0.0036220786367236967,0.0037558560476873308,0.003490946864534176,0.0035068766771971394,38105.766307130776
1781146800,0.0035068766771971394,0.0035560283420117906,0.0033466545630025588,0.0033841616165717547,32848.7749936525
1781147700,0.0033841616165717547,0.00353250313430603,0.0033218376462027847,0.0035185704140798303,27769.01098655143
1781148600,0.0035185704140798303,0.0035643988015458903,0.003445834064892276,0.003480476071714942,16948.365839886766
1781149500,0.003480476071714942,0.003497766798954573,0.0033528788464719955,0.0033669527245164437,9628.397133378456
1781150400,0.0033669527245164437,0.0034224082230658653,0.0033047209655801884,0.0033317467486956793,9691.559161791685
1781151300,0.0033317467486956793,0.003351300538227863,0.0031511607571853614,0.0033313553067795916,15021.296178598932
1781152200,0.0033313553067795916,0.003424435244189944,0.0033007346749512477,0.0033882664489350714,9738.906847163496
1781153100,0.0033882664489350714,0.003464095935401224,0.0033833062442454767,0.0034337655462057773,4363.298957616798
1781154000,0.0034337655462057773,0.003435125901006105,0.0033020388233591475,0.00334004614639166,8170.856823661802
1781154900,0.00334004614639166,0.0033746441946342813,0.0033115959395425302,0.0033561607759223,2551.1017117877336
1781155800,0.0033561607759223,0.0035914535780541173,0.0033236269581204815,0.0035873693427555956,8857.810349775646
1781156700,0.0035873693427555956,0.0036950013371791573,0.003488098011146669,0.003518834864292391,8185.612201499927
1781157600,0.003518834864292391,0.003549990098798721,0.0034051427332392804,0.0034320564382786965,6731.5608315133195
1781158500,0.0034320564382786965,0.0034369845721113046,0.0032676916118311466,0.0033178691791476995,7898.196406957838
1781159400,0.0033178691791476995,0.0033711026906602455,0.003262486174194704,0.0033346142747321464,6264.838862132387
1781160300,0.0033346142747321464,0.0033444697113601176,0.003252949166234957,0.0032868302616215566,4118.807359005601
1781161200,0.0032868302616215566,0.003386366229380985,0.00326796451231736,0.003382262026185938,4796.937113474179
1781162100,0.003382262026185938,0.0034738544405532963,0.0033569382786618365,0.003422718751618626,7310.517452550292
1781163000,0.003422718751618626,0.0034232316381342517,0.0032858938074151424,0.0033257015125948337,5811.1227931742305
1781163900,0.0033257015125948337,0.0033858151556417,0.0032305732356159695,0.003286992351208386,11953.937270831064
1781164800,0.003286992351208386,0.003417849422718857,0.0032693079272808068,0.003322621770079856,10702.17971395476
1781165700,0.003322621770079856,0.0034684412070979573,0.003224986495552812,0.0033881160501945755,9630.027264027909
1781166600,0.0033881160501945755,0.0034597454297019,0.0032964900634949545,0.0033231101147867645,4848.242399874179
1781167500,0.0033231101147867645,0.0034146204936863233,0.0032977634219835445,0.0034035822776478006,3367.639514383375
1781168400,0.0034035822776478006,0.003425181967332071,0.0033133360173715396,0.003323218458247445,6424.689753670972
1781169300,0.003323218458247445,0.0033843566356173615,0.003307296246132534,0.003354444202729418,2323.464433237671
1781170200,0.003354444202729418,0.0033952408640334254,0.00332039992771538,0.003341060844812574,4708.536634651166
1781171100,0.003341060844812574,0.003419703177680628,0.0033250043573493926,0.0033514520231351613,3740.2072749301424
1781172000,0.0033514520231351613,0.003436083330936694,0.0033258729717295103,0.003404984346490114,6394.853374024212
1781172900,0.003404984346490114,0.0034288040232674263,0.003350772844771987,0.0033700313175584933,3307.685681927196
1781173800,0.0033700313175584933,0.0034247124292767625,0.0033179903331337795,0.003354902630660615,4144.115967661125
1781174700,0.003354902630660615,0.003359099107720634,0.003263018214628671,0.0032992876449867113,2129.2681303154836
1781175600,0.0032992876449867113,0.0033321233722186437,0.0032657367378630753,0.0033277587913543892,1859.8656554818215
1781176500,0.0033277587913543892,0.0033305676350735723,0.0031437145364220966,0.0032420665843408427,8250.028696731195
1781177400,0.0032420665843408427,0.0032788299072702737,0.0030962170908513872,0.0031792249876551565,16028.080023089957
1781178300,0.0031792249876551565,0.003583247024479778,0.0031792249876551565,0.0035790049509380017,23795.88923895471
1781179200,0.0035790049509380017,0.003679053652209354,0.00346746603439112,0.0035673363445214495,13996.679168069055
1781180100,0.0035673363445214495,0.0035693361960474146,0.003398194859792077,0.003451319309489772,8763.49654981147
1781181000,0.003451319309489772,0.0034983446465919497,0.0034117143887251416,0.003482147811840623,7557.340005699764
1781181900,0.003482147811840623,0.003485306238533393,0.0033579237306513524,0.003386499895854086,7850.656143017311
1781182800,0.003386499895854086,0.003393671214993611,0.003303311449415997,0.0033569388093713528,7432.937849571796
1781183700,0.0033569388093713528,0.003398454496952471,0.003306120642172726,0.0033891922115573004,7568.922748588957
1781184600,0.0033891922115573004,0.003568626021746908,0.003354429057894832,0.003568626021746908,13468.522759238564
1781185500,0.003568626021746908,0.0037388707323497685,0.0035306800259180078,0.003667462947789281,27938.522619230447
1781186400,0.003667462947789281,0.0038948428540823356,0.003596185930164094,0.003716238230303984,29754.78206641919
1781187300,0.003716238230303984,0.0037179700480418666,0.003483150098454414,0.00354099017838826,19212.132089748757
1781188200,0.00354099017838826,0.0035836825148634604,0.0034520679549327957,0.0034979005733577796,10576.361994710425
1781189100,0.0034979005733577796,0.0035527602756443965,0.0034261929840736258,0.003504358766350769,11716.289318343903
1781190000,0.003504358766350769,0.004050187188465948,0.0034517402555412544,0.003901979862609755,13649.396468619667
1781190900,0.003901979862609755,0.003943788201927073,0.003721123244311777,0.0038760489551411385,28433.77813767231
1781191800,0.0038760489551411385,0.003936755088976771,0.0037404952836903814,0.003762070031825123,21245.23211058652
1781192700,0.003762070031825123,0.003893788410537279,0.003739034765844299,0.0038294528408735823,22389.095678331552
1781193600,0.0038294528408735823,0.004172651861488625,0.003773659760470133,0.004045170727673196,42076.60126946255
1781194500,0.004045170727673196,0.0044458820261561675,0.003914109539549688,0.004388198544838601,49416.71727209807
1781195400,0.004388198544838601,0.004410760806896101,0.004128082109674874,0.0043016685975240275,31380.74494479798
1781196300,0.0043016685975240275,0.004303688364278634,0.0039804844709544355,0.004003842031469168,15303.191445081464
1781197200,0.004003842031469168,0.004237846194274916,0.003935499439018424,0.0041571146248286905,9860.885320019252
1781198100,0.0041571146248286905,0.004232613978724494,0.003987714539599793,0.004232613978724494,9541.709190116992
1781199000,0.004232613978724494,0.004263947546318026,0.004019210565494884,0.004027040380160346,7552.066973349667
1781199900,0.004027040380160346,0.004150696737860271,0.004004151084085302,0.00406020638069667,5495.576383012028
1781200800,0.00406020638069667,0.0040946855506049165,0.0036821573943211397,0.003801954577756073,16086.137156218572
1781201700,0.003801954577756073,0.0038651427149251853,0.0036985543472719197,0.0038612594273640605,14210.660044231881
1781202600,0.0038612594273640605,0.0038809366000091368,0.0036702720513077016,0.003715894450437525,11104.765619492566
1781203500,0.003715894450437525,0.003763146468531032,0.003657246244251886,0.0037079453378762676,9533.258577695422
1781204400,0.0037079453378762676,0.0037498839179010653,0.0036181847321820775,0.003678183652021871,11422.166699017085
1781205300,0.003678183652021871,0.003978540700007379,0.00362378503885727,0.003969185721490623,16124.076373221002
1781206200,0.003969185721490623,0.004311422581803244,0.003939328784279386,0.004271365934465512,33466.65578801344
1781207100,0.004271365934465512,0.004371832264251296,0.004197388284970593,0.004311166972982061,18938.60412411295
1781208000,0.004311166972982061,0.004314338747412934,0.004100454634119543,0.004131465335376146,13031.7371411531
1781208900,0.004131465335376146,0.004154488215965193,0.003788557726036003,0.003872689807610986,27561.064418847174
1781209800,0.003872689807610986,0.004089620188683081,0.003821809972744232,0.004002239283345399,19070.345681120572
1781210700,0.004002239283345399,0.004032154267833933,0.003836412088527579,0.003884174424957551,14353.013463327143
1781211600,0.003884174424957551,0.0039491707372553975,0.003817038387703857,0.003947145584877409,8728.855902379713
1781212500,0.003947145584877409,0.003986326936776331,0.003921394387048166,0.003954642964162369,5610.030617160424
1781213400,0.003954642964162369,0.003999959458461363,0.003877965645193726,0.0038807795228487365,6077.749853331931
1781214300,0.0038807795228487365,0.003950447959081769,0.003855355512517612,0.003918492119396061,3422.6469762322517
1781215200,0.003918492119396061,0.003959611134187114,0.003865534540679427,0.0038917037686168033,3158.911734700418
1781216100,0.0038917037686168033,0.0039029451766748016,0.0038179982872255797,0.0038573390545305836,2482.0788718628846
1781217000,0.0038573390545305836,0.003933007210319372,0.0038252139272052297,0.003933007210319372,2066.5089567586033
1781217900,0.003933007210319372,0.004022956465834096,0.003863760221714435,0.003950437142076326,5625.999643432216
1781218800,0.003950437142076326,0.0039554305807861885,0.003843048988316313,0.003843048988316313,6390.815465511164
1781219700,0.003843048988316313,0.0038896703278946424,0.003814331802958475,0.003855306483413315,6207.201571383022
1781220600,0.003855306483413315,0.0038665592214745153,0.003523485824441442,0.0036030692790846,21691.458305581225
1781221500,0.0036030692790846,0.003670030662206924,0.0035025493407655054,0.003648687448467598,10990.35774713096
1781222400,0.003648687448467598,0.0037043354859308177,0.003580551266992319,0.003607567121039504,9034.430083816409
1781223300,0.003607567121039504,0.003619618565587449,0.0035248073627184105,0.0035692183855004864,8113.563881905232
1781224200,0.0035692183855004864,0.0035762572690832173,0.003519121727022954,0.0035271076697742094,6795.339429099362
1781225100,0.0035271076697742094,0.0035696611407872963,0.003476101087628082,0.003563718746779413,7059.432333406215
1781226000,0.003563718746779413,0.0036972385941405287,0.0035195931324726462,0.003658485984099973,8771.099604978452
1781226900,0.003658485984099973,0.0036856361209014494,0.003578605519749298,0.0036098322676316255,6519.987305086233
1781227800,0.0036098322676316255,0.003665389217413567,0.003524604637170796,0.0035646058675295514,8290.013392117675
1781228700,0.0035646058675295514,0.0038208577270498678,0.0035312888498175354,0.0038195842363738237,14516.835931151225
1781229600,0.0038195842363738237,0.003897021055192885,0.0037789971138347113,0.003808917715204155,6147.699611426949
1781230500,0.003808917715204155,0.0038120942295480544,0.003732919901082387,0.003799223286124634,1485.4209452085913
1781231400,0.003799223286124634,0.003965428010494047,0.0036954046039694237,0.003962565810380221,8594.196277653095
1781232300,0.003962565810380221,0.004011735619829558,0.0036034037127990934,0.003713485093300557,15479.212799024046
1781233200,0.003713485093300557,0.0037465174199753618,0.003663796595473288,0.003726529064006328,3574.874177061993
1781234100,0.003726529064006328,0.0037945852308842423,0.0036867810699018713,0.0037589439989681927,2528.505306187187
1781235000,0.0037589439989681927,0.0037957343060170306,0.003731545467605367,0.003764489829222999,3158.14365652609
1781235900,0.003764489829222999,0.0038326105404839304,0.0037325065766170614,0.0038170079967636307,3216.4000386149323
1781236800,0.0038170079967636307,0.003822353758122965,0.0037261440790452914,0.0037568633627278925,2017.6618438077767
1781237700,0.0037568633627278925,0.003836860200111359,0.0037299536216335314,0.0038241421135160355,5686.310895261603
1781238600,0.0038241421135160355,0.003856678078959384,0.003692682077531255,0.003729415488314881,5123.113246091058
1781239500,0.003729415488314881,0.0037343934929720568,0.003658789214648663,0.003686179208560664,1921.2014365740097
1781240400,0.003686179208560664,0.0036878692088670078,0.0035874511898430278,0.0036392130555256237,4006.170352995321
1781241300,0.0036392130555256237,0.0036980665032805703,0.00357667958538557,0.0036586987687278008,5393.514032713188
1781242200,0.0036586987687278008,0.003712399063575916,0.003628673109880171,0.0036837470695131507,4068.1919497423437
1781243100,0.0036837470695131507,0.0037132061567142953,0.003602881065978172,0.003602881065978172,3073.277755031524
1781244000,0.003602881065978172,0.003639679084794398,0.003572824078607626,0.003592254573687364,2476.8875886301475
1781244900,0.003592254573687364,0.003693581851378678,0.003550905431139508,0.0036445797439245502,7308.834994019785
1781245800,0.0036445797439245502,0.003702433055306837,0.003506283302062617,0.003537074386919636,7226.749092644944
1781246700,0.003537074386919636,0.0036222564221317145,0.0035081706608560016,0.0035992955482612664,4563.543700953316
1781247600,0.0035992955482612664,0.003614189393066078,0.003501061155953581,0.0035270748385522444,3597.8403813098425
1781248500,0.0035270748385522444,0.0035604986738149444,0.003493890096036533,0.00355305857174695,3645.7523526388327
1781249400,0.00355305857174695,0.003652009353628653,0.0035265422637664485,0.0035922502542674456,4202.205837751984
1781250300,0.0035922502542674456,0.003733969210430577,0.003591670398479522,0.003705090242499432,7754.515213055045
1781251200,0.003705090242499432,0.0038102068342360817,0.003702678747467442,0.003761161301502718,5465.042100138747
1781252100,0.003761161301502718,0.003782272667244613,0.0036439245450414605,0.0036745799831920246,5810.595795836733
1781253000,0.0036745799831920246,0.003756150247109915,0.0036467371062375202,0.0036937171611056943,4212.111216387652
1781253900,0.0036937171611056943,0.003798473012814938,0.0036663945641434046,0.0037940385654217077,4459.389992564355
1781254800,0.0037940385654217077,0.0038688033860402858,0.00371203597366803,0.0038185400857199195,7992.462098614785
1781255700,0.0038185400857199195,0.00387923184905568,0.003774116625498676,0.0038730701278353384,4571.844787955833
1781256600,0.0038730701278353384,0.003902763693861877,0.003787532079675772,0.0038996184570897793,4331.131566457974
1781257500,0.0038996184570897793,0.003907881219109735,0.0037603932320779444,0.003816263833778498,5108.5741424134985
1781258400,0.003816263833778498,0.003816263833778498,0.003643726589277675,0.0036926957463113857,10130.249961108777
1781259300,0.0036926957463113857,0.0036988911831277948,0.003569533508708476,0.0035988450214463562,10308.528954494708
1781260200,0.0035988450214463562,0.0036837968503301024,0.003572087890066787,0.003654435284440056,8323.9956973755
1781261100,0.003654435284440056,0.0037233056227045855,0.0036507543509421117,0.0037202421448190312,6585.806581363544
1781262000,0.0037202421448190312,0.003804303579785426,0.0036905644691423885,0.0037682088966053714,8529.767261373112
1781262900,0.0037682088966053714,0.003857505861351962,0.003733983850613473,0.0038388634619213173,10850.814553645205
1781263800,0.0038388634619213173,0.004108437961235717,0.0038091339648866807,0.004074420998660695,17853.721327492585
1781264700,0.004074420998660695,0.004370361476434872,0.003978035580596212,0.004081861838464541,39129.0818687112
1781265600,0.004081861838464541,0.004147166307672169,0.003936932570264598,0.00396915882457294,15426.514375077639
1781266500,0.00396915882457294,0.0040751721757101575,0.003933202256696226,0.004072189518896859,8795.115376711234
1781267400,0.004072189518896859,0.004132360836004115,0.0039054719892383243,0.0039166552721143395,15498.194437379057
1781268300,0.0039166552721143395,0.0039403555132470165,0.003807793346706521,0.003932203303590768,12633.911887608223
1781269200,0.003932203303590768,0.00445521620002271,0.0038984004405262286,0.004113244177065124,31370.582052224956
1781270100,0.004113244177065124,0.004141133256735301,0.004058928400810016,0.004137528441259724,4231.36274500689
1781271000,0.004137528441259724,0.004328603884389199,0.0040772036132899,0.004249787192924364,12749.753609979018
1781271900,0.004249787192924364,0.004397160935769955,0.00418886145115372,0.004360297992614932,12435.095219151004
1781272800,0.004360297992614932,0.004490917308555814,0.004311240157995767,0.004413973515731059,14897.76991982846
1781273700,0.004413973515731059,0.005413558141182584,0.004373073249164528,0.005052669331343083,94214.71548198405
1781274600,0.005052669331343083,0.005143564336745826,0.004582083177413777,0.004620885062079177,60478.507646900034
1781275500,0.004620885062079177,0.005297369827426767,0.004616197876398646,0.005118365753824479,34735.859476552396
1781276400,0.005118365753824479,0.0051524251215194165,0.004701694336383492,0.004940513373233041,23927.560961067087
1781277300,0.004940513373233041,0.005435337873321623,0.004907359534366977,0.005317261921073884,44897.10994624302
1781278200,0.005317261921073884,0.005376885482092922,0.004771436515528163,0.0048025933645031915,33376.613238012964
1781279100,0.0048025933645031915,0.005088198688008441,0.004771463742572996,0.004913549903805351,18710.93445150045
1781280000,0.004913549903805351,0.00491473324564934,0.004713790100861029,0.004861765302085926,9599.743176948155
1781280900,0.004861765302085926,0.004926408132263027,0.00470461530202524,0.00470903171619972,7801.650546725796
1781281800,0.00470903171619972,0.004739977455800001,0.004613386220034797,0.004679065714832171,6976.046107326009
1781282700,0.004679065714832171,0.0047038287444453345,0.004405607543711159,0.004454612105907806,21548.98121118818
1781283600,0.004454612105907806,0.004637747991110812,0.004346055795665918,0.004556030044992246,13952.16612666938
1781284500,0.004556030044992246,0.004612955447024598,0.004357568836865743,0.004451626941590563,11242.559691888506
1781285400,0.004451626941590563,0.004463495723598944,0.004281181351466945,0.004406898485871002,13911.286157483522
1781286300,0.004406898485871002,0.004515376706920929,0.004309993395528059,0.004339469167054192,14864.647397134808
1781287200,0.004339469167054192,0.004389071211162408,0.004228956384156937,0.0042470597834119985,6202.834541718858
1781288100,0.0042470597834119985,0.004332322075388522,0.004203708429579849,0.004300934850942479,4199.628571207766
1781289000,0.004300934850942479,0.004605286746949796,0.004251146739035756,0.004526337910946163,10530.883129228689
1781289900,0.004526337910946163,0.004585340268720448,0.004405535241096621,0.0044571045601044645,5136.48110222575
1781290800,0.0044571045601044645,0.004498000938024053,0.004374595459016658,0.004423186385062391,3701.1678683016976
1781291700,0.004423186385062391,0.004441501819596913,0.004316226363202776,0.004348989936358836,3382.919143413397
1781292600,0.004348989936358836,0.004434914766262727,0.004299768748093266,0.00440210249538282,2906.8836278447175
1781293500,0.00440210249538282,0.0045539442432548875,0.004374123722400494,0.004459636668799694,8466.003754627533
1781294400,0.004459636668799694,0.004460667718722521,0.004358905737612888,0.004399885427459692,2350.4688015322477
1781295300,0.004399885427459692,0.004477100996768986,0.004349043234607863,0.00440738688498195,5597.657890987123
1781296200,0.00440738688498195,0.00444923316100396,0.004364649058448593,0.004422042469823161,1574.5013307888132
1781297100,0.004422042469823161,0.004440490710413717,0.0042910158719700045,0.004297672271489602,4801.7422158259105
1781298000,0.004297672271489602,0.004327446817083002,0.004092081979739752,0.0041471546243347646,12744.605677433543
1781298900,0.0041471546243347646,0.004284818456287656,0.004141349413856305,0.004279828347528257,4500.416872232393
1781299800,0.004279828347528257,0.004401878320959406,0.004238021848554773,0.004385685084239424,3899.3830162498475
1781300700,0.004385685084239424,0.004385685084239424,0.004289213402438809,0.004289213402438809,2635.263377244344
1781301600,0.004289213402438809,0.004318778990924675,0.004250864855164442,0.0042549186637045365,1034.1512743438707
1781302500,0.0042549186637045365,0.004320330144471198,0.004249030371144036,0.004258260252338794,2115.2344187142535
1781303400,0.004258260252338794,0.0043266794419971,0.004236369683821816,0.00423661021067184,3265.547707150082
1781304300,0.00423661021067184,0.004284365697404029,0.004203545146765774,0.004253583745730991,994.1357343697705
1781305200,0.004253583745730991,0.004384524723488121,0.004238250181524129,0.004360191763883398,8321.315390997024
1781306100,0.004360191763883398,0.004504290480639663,0.004325179479843508,0.004487412821770156,11938.913826627779
1781307000,0.004487412821770156,0.004491406589882449,0.004366754096914234,0.004446097828322369,11273.42969498449
1781307900,0.004446097828322369,0.004673755073969643,0.004418223744122051,0.004582674127277016,13225.923644269526
1781308800,0.004582674127277016,0.004660688120280414,0.004523092241942931,0.004640303540766365,9655.257898896936
1781309700,0.004640303540766365,0.004655944702213926,0.004408731988939551,0.004447700087638811,12674.664692968932
1781310600,0.004447700087638811,0.004506468453553854,0.004354500626167858,0.004483813863975726,12393.94442836029
1781311500,0.004483813863975726,0.004595609880323061,0.004450049394581176,0.004553453578695346,32595.908457522295
1781312400,0.004553453578695346,0.004616408304750534,0.00447005030328713,0.00453843783617083,52598.54603454006
1781313300,0.00453843783617083,0.004709275914796578,0.004533491532881566,0.004708371197459628,38803.94603230151
1781314200,0.004708371197459628,0.004739270770787927,0.004595073011900692,0.004712760308052956,36277.0228685984
1781315100,0.004712760308052956,0.00479792212106352,0.004548750020271475,0.0046678742172387155,29379.16377889708
1781316000,0.0046678742172387155,0.004854844648956957,0.004619977873295553,0.0048539422445029595,16633.489362697725
1781316900,0.0048539422445029595,0.0050137926512361,0.004801488281768743,0.004925041994772579,24714.35579814189
1781317800,0.004925041994772579,0.00507792512543582,0.0047347584806411835,0.005031853618203126,31625.78249631749
1781318700,0.005031853618203126,0.005240108215093377,0.004961823140910835,0.005046626614420921,33452.54178019146
1781319600,0.005046626614420921,0.005208720042370066,0.004991397964363907,0.005120494880898217,22814.58170186163
1781320500,0.005120494880898217,0.005810450027537577,0.005080359167364576,0.005601693254001058,48114.69063767375
1781321400,0.005601693254001058,0.0056778534808924275,0.005311181963916354,0.00538009784204211,26250.34744446301
1781322300,0.00538009784204211,0.005442294873255741,0.005023029613540004,0.005191791559407542,25573.491855506898
1781323200,0.005191791559407542,0.005240600972714379,0.00449211760232788,0.004740685122047173,48888.896259292684
1781324100,0.004740685122047173,0.0051027864020355305,0.004725353450612671,0.005018155571824413,25221.12719897209
1781325000,0.005018155571824413,0.005057988786352534,0.004727858801666889,0.004802368005327592,24137.02707959162
1781325900,0.004802368005327592,0.004922340284547466,0.004770848764311778,0.0048972028610982776,11266.328705890257
1781326800,0.0048972028610982776,0.005085582802045048,0.0048654179453449815,0.004994435905094116,10303.421398141381
1781327700,0.004994435905094116,0.005132000506465136,0.004940969980494258,0.00496797949607196,12093.524040282007
1781328600,0.00496797949607196,0.005006958111047122,0.004639497819881705,0.004707082896756027,23015.201315114213
1781329500,0.004707082896756027,0.0047368489367974,0.00459624816704639,0.004697074022241714,10095.371913564164
1781330400,0.004697074022241714,0.004886421530371633,0.004648469196330088,0.004689569601139711,11600.668854544057
1781331300,0.004689569601139711,0.004752860434648101,0.004609580175706954,0.00467790366135758,6125.88692307936
1781332200,0.00467790366135758,0.004758908719760878,0.004647545890249842,0.004750108968721985,5719.048482398756
1781333100,0.004750108968721985,0.004761750558971296,0.004646249737424427,0.004661825497234857,3706.446172759652
1781334000,0.004661825497234857,0.004769293555681842,0.0046605806757413805,0.0047269882818083385,4786.3346089477445
1781334900,0.0047269882818083385,0.004741733609391563,0.004657773616434408,0.00472849119422985,6851.991821397128
1781335800,0.00472849119422985,0.004905397912080111,0.004687780871875204,0.004868124078435177,14506.734396690725
1781336700,0.004868124078435177,0.005169654723744432,0.004868124078435177,0.005015560592841943,26730.75783073658
1781337600,0.005015560592841943,0.005063259967329273,0.0049442051561268225,0.005002934970504096,28356.042944135035
1781338500,0.005002934970504096,0.005297040712612349,0.004961468790063024,0.0051685767417556285,43291.78263531866
1781339400,0.0051685767417556285,0.00523756268510203,0.005068449997096672,0.005212526826141184,32851.735003600756
1781340300,0.005212526826141184,0.005230140045044631,0.004987964452261464,0.005087094729695213,33598.55281207502
1781341200,0.005087094729695213,0.005096643069499132,0.004912204905275269,0.004944359349901795,18880.938283857897
1781342100,0.004944359349901795,0.004948425018406834,0.00474952800724431,0.004860086139437253,19765.80343386975
1781343000,0.004860086139437253,0.004980233879721065,0.004828525747804318,0.004950170308918851,17603.177604808217
1781343900,0.004950170308918851,0.004955555561707456,0.004807983389345208,0.004843094588559944,16204.50297938205
1781344800,0.004843094588559944,0.005132387830625588,0.004811660392481817,0.005100493042564193,18379.398898854113
1781345700,0.005100493042564193,0.00510971582226389,0.004982519785396866,0.005014058217858748,16130.191884090198
1781346600,0.005014058217858748,0.005039930061956554,0.004868857327757167,0.004901648924161423,11629.487004837152
1781347500,0.004901648924161423,0.004960647819799036,0.004793314525467932,0.004840092153742335,27226.363653641078
1781348400,0.004840092153742335,0.004959211493805872,0.004742709558817019,0.004953165715227909,22386.84669382436
1781349300,0.004953165715227909,0.005197927129044255,0.004923823187432071,0.005064381293169004,25355.80424412612
1781350200,0.005064381293169004,0.005124660545819514,0.004926752711443047,0.005088903470684832,28224.846000055917
1781351100,0.005088903470684832,0.0050931614527891,0.00495975993075168,0.005034527892852681,9889.537660254535
1781352000,0.005034527892852681,0.005105031853557906,0.0050224022999247955,0.00509210200794075,6535.436105495035
1781352900,0.00509210200794075,0.005097887495468222,0.0048789829715927685,0.004920277983208052,8772.623443571929
1781353800,0.004920277983208052,0.0049337163926445465,0.004591814581188897,0.004725124133687771,27252.724549363327
1781354700,0.004725124133687771,0.004763310986580544,0.004488936069323362,0.004645415516598651,24383.361626312126
1781355600,0.004645415516598651,0.004703922591530242,0.004241199858549451,0.0044436726689589924,31975.398771731332
1781356500,0.0044436726689589924,0.004583608629878659,0.004434870914092353,0.004452308679817113,19586.760418736456
1781357400,0.004452308679817113,0.004629922163508145,0.004445572719909467,0.0046006861008484655,12608.162415191848
1781358300,0.0046006861008484655,0.0047328242833612946,0.004570561965681512,0.004699975359690139,16303.708577488145
1781359200,0.004699975359690139,0.004728353249116907,0.004518408104511443,0.004578937062395926,12812.988834374464
1781360100,0.004578937062395926,0.004631371651457619,0.004516543006380151,0.004543405972830491,9018.78233972548
1781361000,0.004543405972830491,0.004550656125953614,0.004434799053009276,0.004504149077675168,16291.050720525756
1781361900,0.004504149077675168,0.004626042552794124,0.004460243789071373,0.004529181304474204,24831.521050752646
1781362800,0.004529181304474204,0.004563303818113858,0.004400846692666288,0.004486951398286681,22568.410938889047
1781363700,0.004486951398286681,0.004522533852881085,0.004443895508864731,0.00449505980883336,13815.753537560911
1781364600,0.00449505980883336,0.004500353389799249,0.004411107062051986,0.0044469430145427395,15531.537443288376
1781365500,0.0044469430145427395,0.004459026560131127,0.004286699178761475,0.004358327698142844,10585.158182066032
1781366400,0.004358327698142844,0.00446236748700863,0.004278614375284921,0.004429813202430031,13400.601393121377
1781367300,0.004429813202430031,0.004678732173682415,0.00440807964335965,0.004649399026256295,18468.027335046525
1781368200,0.004649399026256295,0.004724590450601261,0.004574789581582365,0.004629962153495876,10040.326890384396
1781369100,0.004629962153495876,0.004660679691950911,0.004542712328772455,0.004571208000505068,7842.624341822836
1781370000,0.004571208000505068,0.004628264297046853,0.004318394970294265,0.004391327502822509,19166.05546189508
1781370900,0.004391327502822509,0.00440528442452751,0.004348600490276961,0.004386081428960953,5609.2754999408135
1781371800,0.004386081428960953,0.004401194375115329,0.004291284282929477,0.004343983275652474,9820.898764329153
1781372700,0.004343983275652474,0.004469860410809632,0.004287211653918836,0.004380557825300766,11920.202720845627
1781373600,0.004380557825300766,0.004517013256212929,0.004347801359560947,0.004515254085163477,10875.245884718866
1781374500,0.004515254085163477,0.004550226754703629,0.004457179089767072,0.0044868473426452815,4994.744992097419
1781375400,0.0044868473426452815,0.004516410236905203,0.004440861747384855,0.00445926847975102,3349.965419151888
1781376300,0.00445926847975102,0.0044692406305110064,0.004319058331870895,0.004319058331870895,5769.919379342909
1781377200,0.004319058331870895,0.004327658422052732,0.004059352595697114,0.004177212348489047,16066.870128456732
1781378100,0.004177212348489047,0.004282475530028934,0.004177212348489047,0.004282475530028934,2129.117649658753
1781379000,0.004282475530028934,0.004288575855108711,0.0041996617068863745,0.0041996617068863745,2566.664042743328
1781379900,0.0041996617068863745,0.004267190246458329,0.0041883286750613365,0.004217786290943154,3065.6435438221392
1781380800,0.004217786290943154,0.004217786290943154,0.004129049098477583,0.004191604528648409,4586.688801745929
1781381700,0.004191604528648409,0.004223502018979594,0.0041223433880081175,0.00416255815857688,3205.1884186573284
1781382600,0.00416255815857688,0.004169555359978411,0.004094808817496674,0.004097235694697385,2052.2893940951453
1781383500,0.004097235694697385,0.004129716953839602,0.004068220431222522,0.004095214726889676,2691.6880621149603
1781384400,0.004095214726889676,0.004205433976004502,0.004093718207403962,0.004205433976004502,1530.9811362092364
1781385300,0.004205433976004502,0.0043058821643005285,0.004146020370903026,0.0043058821643005285,4813.372859587612
1781386200,0.0043058821643005285,0.004350043085352299,0.004235784523740368,0.004347240828741962,4285.332222030753
1781387100,0.004347240828741962,0.0043719304297554105,0.004273961288276845,0.004306417515192334,1097.89300854547
1781388000,0.004306417515192334,0.004320479948389568,0.00425001675884642,0.004304531875148582,927.1634072515114
1781388900,0.004304531875148582,0.004353291162795415,0.004205253331827266,0.004205256081126068,3632.540442996243
1781389800,0.004205256081126068,0.004311126373588129,0.004201384659227005,0.004218230955257485,4279.372917876934
1781390700,0.004218230955257485,0.004294603060359616,0.004143918191765884,0.0042448978895732676,8690.638293705384
1781391600,0.0042448978895732676,0.004272080736544928,0.0041726886861438136,0.004189173994475795,2547.731297616524
1781392500,0.004189173994475795,0.004243697279275583,0.004158714453432209,0.004183954616428037,1776.0923663481449
1781393400,0.004183954616428037,0.004269090601058326,0.004183376692839755,0.004227209706071869,1093.9764320602094
1781394300,0.004227209706071869,0.004279953064995047,0.004210221767684252,0.004249615642313643,1173.947812681042
1781395200,0.004249615642313643,0.00430248582802694,0.004161953606072442,0.004201844235740032,3538.9472343899065
1781396100,0.004201844235740032,0.004209995729137203,0.003939280906350022,0.003967215323153202,25602.904967951818
1781397000,0.003967215323153202,0.004016611129120811,0.0038415876869829415,0.003958730833208042,18016.08545369419
1781397900,0.003958730833208042,0.004042185253546716,0.0038776085480081487,0.004002049611618859,10659.39866529899
1781398800,0.004002049611618859,0.004068143524683786,0.003980685520135237,0.004035090102548578,6024.683259176504
1781399700,0.004035090102548578,0.0041032519475634865,0.004031838524077127,0.004069900350602113,4844.457148230653
1781400600,0.004069900350602113,0.004107450941133413,0.004054450142125838,0.00408777304066902,4775.975235853124
1781401500,0.00408777304066902,0.004167999287551463,0.00404509609279964,0.004080314591060817,8448.789580236276
1781402400,0.004080314591060817,0.0041124344028126945,0.004031098947900871,0.00409366928832657,7008.904549738957
1781403300,0.00409366928832657,0.004129777829985375,0.0040170095004782086,0.004019923642761481,5736.529319878964
1781404200,0.004019923642761481,0.00411328833574281,0.004019923642761481,0.00406817009274772,7018.672280751777
1781405100,0.00406817009274772,0.004112219517853123,0.004017509922214522,0.004080675653552811,5040.624741951754
1781406000,0.004080675653552811,0.004114808816042707,0.004022672624082823,0.0040606102644772804,4880.455775708033
1781406900,0.0040606102644772804,0.004060623990782855,0.003897873818105212,0.003921266767006806,7923.9146731032
1781407800,0.003921266767006806,0.003993177137858018,0.003912379263746057,0.00395438431163966,2685.686327187888
1781408700,0.00395438431163966,0.004026999774971506,0.003951640687179687,0.003989242930617481,2567.398168812497
1781409600,0.003989242930617481,0.004039413730357489,0.003940216437041125,0.003971614287875984,9633.35271021954
1781410500,0.003971614287875984,0.00413872879860614,0.003938512033137024,0.004111111609446641,13059.9097334786
1781411400,0.004111111609446641,0.0042135210161311784,0.00405611799964322,0.004206327263605927,15582.53837019273
1781412300,0.004206327263605927,0.004209168792065187,0.004094473258771855,0.00414536835024114,10990.480308014025
1781413200,0.00414536835024114,0.004180414665384371,0.0037810373915738295,0.0038736640606350453,25786.149361300006
1781414100,0.0038736640606350453,0.003884056363730498,0.0027693946650334416,0.003723906526499938,111648.31140808568
1781415000,0.003723906526499938,0.003738149409246488,0.0035821642598277913,0.0037067143015990364,16928.363091252366
1781415900,0.0037067143015990364,0.0037379891461306594,0.003567937040006032,0.0036502478162855896,16082.770880929575
1781416800,0.0036502478162855896,0.00374618977828777,0.0036000460817482436,0.003734751895112665,13505.228079936947
1781417700,0.003734751895112665,0.003766875490051939,0.0036987404807676165,0.0037616962700283895,10657.204976577657
1781418600,0.0037616962700283895,0.0037616962700283895,0.003618824418748157,0.0036795869508494243,14550.709876269628
1781419500,0.0036795869508494243,0.003702587150138363,0.003595486978467539,0.003684148433941696,12321.755222503216
1781420400,0.003684148433941696,0.0036951097018131426,0.0036292214822695587,0.0036790121174166864,4653.873766542536
1781421300,0.0036790121174166864,0.0036826815828240244,0.003582158292584666,0.00364095939353584,4874.305758803434
1781422200,0.00364095939353584,0.003670455989972402,0.0035588313404289248,0.0036566494629390062,6599.529316095665
1781423100,0.0036566494629390062,0.003672491096277088,0.003586133327170231,0.0036283081322666154,3661.939522433837
1781424000,0.0036283081322666154,0.0036440303782840425,0.003564359578315843,0.0036355915044502703,1790.5396955751605
1781424900,0.0036355915044502703,0.0036673222981880057,0.003601146417928115,0.00366080333273857,3515.1527028642518
1781425800,0.00366080333273857,0.0036608373212289663,0.0035646523288183855,0.003610057454089231,2778.2152760614067
1781426700,0.003610057454089231,0.003610057454089231,0.0034467573699050323,0.003494257081606972,7216.840732487433
1781427600,0.003494257081606972,0.003494271161509735,0.0033681074002872287,0.0034641398276589715,10739.014967680438
1781428500,0.0034641398276589715,0.0035115557838419423,0.0032935664981495394,0.0033564051336881597,12990.644934355743
1781429400,0.0033564051336881597,0.0035328659721688338,0.0033021526407445716,0.0035292202772661944,8145.683135390957
1781430300,0.0035292202772661944,0.0035849727277393597,0.0034728927429074417,0.0035518842455030822,4514.811782329425
1781431200,0.0035518842455030822,0.0035965194081762856,0.0034920194244005306,0.003589824111053097,4671.676817374866
1781432100,0.003589824111053097,0.003589874372137859,0.003506582124836211,0.0035677189926237563,3734.425029855993
1781433000,0.0035677189926237563,0.0035938247359564965,0.003524312223655926,0.003550911398840402,2525.313210412529
1781433900,0.003550911398840402,0.0035989018877109567,0.0034892934615957886,0.0035654320669851964,5608.569470085187
1781434800,0.0035654320669851964,0.0036326861506916696,0.0035222340694857786,0.0036300121433625746,4243.778350047769
1781435700,0.0036300121433625746,0.0036305036099530553,0.0035349661631631467,0.0035426786873483753,3793.2331274067865
1781436600,0.0035426786873483753,0.0037765061265080486,0.003531025966199718,0.0037740509084610223,7275.83630081007
1781437500,0.0037740509084610223,0.0038256378094032686,0.0036813591087055076,0.003710612206664825,7018.7210768730365
1781438400,0.003710612206664825,0.003758400343355622,0.0036442569489791646,0.0036746853560870076,3979.062599237655
1781439300,0.0036746853560870076,0.0037374605165274516,0.003647908196406335,0.0036777349503008465,3621.6687977609567
1781440200,0.0036777349503008465,0.0036803063156867367,0.003621677781192124,0.003641721320795194,2117.783575860385
1781441100,0.003641721320795194,0.0036655741920635972,0.0035518851434037284,0.0035518851434037284,4108.516847184952
1781442000,0.0035518851434037284,0.0035759918792945926,0.003514718786979207,0.0035268994413018436,1556.7472127551391
1781442900,0.0035268994413018436,0.0035268994413018436,0.00340936629140524,0.003445747695518929,4623.868743975444
1781443800,0.003445747695518929,0.003464284597926258,0.0033528074631526275,0.003416823477176729,5378.676170834556
1781444700,0.003416823477176729,0.0034355618969349176,0.003373364662750749,0.0034047927105657697,4745.960033355221
1781445600,0.0034047927105657697,0.0035027776972448702,0.003358445447205912,0.0034765478454278718,8032.12363306289
1781446500,0.0034765478454278718,0.003549194233003619,0.003441078643824641,0.003441078643824641,5051.1600386497075
1781447400,0.003441078643824641,0.0034545790217233004,0.003364490809685684,0.0033723351614710962,6306.545809164567
1781448300,0.0033723351614710962,0.0033723351614710962,0.003268798221738097,0.003335205785839493,10111.12631295057
1781449200,0.003335205785839493,0.0033371772082472296,0.003253810047382529,0.0032881932828116595,6979.255607565183
1781450100,0.0032881932828116595,0.003678587072583642,0.003252146579707748,0.003596526619111416,15684.953942142009
1781451000,0.003596526619111416,0.003656838654655801,0.00355680136834553,0.00362329038696166,7479.540096181341
1781451900,0.00362329038696166,0.003641333557681382,0.00357132926083106,0.00357132926083106,4092.0808939836347
1781452800,0.00357132926083106,0.003622913154295622,0.003557381310432454,0.0035940691946175635,3004.1069453748228
1781453700,0.0035940691946175635,0.003633703062313292,0.003457840366141667,0.0034819469668681317,5068.698368712442
1781454600,0.0034819469668681317,0.0035229021880773532,0.0034609513430792567,0.0035154901928832875,1952.501969361722
1781455500,0.0035154901928832875,0.0035165584654496306,0.003452303040995944,0.0034796477873320145,1380.592007327333
1781456400,0.0034796477873320145,0.0034796477873320145,0.0031712437982454956,0.00327596271952021,14978.861240140594
1781457300,0.00327596271952021,0.003294670550134051,0.003193234422895988,0.003274425671302862,8786.541842180306
1781458200,0.003274425671302862,0.003385110958012906,0.003250285522402257,0.0033290140917166798,9939.485268317954
1781459100,0.0033290140917166798,0.003375490003694663,0.003220457656558413,0.0032550103288899505,7642.903036163402
1781460000,0.0032550103288899505,0.0033258826953832814,0.0032423416042258327,0.0032929779710009315,5683.942071685865
1781460900,0.0032929779710009315,0.003337186800635635,0.0031868541423649157,0.003226473758803925,9454.301586183623
1781461800,0.003226473758803925,0.0032686046553523375,0.003182437543725016,0.0032686046553523375,5789.021650522839
1781462700,0.0032686046553523375,0.0032686046553523375,0.003176008539835044,0.003176008539835044,5022.381039581736
1781463600,0.003176008539835044,0.003208574191302504,0.0030546532397370246,0.0031705011875084563,11686.5483382103
1781464500,0.0031705011875084563,0.003258761235175632,0.0031495497134811554,0.0032199424905103463,4767.094440272188
1781465400,0.0032199424905103463,0.0032958589527602106,0.0032199424905103463,0.0032656264277344934,3739.5532885541456
1781466300,0.0032656264277344934,0.003315051457181871,0.003238181172192068,0.003238181172192068,2661.4014636108905
1781467200,0.003238181172192068,0.0032673798464997244,0.0031162774458992834,0.003213531428776739,10482.044092288526
1781468100,0.003213531428776739,0.0032853890466174886,0.0031693860205518126,0.0032715589249270377,5194.46586134873
1781469000,0.0032715589249270377,0.0033061286937409256,0.0031950915586821827,0.003230716808346435,4370.682135512012
1781469900,0.003230716808346435,0.0032325024949990287,0.0031844337082298315,0.0032251451572575,1468.360924364517
1781470800,0.0032251451572575,0.0038101143794998676,0.0031855487715595084,0.0034711618825070435,181135.26960641015
1781471700,0.0034711618825070435,0.003505684106894994,0.003433195861723346,0.003475443473323795,6953.580428691294
1781472600,0.003475443473323795,0.003551817071825847,0.0034409313066202834,0.003473849608465618,6779.37686453676
1781473500,0.003473849608465618,0.003773667296810298,0.003364127977621162,0.0037033138096952047,24967.84136179879
1781474400,0.0037033138096952047,0.0038463265563619367,0.0035821642634125124,0.003644019115117873,19437.082379637977
1781475300,0.003644019115117873,0.0036882299894097433,0.003571144677157115,0.0036001875302214877,7316.231740297811
1781476200,0.0036001875302214877,0.003721763074745266,0.00359359081729187,0.003697488648376333,6392.572127097189
1781477100,0.003697488648376333,0.003698960233802764,0.0036211225083351336,0.003650322928713231,2571.4667846677903
1781478000,0.003650322928713231,0.003653474895796994,0.003549061692258973,0.0035625463731885445,2756.8387645649864
1781478900,0.0035625463731885445,0.003700274934434911,0.003523894994066602,0.0036657892069647427,9563.990962056883
1781479800,0.0036657892069647427,0.0036657892069647427,0.003591457711239981,0.003619185184055099,1990.1454309902435
1781480700,0.003619185184055099,0.0037726400262935154,0.0036152638226271652,0.0037384555335973953,6583.866793697785
1781481600,0.0037384555335973953,0.00384875680293985,0.0037375062138161794,0.003811317358771641,4839.049297742215
1781482500,0.003811317358771641,0.0038226439923453003,0.003690249890898767,0.0037251391849000767,5032.504939536604
1781483400,0.0037251391849000767,0.0037405134047330483,0.0036650407819984123,0.003691559963788204,1955.5631989718984
1781484300,0.003691559963788204,0.0036973876775744895,0.0035481323745135173,0.0035774672592789646,2964.4438667946556
1781485200,0.0035774672592789646,0.0035774672592789646,0.0034670349594787303,0.0035175135678099773,5473.248955318242
1781486100,0.0035175135678099773,0.0035182926326353184,0.0033193135131154568,0.0034233723763543006,15835.85465523611
1781487000,0.0034233723763543006,0.003449437579239236,0.0033803619350778803,0.003420224528388525,1397.8302009757128
1781487900,0.003420224528388525,0.003757181351840046,0.0033998082800245815,0.0037443943392536723,10346.718761658962
1781488800,0.0037443943392536723,0.0044721783745361255,0.003667309520432033,0.0038420920683943562,5934.526204818056
1781489700,0.0038420920683943562,0.00402415118223221,0.0035356222395667605,0.003670629435523753,24512.249039225462
1781490600,0.003670629435523753,0.0037652510004200735,0.003641397269405308,0.0037528679763606217,3025.394430115205
1781491500,0.0037528679763606217,0.0037917642339388826,0.0036787985990214636,0.0036855735467193253,10181.948611669053
1781492400,0.0036855735467193253,0.0037876814883887164,0.0036855735467193253,0.0037131203248849816,13302.563586495455
1781493300,0.0037131203248849816,0.0037800808528639447,0.0036165980120477356,0.0036438895880445163,14957.767038554875
1781494200,0.0036438895880445163,0.0037396169382344453,0.0036145231032309365,0.00366578376191171,13550.350471520902
1781495100,0.00366578376191171,0.003750107106911749,0.003615820376733942,0.0037023968933379376,15023.111704675
1781496000,0.0037023968933379376,0.0037127747446796316,0.0036236638006789668,0.003626940568664127,11175.879873116188
1781496900,0.003626940568664127,0.0037103021255178487,0.003599916981358627,0.003600411410360342,10978.651648666457
1781497800,0.003600411410360342,0.0036546667785669483,0.0035704127969118475,0.0036370576508843915,11332.48267117292
1781498700,0.0036370576508843915,0.0036458118966367367,0.0035460126915339953,0.003592657316756104,10635.347145824231
1781499600,0.003592657316756104,0.0036335783512764577,0.0035065924533019695,0.0035432121373058195,12725.252891689604
1781500500,0.0035432121373058195,0.0035511240281649566,0.003456311062266344,0.003547472569280064,12356.495623753593
1781501400,0.003547472569280064,0.0035530183733040108,0.003440439233413754,0.0034906256234270064,10670.928514203812
1781502300,0.0034906256234270064,0.003538857852598379,0.003435552652956459,0.0035201779807617073,3605.303790201559
1781503200,0.0035201779807617073,0.003532896414417336,0.003409550253622174,0.003462085049723181,4510.977621867539
1781504100,0.003462085049723181,0.0035074900779118613,0.0034267032041349643,0.0034951289387461825,3685.412791447822
1781505000,0.0034951289387461825,0.00351182398203642,0.0034440131445218577,0.003492257472410067,1831.3793233447766
1781505900,0.003492257472410067,0.003536749823772107,0.0034533089543168517,0.0035348371681092976,3655.8135178828043
1781506800,0.0035348371681092976,0.0035348371681092976,0.0034029734743065278,0.0034450677786592963,2980.191056144384
1781507700,0.0034450677786592963,0.003607184681312308,0.00341712141596613,0.0035340060287408492,11405.853799882205
1781508600,0.0035340060287408492,0.003587880989605581,0.0034479134035558376,0.003571728458736478,10352.864001354274
1781509500,0.003571728458736478,0.00357687947182854,0.0034720591139018953,0.0035418743244641955,4029.2176076897244
1781510400,0.0035418743244641955,0.0035443493087884484,0.00341321833802681,0.003447234353579671,4134.220847439034
1781511300,0.003447234353579671,0.0034926039396167806,0.003410219864422817,0.003457039253326117,3114.9825341704272
1781512200,0.003457039253326117,0.0034908743867474853,0.0033731094653902992,0.0033989051289863015,3364.273488732508
1781513100,0.0033989051289863015,0.003472218383360597,0.0033610900519136055,0.0034177002585124767,5010.026924900441
1781514000,0.0034177002585124767,0.0034474028923157196,0.0033628053491584686,0.0034256639137470028,3387.200588744157
1781514900,0.0034256639137470028,0.003476893191064607,0.0033982961433724245,0.003401031690826232,2044.3612897214527
1781515800,0.003401031690826232,0.0034487640528091073,0.003338991296834037,0.0033805360114820327,4381.264597228482
1781516700,0.0033805360114820327,0.003430088342075045,0.003348712509575575,0.0034191080064778804,3536.3799359671866
1781517600,0.0034191080064778804,0.0034195968530085176,0.0033426174756374565,0.003396201577744475,2688.5968242280096
1781518500,0.003396201577744475,0.0034657022178732205,0.0033683907470426788,0.0034448577018839277,4404.125622954326
1781519400,0.0034448577018839277,0.0034453011092378653,0.003355203583790714,0.0033745448955824534,3882.7433608821025
1781520300,0.0033745448955824534,0.003512747813870779,0.0033745448955824534,0.003463160969575219,2519.9501420868955
1781521200,0.003463160969575219,0.0035388204363922086,0.0034379059078575506,0.0034640528319083916,4459.286536380554
1781522100,0.0034640528319083916,0.0035359743157492005,0.003455747489785331,0.0035276159080637154,3591.545057231803
1781523000,0.0035276159080637154,0.003532724579077404,0.0034531684714925372,0.003461895870137472,13641.118247864102
1781523900,0.003461895870137472,0.0035120508089151003,0.0034493810967953335,0.0035049178841286247,14390.540505155403
1781524800,0.0035049178841286247,0.003728037445777419,0.00347604293825651,0.003677777537415581,28133.721118948866
1781525700,0.003677777537415581,0.0037471698649598154,0.0035869376956654195,0.003714629071754537,19988.24901561433
1781526600,0.003714629071754537,0.003827524941543981,0.003678455747983647,0.0037867424845835643,10712.381354634774
1781527500,0.0037867424845835643,0.003834634239164615,0.003733613100538123,0.003757270766201,8857.14890818101
1781528400,0.003757270766201,0.0038661459238101352,0.0037440315467718744,0.003778161100060946,10123.507729850015
1781529300,0.003778161100060946,0.0038016568189168276,0.003681354211982288,0.0037324729961853245,7732.982419319203
1781530200,0.0037324729961853245,0.003761801114077756,0.00363104906507333,0.0036708227104937353,9491.00902004597
1781531100,0.0036708227104937353,0.0036973815650784875,0.0035561035638273326,0.00358851260316929,10662.33735196297
1781532000,0.00358851260316929,0.0035933123728417622,0.0034927777277113142,0.003572114369978038,10366.600521528528
1781532900,0.003572114369978038,0.0035917741492745526,0.0035038290061995057,0.0035621287124213068,8712.39479653935
1781533800,0.0035621287124213068,0.0036973362710699133,0.0035310807301670204,0.003618563773078187,12923.364609317106
1781534700,0.003618563773078187,0.0038648701069901883,0.003602884783880301,0.0038648701069901883,15646.720396313856
1781535600,0.0038648701069901883,0.003945636814735928,0.0037179434434377935,0.003759013406363375,15284.7856709439
1781536500,0.003759013406363375,0.0038050433208230393,0.0037085815456129566,0.00379901597821325,5560.192686082666
1781537400,0.00379901597821325,0.003854253578366562,0.0037645842024709233,0.0038246421052950674,5421.928492788006
1781538300,0.0038246421052950674,0.003914136816848934,0.0037946782516138614,0.0038152311612654646,8536.798001178806
1781539200,0.0038152311612654646,0.003853869686694967,0.0037741521614633356,0.0038144611098129655,1665.305742224523
1781540100,0.0038144611098129655,0.0038787103995984863,0.003749833474972128,0.003873900042741594,7356.414374574624
1781541000,0.003873900042741594,0.003912457262859223,0.0037801415363942544,0.0038387427767919927,2282.355194672892
1781541900,0.0038387427767919927,0.003843566542128968,0.0037563602115216724,0.003786462825773453,3375.509224200384
1781542800,0.003786462825773453,0.003786498330374206,0.0036317932491244497,0.0037174510659875194,9848.409238418371
1781543700,0.0037174510659875194,0.003750087714423205,0.00366807314421313,0.003692350886401393,4052.798086313164
1781544600,0.003692350886401393,0.0037817554948321925,0.0036901520430935846,0.0037456949787076357,1855.3861399935574
1781545500,0.0037456949787076357,0.0038352574910830435,0.0037134242173906653,0.0038352169576957437,2501.6091890304906
1781546400,0.0038352169576957437,0.0038579380390340204,0.003751946053431717,0.0037991115214062003,2487.6068190444767
1781547300,0.0037991115214062003,0.003931491061102329,0.0037990794586316577,0.003892641794212549,7351.655540878279
1781548200,0.003892641794212549,0.003968185709250253,0.003873267274525277,0.00391503651252296,5840.708892827548
1781549100,0.00391503651252296,0.003927360024197232,0.0038398617285382835,0.0038688243280583005,1684.6177078591884
1781550000,0.0038688243280583005,0.00398697396927045,0.003855765861367503,0.003947654546793605,4689.131329802276
1781550900,0.003947654546793605,0.003951539026536622,0.003829497625337719,0.0038605099637646647,4849.993006656048
1781551800,0.0038605099637646647,0.0038829841058113878,0.0037807921722942893,0.003844515773043064,3405.19839467087
1781552700,0.003844515773043064,0.003906872997446157,0.0038045160881363216,0.0038642796709308287,3381.385418582249
1781553600,0.0038642796709308287,0.0038687677724214254,0.0037887128679075658,0.0038294176472163342,3262.9029593868972
1781554500,0.0038294176472163342,0.0038612475509862297,0.0037351264303437117,0.0038526898350173685,5213.82147256622
1781555400,0.0038526898350173685,0.004040481143460651,0.003815818396868107,0.004001468253819657,5910.160074611949
1781556300,0.004001468253819657,0.004009806827645374,0.0038264533817853282,0.003878402677958233,7874.470515662464
1781557200,0.003878402677958233,0.004021751620478825,0.0038337053634251218,0.003953694749892788,13190.380681877607
1781558100,0.003953694749892788,0.004036011879641571,0.003885289891995221,0.003966837877279439,10439.067874166169
1781559000,0.003966837877279439,0.0039953394721862654,0.0039025056336462675,0.003931948492311786,7489.282018346649
1781559900,0.003931948492311786,0.003934270279370633,0.0038139848267853492,0.0038637619778326866,7885.9280519644335
1781560800,0.0038637619778326866,0.00413014355231587,0.0038353518425097814,0.004089373023183014,18406.30743000206
1781561700,0.004089373023183014,0.004170055148358689,0.004018093360350337,0.004128681243015092,14991.163410561283
1781562600,0.004128681243015092,0.004152890848929187,0.003917527838169063,0.0040023367289199925,9630.577310951128
1781563500,0.0040023367289199925,0.004017787300377651,0.003913670260340902,0.003981396018614448,8276.183469714011
1781564400,0.003981396018614448,0.0040223776941389,0.003919460521357397,0.00396784447561651,6451.4927608150665
1781565300,0.00396784447561651,0.003970967367259501,0.0038704786362211124,0.00393244191160248,5722.227723635232
1781566200,0.00393244191160248,0.00394314124944,0.003863495696134309,0.003899757153701511,5240.832500732174
1781567100,0.003899757153701511,0.004134004459580612,0.003833740252053632,0.004103070482109926,11023.241086745984
1781568000,0.004103070482109926,0.004166871075815817,0.004035100218823839,0.004106071811365125,7165.9115891981
1781568900,0.004106071811365125,0.004106076189374323,0.004006140315980955,0.004036094431659056,1630.420847267201
1781569800,0.004036094431659056,0.004130027742670126,0.004035363995417356,0.004067103948396857,4652.544290875969
1781570700,0.004067103948396857,0.0041010122980299595,0.00401707013532481,0.004049829786246673,907.3243670583669
1781571600,0.004049829786246673,0.0040936466686191005,0.003990223284360389,0.004021696234900511,1811.2657328313537
1781572500,0.004021696234900511,0.004043534562743622,0.0039745270079652615,0.004040262400811092,1359.554970193072
1781573400,0.004040262400811092,0.004172032859763305,0.004010159233928504,0.0041588045767441935,3838.623080069545
1781574300,0.0041588045767441935,0.004161505264735373,0.003995404287724723,0.004032408701446327,4218.104769346047
1781575200,0.004032408701446327,0.00403533036285943,0.003883362129705602,0.003912455607575889,2985.503327220932
1781576100,0.003912455607575889,0.003920860890781009,0.0037525774485868686,0.0038054163852024236,8469.704616230754
1781577000,0.0038054163852024236,0.003891244558150934,0.0037758812992871368,0.0038030601281449083,5952.977065923222
1781577900,0.0038030601281449083,0.003915991039477561,0.0038030280188331165,0.003912942036355862,7615.19712574094
1781578800,0.003912942036355862,0.004043702170853606,0.0038768255109986427,0.004043320628765703,7671.268461145636
1781579700,0.004043320628765703,0.004064578042782567,0.003935155933294684,0.003997559341332017,6981.753814106927
1781580600,0.003997559341332017,0.004058426110316059,0.0039672698409505555,0.004004242788047336,6920.3894286713585
1781581500,0.004004242788047336,0.004075500428141985,0.003955795806138439,0.00395972651358936,9769.373358221179
1781582400,0.00395972651358936,0.0040271906955587555,0.003930310578155062,0.003962622179272393,7313.683238526175
1781583300,0.003962622179272393,0.004017170125432772,0.0038748892012354158,0.003919149737817927,10254.949032097282
1781584200,0.003919149737817927,0.003923237133546212,0.0038329107636963814,0.0038989693648079846,7757.097234449843
1781585100,0.0038989693648079846,0.003904406589632793,0.003778220833901124,0.003808051379123296,6467.770353632636
1781586000,0.003808051379123296,0.003829735142190703,0.003666628499336311,0.003707033623818374,9179.419261757534
1781586900,0.003707033623818374,0.003776754499470189,0.0036438252126639887,0.003710886115368069,9115.676622476307
1781587800,0.003710886115368069,0.0037773783247613533,0.0036717199523701545,0.0037360580574247546,5000.387369447373
1781588700,0.0037360580574247546,0.003764735955155193,0.003675840469640355,0.003703605890182006,3248.776140074605
1781589600,0.003703605890182006,0.003718585214633922,0.003653781649784803,0.0036765332522351213,1900.2111254106715
1781590500,0.0036765332522351213,0.003735086625536644,0.0036741326365011934,0.0037301576017029496,1049.2411397600558
1781591400,0.0037301576017029496,0.0037358534483233614,0.0036427508901652824,0.0036949817605777713,5272.275696927568
1781592300,0.0036949817605777713,0.0037111155210470797,0.0036400753188368393,0.0036698792703462077,5895.23161483601
1781593200,0.0036698792703462077,0.003778749594945707,0.0036429144638681194,0.0037672081370233867,8317.903789718228
1781594100,0.0037672081370233867,0.0037743732086936523,0.0037044885338471467,0.00374074367240529,5546.048737300091
1781595000,0.00374074367240529,0.0037649789219460234,0.0036876586734339426,0.0037194662697776887,6779.652132293191
1781595900,0.0037194662697776887,0.0037794604316835857,0.003676449872339135,0.0037283159339382655,6525.513534363759
1781596800,0.0037283159339382655,0.0037760339554113705,0.0036527452326312235,0.0036628301097666035,8836.72075218926
1781597700,0.0036628301097666035,0.0037167909882759183,0.003630376093583264,0.0037002589943420186,7444.596331369062
1781598600,0.0037002589943420186,0.003704459760286639,0.0036209728686777045,0.003665508669748647,7107.235167955997
1781599500,0.003665508669748647,0.003810590560164189,0.003636221326377717,0.003745477199605977,8897.143751504616
1781600400,0.003745477199605977,0.0037534052277991767,0.003658415093068597,0.0036919462206139344,5267.920749633962
1781601300,0.0036919462206139344,0.003747617033128269,0.003643706805375945,0.003722333669499101,7100.952368715453
1781602200,0.003722333669499101,0.003768748134672639,0.0036081907255123133,0.0037349326266584533,10162.983281738228
1781603100,0.0037349326266584533,0.003740439368762633,0.0036442537738683688,0.0036876961074046844,1153.8963718080167
1781604000,0.0036876961074046844,0.00371442139892286,0.003574590057485574,0.003613265813663175,9337.275253113705
1781604900,0.003613265813663175,0.0037605266398083753,0.003613265813663175,0.003688935809201643,2420.85376586899
1781605800,0.003688935809201643,0.0036996678670027294,0.003623699236770007,0.0036996678670027294,2686.1805092306704
1781606700,0.0036996678670027294,0.0037174387220820595,0.003594613961533717,0.003625460229947558,4103.622859057199
1781607600,0.003625460229947558,0.003625460229947558,0.0035479610885888304,0.003581375480158463,2302.1240512117843
1781608500,0.003581375480158463,0.003673298122966933,0.003527568787507203,0.0036451777926243562,5626.734727969127
1781609400,0.0036451777926243562,0.0036851884938663313,0.0035717410663449424,0.003644053505872024,4664.085163743182
1781610300,0.003644053505872024,0.003685428756092352,0.003609160864702655,0.0036116997598801973,1857.0552934607822
1781611200,0.0036116997598801973,0.0036452213853762367,0.00356474900449183,0.003611561224547693,2580.4017234873077
1781612100,0.003611561224547693,0.003720502457742233,0.0035837530360007678,0.0036929734498260466,4275.86006927326
1781613000,0.0036929734498260466,0.003766691392305649,0.00363794516651907,0.003684897167680426,3268.0305100563364
1781613900,0.003684897167680426,0.0037854603398571047,0.003650111043206883,0.0037392706607221457,6680.122254797445
1781614800,0.0037392706607221457,0.0037536250322467864,0.0036734289769616035,0.0036787457949348265,2829.5384329365365
1781615700,0.0036787457949348265,0.0037207273796120042,0.0036504041743847817,0.0036999418735018707,1943.2162405346526
1781616600,0.0036999418735018707,0.0037356999479962794,0.0036722791885642142,0.003703054774296147,2150.4124187284615
1781617500,0.003703054774296147,0.0037556298233695396,0.0036357486636820428,0.003674471625459428,2982.2230173237554
1781618400,0.003674471625459428,0.00370526473345173,0.0035805021114109787,0.0036011080163470977,8115.095482838716
1781619300,0.0036011080163470977,0.0036598338369161184,0.0035497933070122393,0.0035957427680889343,3248.3799365081627
1781620200,0.0035957427680889343,0.0036032813165112164,0.003493059638241095,0.0035574310698333745,6826.137468746247
1781621100,0.0035574310698333745,0.003560088935113194,0.0033665267101718106,0.003436813009585694,11750.049953567965
1781622000,0.003436813009585694,0.0034510682883250807,0.0033270191261056204,0.00338496057395739,8160.82277950544
1781622900,0.00338496057395739,0.003418039062476904,0.0032507180940057516,0.0033262010183456162,10913.50420718629
1781623800,0.0033262010183456162,0.003362548172974612,0.0032669299795072384,0.0033293066179797028,8370.07475482383
1781624700,0.0033293066179797028,0.0033488278687101186,0.0032540266936884614,0.0033279427931555148,5428.506928091667
1781625600,0.0033279427931555148,0.003355237059254509,0.0032714579046665675,0.00332213342015341,4086.983198792277
1781626500,0.00332213342015341,0.003338281636246936,0.0032141014056758736,0.003303195455672743,6165.48814923729
1781627400,0.003303195455672743,0.003303195455672743,0.0031795853245821623,0.0032194617136125214,8383.887752133123
1781628300,0.0032194617136125214,0.0033165668172456036,0.003192149984949334,0.0033127847825952174,5533.685497599126
1781629200,0.0033127847825952174,0.003329789317149911,0.003268158080520673,0.0032944814915797406,1356.8888832994453
1781630100,0.0032944814915797406,0.003309595690795942,0.0032596961142119267,0.003298917446639266,1525.5923858288402
1781631000,0.003298917446639266,0.0033086647979445505,0.003193947635796271,0.0032962927911756833,4683.592976404209
1781631900,0.0032962927911756833,0.0033816303590148934,0.0032574631220848435,0.003304347687329869,7084.084340691069
1781632800,0.003304347687329869,0.0033872315532970793,0.00327578399796673,0.003381850131658336,3181.9434489002724
1781633700,0.003381850131658336,0.0034038000222199626,0.0033338753661142756,0.003400557727043437,2209.062140599316
1781634600,0.003400557727043437,0.003435727929555672,0.0033579913529878905,0.003433789407318192,1501.6504091821503
1781635500,0.003433789407318192,0.0034525864471258183,0.003379991095438154,0.0034356167786354867,2573.6142900940176
1781636400,0.0034356167786354867,0.0034528049429097024,0.003373516184877093,0.0034007033566775037,2296.7961408343594
1781637300,0.0034007033566775037,0.0034695729653188186,0.0033613858103113303,0.0034663312951171057,3121.0554655457745
1781638200,0.0034663312951171057,0.003471594896315507,0.0033649394933016334,0.003368216505409364,2884.18224285051
1781639100,0.003368216505409364,0.0034631039100461443,0.003368216505409364,0.0034141658940866327,3925.9000415991663
1781640000,0.0034141658940866327,0.0034719365883358892,0.0033993917793920933,0.0034373459086981767,1498.0422170180022
1781640900,0.0034373459086981767,0.0034799452596731987,0.003398602374582825,0.0034112181339007747,1694.3818362630957
1781641800,0.0034112181339007747,0.003485084810064887,0.0034050520248439793,0.0034650894125305247,3512.773014019821
1781642700,0.0034650894125305247,0.0035477903746730073,0.0034228371866915136,0.003539513080653218,4614.478557783001
1781643600,0.003539513080653218,0.003586110334365596,0.0035269874146509183,0.0035505967800572155,3107.9189648343263
1781644500,0.0035505967800572155,0.0036199071339614013,0.0035399162205990114,0.0035399162205990114,2867.6782136753577
1781645400,0.0035399162205990114,0.0035833342581878054,0.0035399162205990114,0.0035607860639200292,2082.4076251631795
1781646300,0.0035607860639200292,0.0035692359968445856,0.0035059072625537296,0.0035059072625537296,919.5622045620769
1781647200,0.0035059072625537296,0.0035187579001569598,0.0034800726609402954,0.0034800726609402954,1042.774204443219
1781648100,0.0034800726609402954,0.0035356057665646796,0.003442188330211032,0.0034861969458566855,5383.155438070596
1781649000,0.0034861969458566855,0.0034861969458566855,0.003386263888278458,0.003414029739940166,4249.333396656609
1781649900,0.003414029739940166,0.003470372448251257,0.0033516500535603977,0.003438749258060762,7925.418326352629
1781650800,0.003438749258060762,0.0034502824603797823,0.0033761739444268715,0.0033784663060412675,4971.891817351654
1781651700,0.0033784663060412675,0.003413431135533045,0.003348042834106637,0.003353399360639412,5680.754169103318
1781652600,0.003353399360639412,0.003380583014206447,0.003287218408278031,0.0033086289226145205,7244.376628091324
1781653500,0.0033086289226145205,0.0033427969125133716,0.0033011799218695547,0.0033120459840862847,4419.888833176514
1781654400,0.0033120459840862847,0.0033891607873376387,0.0032812748139191892,0.003382769440879793,9524.753798845642
1781655300,0.003382769440879793,0.00339197638384595,0.003263850250663495,0.0032922764009010014,10732.3064200642
1781656200,0.0032922764009010014,0.0034451727691283914,0.0032593819793433555,0.0034402757624861866,15185.839051948551
1781657100,0.0034402757624861866,0.0034451104809146587,0.003361351194454785,0.0033746227505463853,6686.010705937619
1781658000,0.0033746227505463853,0.003465920488223759,0.00336219199777055,0.0034632039699464363,6338.552364411933
1781658900,0.0034632039699464363,0.0034681019814943948,0.0034113737422970703,0.0034344065584718713,5224.254025031548
1781659800,0.0034344065584718713,0.003504120163446954,0.0033787610305042928,0.003446308566566468,6933.883982355915
1781660700,0.003446308566566468,0.0035093853619949217,0.0034192545980458273,0.003480867845092521,1916.391139915992
1781661600,0.003480867845092521,0.0035145951374285366,0.0034624826540029818,0.0034958566215801184,534.3283743959477
1781662500,0.0034958566215801184,0.003501149432615101,0.003448118334193233,0.0034835655885978316,851.4525408762797
1781663400,0.0034835655885978316,0.003552725956913125,0.0034516013956530436,0.0035521793068287255,3450.01454984606
1781664300,0.0035521793068287255,0.003552203596641851,0.0034495841830508227,0.0035214056943325234,2023.7367748195818
1781665200,0.0035214056943325234,0.003679958296765084,0.0034892518730921134,0.0036336319461550935,15208.303589246314
1781666100,0.0036336319461550935,0.00367694061189824,0.003526640048309687,0.0035284431163085913,9496.739894746315
1781667000,0.0035284431163085913,0.0035994795835715644,0.003444039088888107,0.003471761414252772,9168.96355869002
1781667900,0.003471761414252772,0.0034766343927075385,0.003208020651954679,0.003282668568253352,20332.91117699175
1781668800,0.003282668568253352,0.0033344797680475674,0.003234302729248934,0.0032673348722815888,7204.364187373777
1781669700,0.0032673348722815888,0.003355737294238824,0.0032359883282500846,0.003339807800944146,7281.752976705237
1781670600,0.003339807800944146,0.003390641425816029,0.003309505313188267,0.0033674953837014745,5165.093510885904
1781671500,0.0033674953837014745,0.0033788972187429544,0.0033281134882171795,0.003364584156824794,4143.576446177176
1781672400,0.003364584156824794,0.003372848706308553,0.003328509125828565,0.0033588379740331414,4319.1526168129185
1781673300,0.0033588379740331414,0.003377641627245038,0.0033083353520446685,0.0033354712454269344,7622.406179615638
1781674200,0.0033354712454269344,0.0033901213629870413,0.003308551218869402,0.0033816896038552638,4946.137362480239
1781675100,0.0033816896038552638,0.0034043441069184113,0.003329099736460919,0.0033715442985157817,5794.8462464496415
1781676000,0.0033715442985157817,0.0034009951198524235,0.0033315499214082943,0.003360080075406338,3071.829589306646
1781676900,0.003360080075406338,0.0034050700246359136,0.00332925994082448,0.003378939678100325,1134.7039703353744
1781677800,0.003378939678100325,0.0034470602775331493,0.0033246384547638524,0.0034051214638137423,5217.609968431808
1781678700,0.0034051214638137423,0.0034373178858177725,0.003358470295017668,0.0033589353845594866,602.7141374342477
1781679600,0.0033589353845594866,0.0034094548866221977,0.0033478807497374493,0.0033694637444412847,945.9703476299843
1781680500,0.0033694637444412847,0.0033991618257570265,0.0033410134113383903,0.0033745774548327467,303.2015075391468
1781681400,0.0033745774548327467,0.0033745805645296703,0.003314217328540791,0.0033480947109261316,813.5288331500071
1781682300,0.0033480947109261316,0.003350692927397602,0.0032502648803769407,0.003346423405354844,6343.783715349062
1781683200,0.003346423405354844,0.003348377507988976,0.003283457583695182,0.003318052008327703,2832.305949944288
1781684100,0.003318052008327703,0.003320491733319991,0.003248736895697365,0.0032751175286095174,3975.32064519504
1781685000,0.0032751175286095174,0.0032926371745339075,0.003197747530608896,0.0032703263390040055,5944.433623267779
1781685900,0.0032703263390040055,0.0033034922002335536,0.0031990234877124287,0.0032537598540944433,6251.126116876563
1781686800,0.0032537598540944433,0.0033528104226574662,0.003227221283756644,0.0032844875762191375,6594.546376540296
1781687700,0.0032844875762191375,0.003316652180890302,0.003251714922761492,0.003314700065633405,3890.277901489932
1781688600,0.003314700065633405,0.00336702975886713,0.0032608703421573375,0.0033056481370217486,6485.69631862727
1781689500,0.0033056481370217486,0.003334027906928903,0.0032712413035546777,0.0032902035124448767,4522.5207356471265
1781690400,0.0032902035124448767,0.003347524637967089,0.0032810596389064497,0.0033079782235392635,4225.323741295232
1781691300,0.0033079782235392635,0.003544712065563818,0.0033079623599987958,0.003495239423881052,10666.337367624825
1781692200,0.003495239423881052,0.003599313327067282,0.0034731851783975456,0.0035312404651157547,9122.600874129972
1781693100,0.0035312404651157547,0.0035494428211246456,0.003423200832981898,0.003457185153408841,4944.475175501643
1781694000,0.003457185153408841,0.0036015439704234855,0.003411958184459092,0.0035454628587049657,10804.554834696857
1781694900,0.0035454628587049657,0.0035872598736479177,0.003496218353550506,0.0035872598736479177,3916.089002159902
1781695800,0.0035872598736479177,0.003630598714574423,0.003513195761501726,0.0035765538554325947,8635.492540483054
1781696700,0.0035765538554325947,0.00360764567876224,0.0034572599134750776,0.0035341963679216245,7123.676730674625
1781697600,0.0035341963679216245,0.003595213193784833,0.003504161709660346,0.003583683711100235,5140.346764740539
1781698500,0.003583683711100235,0.0035844141437560953,0.0034411579197980613,0.0034839638698053567,9296.961942478352
1781699400,0.0034839638698053567,0.0035121671575012686,0.003461600863134989,0.003495176408090093,4636.02644010446
1781700300,0.003495176408090093,0.00351143846448083,0.003293030378520778,0.0033213588186411258,8319.867417241478
1781701200,0.0033213588186411258,0.0034844530518671926,0.003301651924272681,0.003420671056107477,10261.571693695512
1781702100,0.003420671056107477,0.0034764324824144047,0.0033567732773005596,0.0034430863411638577,7634.793125152335
1781703000,0.0034430863411638577,0.0034539024327806273,0.0033893260248549564,0.0034425355066681055,5536.975360881513
1781703900,0.0034425355066681055,0.003484869106413804,0.003260225312339365,0.0033037012707890544,14172.615618144317
1781704800,0.0033037012707890544,0.0034495173407956535,0.003140659808394245,0.0034264363728910515,26798.691485269293
1781705700,0.0034264363728910515,0.0034833144087811985,0.0033364066571442775,0.0033721892279971544,9153.474479205572
1781706600,0.0033721892279971544,0.003398136823625085,0.003334693262497312,0.0033682332379704975,5201.65440579055
1781707500,0.0033682332379704975,0.003391799644261209,0.003288963521852445,0.0033153312969545494,6463.151117036571
1781708400,0.0033153312969545494,0.003444349360500866,0.003287879307156016,0.0034431221275372905,7186.880048338027
1781709300,0.0034431221275372905,0.0034827456255593337,0.00337715914813575,0.003471285920779038,11401.922443474337
1781710200,0.003471285920779038,0.003479429590935612,0.003382673278587753,0.0034399225255395574,6440.000021214079
1781711100,0.0034399225255395574,0.003509160107732376,0.0034101497156884195,0.0034918081469418197,5982.008860462969
1781712000,0.0034918081469418197,0.003547662433523363,0.003444181524437208,0.003538521709161454,5146.410019533269
1781712900,0.003538521709161454,0.0035738105723549397,0.0035065845492005935,0.0035379398391181547,1995.6575564652615
1781713800,0.0035379398391181547,0.003567996715185534,0.0033357262571673055,0.0034144150465723966,6931.90401395343
1781714700,0.0034144150465723966,0.0034292841699550534,0.0033164085798060394,0.0033432685560298063,2741.8932420619954
1781715600,0.0033432685560298063,0.003345690011375904,0.003208720945545403,0.0032604365583465077,5040.998645947249
1781716500,0.0032604365583465077,0.0033301165747943204,0.003225908672241063,0.003297851176912193,2270.2804221338083
1781717400,0.003297851176912193,0.0033275987728180593,0.003206520300903338,0.0032598722448355915,5592.7676055544725
1781718300,0.0032598722448355915,0.0033233349566933862,0.003211819490959722,0.0032561551492991834,7455.596344683997
1781719200,0.0032561551492991834,0.003263554627165431,0.003107687969899469,0.0032374817587778448,7897.69404397227
1781720100,0.0032374817587778448,0.003273031151539248,0.0031950929497096777,0.003242383317704518,5951.219126970766
1781721000,0.003242383317704518,0.0033255083820770692,0.003204278038131696,0.0033255083820770692,5324.436824777107
1781721900,0.0033255083820770692,0.0033493459699634313,0.003240669358595973,0.003325743791931188,6638.022534072672
1781722800,0.003325743791931188,0.003335365109066504,0.0032460789179337523,0.003305794592993715,3423.1191833973025
1781723700,0.003305794592993715,0.0033347465791832313,0.003128731904837091,0.003174509844745377,10089.394610266105
1781724600,0.003174509844745377,0.003187326886218566,0.0030953137882844877,0.003099596414175537,5763.8308787545075
1781725500,0.003099596414175537,0.003207666274553505,0.0030959870612060365,0.003194338173630226,3943.780770745687
1781726400,0.003194338173630226,0.003219627658121438,0.0031644484962423873,0.0031794877957960965,2720.9159194582085
1781727300,0.0031794877957960965,0.003288185411259641,0.0031775312113854963,0.003278360350923426,3723.4739123348663
1781728200,0.003278360350923426,0.003303457728844775,0.0032530660225564465,0.00329151126202513,2519.282236062834
1781729100,0.00329151126202513,0.0032928874391432617,0.0032111299134715277,0.003243966333752577,3507.084160775547
1781730000,0.003243966333752577,0.0032767237799166166,0.003171131959711675,0.003210300171366855,5874.437034522215
1781730900,0.003210300171366855,0.0032640667166288478,0.0031828650996419167,0.0032291026689260996,7095.235764733232
1781731800,0.0032291026689260996,0.0032843792387168714,0.003195307273271601,0.003198310790778372,4389.354534823303
1781732700,0.003198310790778372,0.003257823092616727,0.0031692600850139383,0.0031976033015955695,4895.435628313347
1781733600,0.0031976033015955695,0.0032054035991627215,0.00314775622138052,0.0031890229148334587,3602.393634293809
1781734500,0.0031890229148334587,0.003261493991915466,0.0031630704865580296,0.0032595652953262707,4086.759975681396
1781735400,0.0032595652953262707,0.0032630548003734086,0.00314479367981536,0.003174276025597335,4488.943405054729
1781736300,0.003174276025597335,0.0031822404102771294,0.0031258869398253274,0.003179067944630793,2920.904077183179
1781737200,0.003179067944630793,0.0031962067026104993,0.003149932211708135,0.003180509476970663,2457.5447997576175
1781738100,0.003180509476970663,0.003195260956925503,0.0031374203713657118,0.0031642669286660553,3058.0467499277197
1781739000,0.0031642669286660553,0.0031793035851072067,0.003110452528700758,0.003137065217566887,3927.457057951547
1781739900,0.003137065217566887,0.0031405503154603442,0.0030696609873864487,0.003129465155400964,4425.614773682774
1781740800,0.003129465155400964,0.0031490795233828075,0.0030921237437601355,0.003126338209680573,3300.891679166883
1781741700,0.003126338209680573,0.003164290297825163,0.0030908322368555226,0.0031624556598940116,2238.987562559946
1781742600,0.0031624556598940116,0.0031647082437524375,0.003098592917528274,0.0031311862567317676,831.124077129412
1781743500,0.0031311862567317676,0.0031570054331321812,0.0030293089600602996,0.0030551249356954345,4808.582446957348
1781744400,0.0030551249356954345,0.003128937907146785,0.0029979960629848766,0.00305578427489471,15660.831238429753
1781745300,0.00305578427489471,0.003081910760263308,0.002976181833560465,0.0030586405337157995,12322.663196612066
1781746200,0.0030586405337157995,0.003272751126774743,0.0029990960174200404,0.0032722457003265997,19476.60072334374
1781747100,0.0032722457003265997,0.0033490127697683157,0.0032309410035192797,0.0032673256474294887,16290.803484483924
1781748000,0.0032673256474294887,0.0033726687738513685,0.003230341650531295,0.0032626838093486785,13284.263614785708
1781748900,0.0032626838093486785,0.003511663154360899,0.003231435608236249,0.003508485850968436,25329.831246801074
1781749800,0.003508485850968436,0.003530943711420021,0.0034295056386239842,0.0034327878861819938,12040.876273028234
1781750700,0.0034327878861819938,0.003510161436876428,0.003411352533555215,0.0034268345541832645,10850.468700090836
1781751600,0.0034268345541832645,0.0035076667568765788,0.0033863694140540603,0.0035050552973377577,14439.638556837865
1781752500,0.0035050552973377577,0.003539213541108082,0.0034450480647533967,0.003449748809171823,10274.107540787003
1781753400,0.003449748809171823,0.0035028382359775113,0.003324629519173075,0.0033258784251317605,10021.852853608145
1781754300,0.0033258784251317605,0.0033590762674337235,0.003251323358397433,0.0032875562631172204,10552.937741758275
1781755200,0.0032875562631172204,0.0032884917956303105,0.0031450035717294597,0.0031909997223813218,12697.26254615409
1781756100,0.0031909997223813218,0.003232077743977017,0.003133344287346955,0.003232077743977017,4843.706384402743
1781757000,0.003232077743977017,0.0032477441657793624,0.003206606001944932,0.003213678515863536,454.6959138306099
1781757900,0.003213678515863536,0.0032417649698620096,0.0031794220301958422,0.0032361224155948052,3994.825055929775
1781758800,0.0032361224155948052,0.0032392572088238863,0.003183958189970013,0.003214440411909575,3216.391789847448
1781759700,0.003214440411909575,0.0032944329674439695,0.0031969631850967397,0.0032752107838373325,7641.47923191547
1781760600,0.0032752107838373325,0.003314706443608434,0.0032040231482642536,0.0032557015822644877,6928.115335565171
1781761500,0.0032557015822644877,0.0032745010817124554,0.0032161596023810306,0.0032721769246026847,2567.7694368205543
1781762400,0.0032721769246026847,0.0033017174961033173,0.0032115511923733408,0.003270242670863285,4471.918150143633
1781763300,0.003270242670863285,0.0032745062671931347,0.0031969491999973777,0.003229089754018514,2951.8160197610996
1781764200,0.003229089754018514,0.003296235930335271,0.003200711608986292,0.003278958614598187,3549.547215647264
1781765100,0.003278958614598187,0.003283061004190838,0.002973715581306028,0.0031280365296002537,17646.64087342056
1781766000,0.0031280365296002537,0.0031707688263984423,0.0031023292061922374,0.0031561640862347875,4309.999581885235
1781766900,0.0031561640862347875,0.0031637548834428024,0.003090420054745679,0.003127270401913071,3646.4665146438515
1781767800,0.003127270401913071,0.0032003210771529627,0.0031212795150459935,0.003198830045654746,3842.818885559073
1781768700,0.003198830045654746,0.003226244739679236,0.0031478183508055453,0.0031773334551786513,4552.388832061376
1781769600,0.0031773334551786513,0.0032241510317295346,0.0031625233742584528,0.0031974539853753792,3374.186160817489
1781770500,0.0031974539853753792,0.0032380689979522818,0.00319488188657764,0.0032257607611491674,2849.1368460793396
1781771400,0.0032257607611491674,0.0032608241372315246,0.0031927102320518366,0.0032187154531260016,3445.734731809528
1781772300,0.0032187154531260016,0.0033019879835865036,0.0031929854899919678,0.0032967775186804023,6758.50685040255
1781773200,0.0032967775186804023,0.0033153903248921454,0.003257375408210626,0.0033039056138158595,7332.340331116899
1781774100,0.0033039056138158595,0.003329076132017406,0.0032685169560528245,0.0033211581784593353,3288.089028905179
1781775000,0.0033211581784593353,0.0033280728251685074,0.003261517898291361,0.003323245712805347,3617.7870293155524
1781775900,0.003323245712805347,0.003365006619928956,0.0032913627525648762,0.0033377152538712515,4228.946395545847
1781776800,0.0033377152538712515,0.003364574732859029,0.0032867612128639903,0.0033136838242268586,3059.0702615375894
1781777700,0.0033136838242268586,0.003319084516678037,0.0032763553726557473,0.0033094471393012837,2435.932287872206
1781778600,0.0033094471393012837,0.00331386752569715,0.003220119493011856,0.003242925328467776,4471.564798422654
1781779500,0.003242925328467776,0.003347460368559243,0.0032216232819926873,0.003344012519829791,4324.713781891826
1781780400,0.003344012519829791,0.0033462891320819727,0.0032456846373133024,0.003273810296412043,1624.2043589226582
1781781300,0.003273810296412043,0.0034400754089480593,0.0032447117307424275,0.0034400754089480593,9895.892011860577
1781782200,0.0034400754089480593,0.0034538970257504916,0.0033459428879462185,0.003394689202707686,6727.63937368014
1781783100,0.003394689202707686,0.0033987108229677336,0.003341957090246364,0.0033769078296672487,488.82574978037843
1781784000,0.0033769078296672487,0.0033891589795275725,0.003328945811633824,0.0033655476244285145,1182.2118328105337
1781784900,0.0033655476244285145,0.003416938343067608,0.0033252922579744145,0.0033533190386746065,2931.606879842779
1781785800,0.0033533190386746065,0.003377219036797107,0.00332465083946747,0.0033692762215539788,1038.8060557866097
1781786700,0.0033692762215539788,0.0033976448983637922,0.0032498440400804923,0.0032717709780633437,5139.982270753963
1781787600,0.0032717709780633437,0.0033611484682187632,0.003232045842151815,0.0032755863293877684,7998.476942204631
1781788500,0.0032755863293877684,0.0033702259669908113,0.0032433159180125827,0.0032891955613990696,5618.428072864069
1781789400,0.0032891955613990696,0.003366939740903277,0.0032510820374808177,0.003295438482169759,6085.621789613411
1781790300,0.003295438482169759,0.0033245946538824145,0.003264245905806746,0.003311945630582071,387.45129365464396
1781791200,0.003311945630582071,0.0033369648487065534,0.003231620138983064,0.003261012489987545,1486.2562499572714
1781792100,0.003261012489987545,0.0032986398307805233,0.0032196804291438523,0.0032503390881008483,1457.1286979398653
1781793000,0.0032503390881008483,0.0032981357265327907,0.0032459206139492094,0.003280142300707046,401.74366522208436
1781793900,0.003280142300707046,0.0032924932371270308,0.003212441391317056,0.003246296274479476,1027.6968981962941
1781794800,0.003246296274479476,0.003246296274479476,0.0031793559310480434,0.0031793559310480434,747.0052713687976
1781795700,0.0031793559310480434,0.0032074746560893166,0.0030866136533467693,0.0031499610866941976,4734.8870722306965
1781796600,0.0031499610866941976,0.003194831642234284,0.0031262211079381708,0.003146036077371119,1524.2674436259638
1781797500,0.003146036077371119,0.0031755230948030647,0.003007951485617915,0.003043064298244698,4646.643745598109
1781798400,0.003043064298244698,0.003096046848001739,0.003017613308896403,0.003056927776278678,2763.656245758592
1781799300,0.003056927776278678,0.0030986378691068017,0.003034324678670541,0.003062110074442442,1507.114722315931
1781800200,0.003062110074442442,0.0031021105796415448,0.003030012006480273,0.0030723178259194875,1028.25189675047
1781801100,0.0030723178259194875,0.0031610040477177363,0.003069750414198182,0.0031384444064390055,1463.3840102087383
1781802000,0.0031384444064390055,0.003160702623869599,0.003102165899627521,0.003102165899627521,984.0431203760422
1781802900,0.003102165899627521,0.003153181764410286,0.003092904312013335,0.003118829406150859,2016.1729878707715
1781803800,0.003118829406150859,0.0031598511035757174,0.003104552925524931,0.0031362698533876324,1598.1790721425455
1781804700,0.0031362698533876324,0.00331051344827548,0.0031362698533876324,0.0032973320681251046,5667.227596771103
1781805600,0.0032973320681251046,0.0032973320681251046,0.0032362173613829574,0.0032794228133094434,1730.7732424197636
1781806500,0.0032794228133094434,0.00339563586775861,0.0032788300191476934,0.0033542269187490236,4382.954747246044
1781807400,0.0033542269187490236,0.00337931300260278,0.0033114839084818263,0.0033117518271688243,3371.4476561759784
1781808300,0.0033117518271688243,0.0033174128175482037,0.003239658942837433,0.003287251489618995,3634.658158522255
1781809200,0.003287251489618995,0.003340611156420204,0.0032462299201297742,0.0033274585609581646,2851.4423504107294
1781810100,0.0033274585609581646,0.0034897411531439088,0.0032945136485917166,0.003469656216871027,8511.08275322019
1781811000,0.003469656216871027,0.003470939297381972,0.0032801196298740355,0.003366396936248586,10161.593560915091
1781811900,0.003366396936248586,0.0034564471881472856,0.003355157703142634,0.0034119316291309513,3480.9330977246323
1781812800,0.0034119316291309513,0.0034597442752565075,0.0033876215160929942,0.0034091730093630196,3848.7809757109158
1781813700,0.0034091730093630196,0.0034091730093630196,0.0033706359041462087,0.003389449057386131,1277.6748227558248
1781814600,0.003389449057386131,0.003389449057386131,0.0033333450858980527,0.0033446072307451876,1063.9919829648818
1781815500,0.0033446072307451876,0.0033446072307451876,0.003269206052203049,0.003269206052203049,1657.496858685438
1781816400,0.003269206052203049,0.0035119961837150994,0.003260672360715377,0.00348024240766614,8190.157675036281
1781817300,0.00348024240766614,0.003528451197682339,0.0034231069056282187,0.003440546283406224,5045.106124434829
1781818200,0.003440546283406224,0.003447106922174254,0.0032964643432423658,0.0032964643432423658,3018.488642173747
1781819100,0.0032964643432423658,0.0033226680274992594,0.0032295012286019903,0.003262163802450291,3506.893609809985
1781820000,0.003262163802450291,0.003270387909671099,0.0032256454656689683,0.0032647157090610695,2935.008067923986
1781820900,0.0032647157090610695,0.0032774059945421844,0.0031704690661747002,0.0031999118703936132,6178.771791316635
1781821800,0.0031999118703936132,0.00322616132256139,0.003164794350059995,0.0032154575408052262,5074.901465872201
1781822700,0.0032154575408052262,0.0032313646949309665,0.0031834453091904914,0.003208836066789123,4577.29999792565
1781823600,0.003208836066789123,0.0032218542064144434,0.0031621960986414946,0.0031876276923980674,5210.379966144514
1781824500,0.0031876276923980674,0.0032106526625032914,0.003143518356095374,0.003207280739381135,5061.456904060658
1781825400,0.003207280739381135,0.0032384488758618493,0.003181633059843976,0.0032347177921906614,5132.274447105287
1781826300,0.0032347177921906614,0.003241960201549078,0.0032026120538221673,0.003238490837841927,4231.25656814002
1781827200,0.003238490837841927,0.003282796890658738,0.0032098872935973164,0.0032486184196663073,7160.94033545555
1781828100,0.0032486184196663073,0.003358383253953384,0.0032438872025972853,0.0033378032260187804,8620.758491181412
1781829000,0.0033378032260187804,0.0034108138035043585,0.003311103526030038,0.0033959945219353546,8021.433857373761
1781829900,0.0033959945219353546,0.0037028345900779226,0.003363386104264444,0.0036616248279640533,17385.84243536144
1781830800,0.0036616248279640533,0.003732139782325084,0.0035917584193566584,0.0036239730030263174,21391.52264183562
1781831700,0.0036239730030263174,0.003979208447783136,0.0035671656003161208,0.003947975776820004,25446.394447929983
1781832600,0.003947975776820004,0.003977469560896029,0.0037881894698204117,0.003826627653680828,12927.944897549743
1781833500,0.003826627653680828,0.003835849494166935,0.0035909584961012794,0.0036849305989007414,14081.3972589903
1781834400,0.0036849305989007414,0.003758196209249731,0.0036569165411415613,0.0037228328623670347,7810.502024233535
1781835300,0.0037228328623670347,0.0037657260663149527,0.0036715387781001124,0.0037013674457667127,8072.07975621918
1781836200,0.0037013674457667127,0.0037983994859404745,0.0036676425071504692,0.0037871201710845777,7220.102213483576
1781837100,0.0037871201710845777,0.003840709612083363,0.003711185862818804,0.003809575049515374,11106.921739020774
1781838000,0.003809575049515374,0.00407427897476573,0.0038090425165026014,0.0038892820488341364,18202.177485781445
1781838900,0.0038892820488341364,0.0038922992655555807,0.0037742910198713614,0.0038393021849942636,10368.841784087297
1781839800,0.0038393021849942636,0.0038517554001444056,0.0037198558781091403,0.0037493629745707704,6787.30442388939
1781840700,0.0037493629745707704,0.0037526238953039066,0.0036964814839907296,0.0037002710802627853,4609.674795300303
1781841600,0.0037002710802627853,0.003731027486617839,0.003635344649167488,0.0036803738838521033,4323.272669806457
1781842500,0.0036803738838521033,0.003693923835043102,0.0036282131429030704,0.003673886897382334,6168.772749501391
1781843400,0.003673886897382334,0.003674526911779437,0.003499659337647313,0.003564170742735365,10607.102292543314
1781844300,0.003564170742735365,0.003615548715416848,0.0035252552862818365,0.0036119688153918457,5948.435302532329
1781845200,0.0036119688153918457,0.003659445701139087,0.0035585426280980476,0.00359718690923359,7535.435215021578
1781846100,0.00359718690923359,0.003678208149236881,0.0035747291182117074,0.003672204736436819,5962.151446717587
1781847000,0.003672204736436819,0.003698569084063333,0.0036355617994013913,0.0036947089639608336,5293.0702835052625
1781847900,0.0036947089639608336,0.0037335453739461605,0.003647472002941335,0.0036998542631480067,6752.6282494076695
1781848800,0.0036998542631480067,0.0037917590399584667,0.003669435523546299,0.003737189808839594,10543.782514571209
1781849700,0.003737189808839594,0.0039096722352132745,0.003731157684924091,0.0038466807850907757,14180.961081695563
1781850600,0.0038466807850907757,0.0038873760079083356,0.003771591194238001,0.003807752454732255,6700.118221475545
1781851500,0.003807752454732255,0.003810032275998238,0.003735413457748541,0.0037713118284852546,4858.75422958223
1781852400,0.0037713118284852546,0.0043558499570031895,0.0037406363059286634,0.004180047804154991,51846.74947508195
1781853300,0.004180047804154991,0.004213661811232606,0.003930364760745087,0.004138299424682397,22853.208351148838
1781854200,0.004138299424682397,0.004329740644387939,0.004005974158215102,0.004329740644387939,14647.59379705853
1781855100,0.004329740644387939,0.004386786314579611,0.0041520914260579295,0.004227908913790245,11446.188001810144
1781856000,0.004227908913790245,0.004471215863041534,0.00419213894134475,0.004330784821426627,20395.63776063256
1781856900,0.004330784821426627,0.004338187836720751,0.004051041511176935,0.004104591685605017,9789.270965411923
1781857800,0.004104591685605017,0.004127721080633698,0.004011125973231958,0.004110432945801524,9716.946661145008
1781858700,0.004110432945801524,0.004122491738454748,0.0039987770152143266,0.0040091600669030355,8513.289247429308
1781859600,0.0040091600669030355,0.0040507999190186285,0.003808104377634313,0.003919990491611503,17416.90039120692
1781860500,0.003919990491611503,0.004135739023033903,0.0039026498422860866,0.004072858954572774,11810.819843216703
1781861400,0.004072858954572774,0.004305503674047892,0.004044920264137698,0.0043046520742084015,9907.483332879343
1781862300,0.0043046520742084015,0.004479742950896091,0.0041834406675900805,0.0042640475274090105,27546.932092277148
1781863200,0.0042640475274090105,0.004319849568911345,0.00412534018219456,0.004221451297650586,9697.411802114779
1781864100,0.004221451297650586,0.004246756842938898,0.004115893362964189,0.0041449514138377766,7062.752785412823
1781865000,0.0041449514138377766,0.004195108567722407,0.004056650261705618,0.004148272271678257,8812.82847492714
1781865900,0.004148272271678257,0.004173329998159947,0.004019493635260579,0.004021455316570402,3113.2029387385883
1781866800,0.004021455316570402,0.0041004120382832545,0.003964120266780354,0.004006231679886201,5167.942983950336
1781867700,0.004006231679886201,0.004063630722308331,0.0039220896427667965,0.003947919839054709,5782.128149645212
1781868600,0.003947919839054709,0.00399758036160228,0.003890621664570907,0.00397418563989663,2786.191403077174
1781869500,0.00397418563989663,0.003978412695804191,0.00386877488988952,0.00395358781705343,3078.52046930862
1781870400,0.00395358781705343,0.004057578460944144,0.0039256364777750215,0.003980596966550405,3982.570950022715
1781871300,0.003980596966550405,0.0040536121360078975,0.003936623523124834,0.003980282937797302,4492.699292201158
1781872200,0.003980282937797302,0.004106984902922011,0.003961444768931674,0.004071892213886999,5642.664038710513
1781873100,0.004071892213886999,0.004071892213886999,0.003885656681171131,0.003954540689543286,5357.39818131053
1781874000,0.003954540689543286,0.004041331646536224,0.003852578704320304,0.003985336353897601,7566.26052007509
1781874900,0.003985336353897601,0.003989544938677769,0.003918893890838602,0.003959051053507848,1263.6030985584937
1781875800,0.003959051053507848,0.004073192652630182,0.003930733763757678,0.004038690326525794,4141.585812990296
1781876700,0.004038690326525794,0.004183774388192704,0.004031493509030365,0.004183774388192704,6391.162244806684
1781877600,0.004183774388192704,0.004219783202538469,0.004112130383529082,0.004136548745903929,4516.370839133785
1781878500,0.004136548745903929,0.0041792019295349495,0.004034420698002997,0.004160485910810248,5035.727797414811
1781879400,0.004160485910810248,0.004208733338813205,0.004089442237916572,0.004181409875016993,4464.712729585403
1781880300,0.004181409875016993,0.004286140673863051,0.0041399025862082104,0.004266404109363027,8442.681491326155
1781881200,0.004266404109363027,0.0042685823643920495,0.00405873306802729,0.004211064537575203,12813.257966983032
1781882100,0.004211064537575203,0.004213101358529807,0.004051809452300356,0.004070905936232179,3397.3276785538387
1781883000,0.004070905936232179,0.004112917906875236,0.004026328722296091,0.004091930531765552,3803.782842292448
1781883900,0.004091930531765552,0.0040947776862619535,0.00398660725928978,0.004020076020031874,2175.632292610088
1781884800,0.004020076020031874,0.00404621964694068,0.0037226763533506763,0.0038760086392969433,15074.85195784287
1781885700,0.0038760086392969433,0.003887732731766483,0.0037404158383918793,0.003867732803762649,7139.833114973097
1781886600,0.003867732803762649,0.003903942809805539,0.0037977369278899176,0.003895773220816528,3789.446197162742
1781887500,0.003895773220816528,0.003895773220816528,0.0038097796366554624,0.003850687807721416,3485.8955795092825
1781888400,0.003850687807721416,0.004126575474016009,0.003797487917343568,0.004067488208075478,9905.125732532793
1781889300,0.004067488208075478,0.004142054699418875,0.004030564712396524,0.004106985852814654,6128.844937874655
1781890200,0.004106985852814654,0.004195175403039711,0.0040223069954329485,0.004168954375206968,7595.542169799454
1781891100,0.004168954375206968,0.00420023280393123,0.004115447585118565,0.0041764639149942445,4828.627267379343
1781892000,0.0041764639149942445,0.004191868425077016,0.004089497038784203,0.00412852601194197,4490.1635726646855
1781892900,0.00412852601194197,0.004239483762571358,0.004099735424739316,0.004176191527315458,2939.7012684658607
1781893800,0.004176191527315458,0.004178889193974748,0.004034732194297399,0.004073295096031024,7057.446647830053
1781894700,0.004073295096031024,0.004098666623084636,0.004001552108978499,0.004048129416768872,4988.891339740696
1781895600,0.004048129416768872,0.004067388274517472,0.003997041621817035,0.004065074899707474,4332.09321253542
1781896500,0.004065074899707474,0.004068701429605485,0.00390040626972915,0.003941358695539905,8266.64531880119
1781897400,0.003941358695539905,0.003944254904995088,0.0037841972992535113,0.0038499782524836633,6409.118394962738
1781898300,0.0038499782524836633,0.003910507861999424,0.003808915901952729,0.00384330935015624,4299.403289096159
1781899200,0.00384330935015624,0.0038827963233023315,0.0037875230492250642,0.0038184311198580373,3251.3547619001342
1781900100,0.0038184311198580373,0.0039061206461479116,0.0037750730670096304,0.0038702895810863343,4942.254534339849
1781901000,0.0038702895810863343,0.003914601918714614,0.003838086345645092,0.0039117065649663975,2397.76645412179
1781901900,0.0039117065649663975,0.003971567704085181,0.003826354920747477,0.003953346524084595,4881.7162713359285
1781902800,0.003953346524084595,0.003977461372829837,0.003913694405473747,0.0039733540683270785,1131.255451573708
1781903700,0.0039733540683270785,0.004017796155562757,0.003940948810257897,0.003973934045302559,2551.7454917031896
1781904600,0.003973934045302559,0.00400750848764279,0.003920230249101246,0.003992647268015554,1713.3917336703369
1781905500,0.003992647268015554,0.004003965828424823,0.0039113754849870695,0.0040039182377128325,3077.6367471956423
1781906400,0.0040039182377128325,0.004086144579915604,0.003974223030553043,0.004078084524990824,1848.1468710647275
1781907300,0.004078084524990824,0.0040809519570735135,0.003966272254522863,0.004006560290981532,2069.028905435013
1781908200,0.004006560290981532,0.004009382806581666,0.0039529551736279325,0.003984149604175829,700.4221960314396
1781909100,0.003984149604175829,0.003984149604175829,0.003907801136790672,0.003907801136790672,2579.5446329920546
1781910000,0.003907801136790672,0.0039977091652345035,0.003907801136790672,0.003946215507517568,3331.1313760717794
1781910900,0.003946215507517568,0.004007567196139413,0.003946215507517568,0.003970622391587421,2876.847818613039
1781911800,0.003970622391587421,0.0040067659193483325,0.003947422311478111,0.0039481557580796555,1602.6748639326102
1781912700,0.0039481557580796555,0.00398879767035374,0.0039195784858305025,0.00398879767035374,1325.6360682692846
1781913600,0.00398879767035374,0.004051090836733977,0.003956194174282262,0.004028766723087156,2073.5180842384434
1781914500,0.004028766723087156,0.0040603080160606046,0.003973273522371257,0.004045283389423996,2470.294424428664
1781915400,0.004045283389423996,0.004072246501550719,0.0040138335745738985,0.004072246501550719,2557.510966684222
1781916300,0.004072246501550719,0.004123937943431744,0.004054831630052702,0.004123274076163515,1138.966834819491
1781917200,0.004123274076163515,0.004149706631584578,0.0040878227873644,0.004144251902806236,1884.548452157587
1781918100,0.004144251902806236,0.004210121887941825,0.004144133708968571,0.004178604007395254,3068.0929834696453
1781919000,0.004178604007395254,0.004253672084157925,0.0041464777514095144,0.004175296001098584,4542.617662420625
1781919900,0.004175296001098584,0.004290570782830931,0.004167973933884588,0.004265368347048716,7947.913689827426
1781920800,0.004265368347048716,0.004266540318629509,0.004177181318375896,0.004216404604585847,13058.908614086382
1781921700,0.004216404604585847,0.004254432426159736,0.004184586380250576,0.004224572306448206,4638.4540074865345
1781922600,0.004224572306448206,0.004452287946830914,0.004210802776311732,0.004255417538868688,14844.110155416882
1781923500,0.004255417538868688,0.004534015704709445,0.00422563864937767,0.004263706390242476,18489.873672109523
1781924400,0.004263706390242476,0.004350452307124074,0.004231696677164144,0.004274015670987346,4159.687963832533
1781925300,0.004274015670987346,0.004277372152700043,0.004134536711324119,0.004209032951827464,5371.596925162507
1781926200,0.004209032951827464,0.004238795602720791,0.004123974249994569,0.004166363807214872,3113.6817986347187
1781927100,0.004166363807214872,0.0042936746625478915,0.004088805383092825,0.004228282111134587,8267.02851748216
1781928000,0.004228282111134587,0.004257576917204811,0.0041013933150663845,0.004131507253546948,3513.993115149069
1781928900,0.004131507253546948,0.004131545594157021,0.003939343417082585,0.004031651947090812,8474.789542331855
1781929800,0.004031651947090812,0.004122018265066591,0.004021241881755598,0.004078899837923126,3133.3505780126297
1781930700,0.004078899837923126,0.004145701788353005,0.004046644161695482,0.004137470361841819,2288.373477606454
1781931600,0.004137470361841819,0.004180538732655001,0.004027283724147408,0.004105453738207612,4452.879208857673
1781932500,0.004105453738207612,0.004137521258982789,0.00404888529877011,0.004078622346516387,609.7093576243182
1781933400,0.004078622346516387,0.0040925835231409415,0.004023729777660412,0.004077990420387918,1072.7540803072254
1781934300,0.004077990420387918,0.004123731783116649,0.0040302981867093544,0.004123726670895013,1308.8597243762142
1781935200,0.004123726670895013,0.004135622525925121,0.0040589993357361505,0.004105318408524304,1726.934492788807
1781936100,0.004105318408524304,0.004188587003550007,0.004100991895636171,0.004164131813225691,2891.089899603062
1781937000,0.004164131813225691,0.00419647631195522,0.004097711981102678,0.0041422278913283836,5678.30059022336
1781937900,0.0041422278913283836,0.004216218578382831,0.004109616484108039,0.004155716445388425,2915.3383449732655
1781938800,0.004155716445388425,0.004191587176382798,0.0040666336190115174,0.004130865441841557,2068.5479423019224
1781939700,0.004130865441841557,0.004131656682585253,0.004041330869124639,0.004117081033177964,2238.145661313389
1781940600,0.004117081033177964,0.0041407787636213635,0.0040135648160080405,0.004043044265068024,2518.471656516246
1781941500,0.004043044265068024,0.004045423463000721,0.003864472889757049,0.003915579438472645,11262.842575048478
1781942400,0.003915579438472645,0.003956814449868692,0.003789041887811349,0.003898219837861298,10655.356641170256
1781943300,0.003898219837861298,0.004004549207679314,0.003865613106681852,0.0040036197353340445,4554.2713288300965
1781944200,0.0040036197353340445,0.0040036197353340445,0.0039116527185703775,0.003941588817333328,940.6270706673309
1781945100,0.003941588817333328,0.003944210124481938,0.0038386154616305594,0.0038669761359837137,2026.2258384891425
1781946000,0.0038669761359837137,0.003892385845740293,0.00372472718410398,0.0037554733549300177,5182.15007376355
1781946900,0.0037554733549300177,0.003782397732977638,0.0035794237903744278,0.0036956902516863963,10501.233396381156
1781947800,0.0036956902516863963,0.0037245143910515626,0.0036287269951278535,0.0037048261894021737,4804.592579273479
1781948700,0.0037048261894021737,0.0037369469978108224,0.0035382864011849558,0.003613057969190734,7652.239188834699
1781949600,0.003613057969190734,0.0037981444238611266,0.003575689249376616,0.003770263097408884,7096.2356731668015
1781950500,0.003770263097408884,0.0037822612387863235,0.0036962736358070077,0.0037392533679770907,1490.2058425723753
1781951400,0.0037392533679770907,0.0037417148466018673,0.0036494203996728244,0.003682885850638811,3276.8794180697487
1781952300,0.003682885850638811,0.0037019094697128426,0.0036406663777144794,0.003681582692681709,2667.391756049831
1781953200,0.003681582692681709,0.003688920194968579,0.003636539364236324,0.003679117556435229,3720.884001803789
1781954100,0.003679117556435229,0.0038008598942178094,0.0036351820865736656,0.0038008598942178094,9960.962364148818
1781955000,0.0038008598942178094,0.003811018053370164,0.00375733450580656,0.003768229920065771,3683.9390690061887
1781955900,0.003768229920065771,0.0038062406529117865,0.0037216297567509143,0.0037492029720610945,3953.956920806776
1781956800,0.0037492029720610945,0.0037719085104285345,0.003716301188473808,0.003741317099146741,2388.097073855363
1781957700,0.003741317099146741,0.00382053271088475,0.0037376845335180043,0.003790647563926616,3346.355566941954
1781958600,0.003790647563926616,0.003826751881778424,0.0037139994189441215,0.003718916635596921,6786.593530425334
1781959500,0.003718916635596921,0.0038176591799480913,0.0037151473722284306,0.003785168804968633,3517.6330361771334
1781960400,0.003785168804968633,0.0038128576141230972,0.0037339145287764047,0.00377866325924933,1870.4267278903574
1781961300,0.00377866325924933,0.003803963813933228,0.0037349821653351006,0.003767589882369088,778.4238306391649
1781962200,0.003767589882369088,0.003796683324425618,0.0037177534088825358,0.0037565583553599738,1824.2240969400586
1781963100,0.0037565583553599738,0.003783634399697018,0.0036164138356850313,0.003657366842984179,4238.348656809395
1781964000,0.003657366842984179,0.0036753701234171453,0.0035851982985958823,0.003585959810999431,3224.2952625430157
1781964900,0.003585959810999431,0.0037167155861846735,0.0035839281052025976,0.0036596039151445712,5148.764505992929
1781965800,0.0036596039151445712,0.00368232604270228,0.003607764011686109,0.003640468047128489,2732.637311005917
1781966700,0.003640468047128489,0.003675685132662132,0.003595414171126034,0.003675685132662132,1791.889574464727
1781967600,0.003675685132662132,0.003675685132662132,0.003605982432918604,0.003637426741553725,2410.0896075229034
1781968500,0.003637426741553725,0.0036511641156788317,0.0035984258811986173,0.0036385645974882793,3680.8255094808183
1781969400,0.0036385645974882793,0.0036385645974882793,0.0035571285104579373,0.003565916093813583,3492.405643597776
1781970300,0.003565916093813583,0.003578937044222244,0.003532388078170796,0.0035602515866388308,1769.4600646583526
1781971200,0.0035602515866388308,0.0035787316790840042,0.003510967578967637,0.0035787316790840042,4254.380682195876
1781972100,0.0035787316790840042,0.003624127741036768,0.0035732736659761528,0.003624127741036768,1237.5155215351074
1781973000,0.003624127741036768,0.0036334228238089107,0.003593179055641365,0.0036021102943930095,719.4046824243026
1781973900,0.0036021102943930095,0.003767175652064846,0.0035978568822761558,0.0037530812410675996,4313.213285292601
1781974800,0.0037530812410675996,0.003775399541032002,0.0037204524317376174,0.0037434508828745527,1223.7691363508288
1781975700,0.0037434508828745527,0.0037694821706239097,0.0036972201324570048,0.0036972201324570048,1084.3366259095296
1781976600,0.0036972201324570048,0.0037570710701262697,0.0036972201324570048,0.0037256952503874332,1442.7870934880752
1781977500,0.0037256952503874332,0.003748444359241029,0.003679496833886517,0.003679496833886517,2967.946715720156
1781978400,0.003679496833886517,0.0037073948110861207,0.0036463204114985707,0.0036851280712768557,3570.6722620635146
1781979300,0.0036851280712768557,0.0037312688165550925,0.003657663855403583,0.003657663855403583,2164.9398296858776
1781980200,0.003657663855403583,0.0036800437895278424,0.0036430000050349793,0.0036430000050349793,213.6965837819721
1781981100,0.0036430000050349793,0.0036430000050349793,0.0035887522641081587,0.003617750942031503,1651.2157774997524
1781982000,0.003617750942031503,0.003620490119865483,0.0035172049664979723,0.003525766379339353,3237.880782665033
1781982900,0.003525766379339353,0.003569810251045814,0.003525766379339353,0.003564159157043333,1131.2780115787873
1781983800,0.003564159157043333,0.0035677903369953647,0.0035280586887014263,0.00353184936000145,991.102363157279
1781984700,0.00353184936000145,0.0035670775211064237,0.0035192262106549187,0.0035511000126423227,1188.990630912473
1781985600,0.0035511000126423227,0.0035905976414551156,0.0035511000126423227,0.003555061682360203,504.3457160120784
1781986500,0.003555061682360203,0.0035856014218306224,0.0035303559495052893,0.003530767281767948,1307.365024342649
1781987400,0.003530767281767948,0.003530767281767948,0.003481755543393959,0.003502572949093799,1313.9358547243614
1781988300,0.003502572949093799,0.0035498368534558475,0.0034844532092443057,0.0035145742680681405,1656.0936828718566
1781989200,0.0035145742680681405,0.0035369799681685987,0.0034840580447621345,0.003506615462729989,289.42258743408655
1781990100,0.003506615462729989,0.0035527132523203346,0.0035064487039137616,0.0035522422442710276,513.5385036136403
1781991000,0.0035522422442710276,0.003598616310325591,0.0035030292847773796,0.003561210771852677,4601.375022080855
1781991900,0.003561210771852677,0.0035854913814956702,0.003554828280748246,0.0035556110869513838,885.0446771331699
1781992800,0.0035556110869513838,0.0035675728148097294,0.0035166444687365784,0.0035634223550962334,1569.141733631461
1781993700,0.0035634223550962334,0.0036001264498710353,0.0035465189063740568,0.0035847397016279038,849.3136194591259
1781994600,0.0035847397016279038,0.003619692108113515,0.003484802715544922,0.003515530469442255,4542.280160153899
1781995500,0.003515530469442255,0.003534137420994969,0.0034710507798207863,0.003475126552229479,5007.725531845072
1781996400,0.003475126552229479,0.003516843782806282,0.0034720097576859364,0.0035084650586582637,4069.218743803235
1781997300,0.0035084650586582637,0.003532613927400383,0.003476408666677666,0.003504437951497866,4798.568635690878
1781998200,0.003504437951497866,0.0035118086023547077,0.0034529708714861845,0.0034891019675829657,5017.007046849787
1781999100,0.0034891019675829657,0.0034898134316138254,0.0034055370773107825,0.0034354293408389272,5411.697613889347
1782000000,0.0034354293408389272,0.003589652304003957,0.0033361350322369233,0.003471909511815764,19404.744766261178
1782000900,0.003471909511815764,0.0035297077664137554,0.0034496397490730297,0.003484928221059037,7453.137856851504
1782001800,0.003484928221059037,0.003538830867956624,0.0034567760655971514,0.0035346031906855714,5070.368444597181
1782002700,0.0035346031906855714,0.003542455965443547,0.0034760524322199273,0.003512621713434243,4959.3403298497915
1782003600,0.003512621713434243,0.0035516474377072275,0.00348493502554404,0.003535762992136858,5439.550996277791
1782004500,0.003535762992136858,0.003539110516917187,0.0034447622219597645,0.0034797478504762264,8867.804929132151
1782005400,0.0034797478504762264,0.0035375277931450353,0.0034113367035058643,0.0034450908190302217,6807.589015164371
1782006300,0.0034450908190302217,0.003482288174169791,0.003414896032981255,0.003451832283969246,2482.899161493121
1782007200,0.003451832283969246,0.0034574153736200834,0.003421106822668297,0.003455568571509862,75.9768762476963
1782008100,0.003455568571509862,0.0034807997916778202,0.00342282352273947,0.0034804140010868444,942.5699476975342
1782009000,0.0034804140010868444,0.003481345002476093,0.0034276707984490897,0.0034666953491620683,810.1544446304304
1782009900,0.0034666953491620683,0.003484968204016485,0.003404186022576009,0.003434144865697328,1318.5858760904016
1782010800,0.003434144865697328,0.003452768399309932,0.003398956398507161,0.003452768399309932,269.9179165508279
1782011700,0.003452768399309932,0.003456020144966125,0.0033832893562790573,0.0034094063059803424,823.3893465654648
1782012600,0.0034094063059803424,0.0034739041822532575,0.0033802008540824682,0.0034739041822532575,1047.7425034174125
1782013500,0.0034739041822532575,0.003482291067805962,0.003401885200598602,0.003442424214402955,1592.81750686123
1782014400,0.003442424214402955,0.003481589826288843,0.003415107885580748,0.003457799219306297,1042.2461143776632
1782015300,0.003457799219306297,0.0034758930571881473,0.003413944231086664,0.0034698029365152695,1863.8377149417279
1782016200,0.0034698029365152695,0.003471563814688331,0.003418523149506793,0.0034630631377713435,895.8918985959424
1782017100,0.0034630631377713435,0.0035392422182583547,0.003429641945866245,0.003524911684317192,2613.4511439475464
1782018000,0.003524911684317192,0.0035772477963550335,0.0034947911908664252,0.003527134067822942,2629.4127279692525
1782018900,0.003527134067822942,0.003703056120539948,0.003525320703891939,0.0036626939103963085,8608.628494274682
1782019800,0.0036626939103963085,0.003739180545184718,0.003603094474589943,0.0037076426492723405,3811.0307436761786
1782020700,0.0037076426492723405,0.0037516470885065366,0.003615922398882843,0.0036853659789764415,7040.760916898702
1782021600,0.0036853659789764415,0.0037043832399992664,0.0036118343789866797,0.0036391023674234493,2266.533734662496
1782022500,0.0036391023674234493,0.003657717695678623,0.003611479614315292,0.003628482308855935,555.8835238753626
1782023400,0.003628482308855935,0.0036558343824058966,0.003543862540443139,0.003543951645754847,3033.687867175623
1782024300,0.003543951645754847,0.003583150482062483,0.00349185717983146,0.003519966869984993,1687.3236793620888
1782025200,0.003519966869984993,0.003522286366096519,0.0034521382331367733,0.0034851730364971944,769.9771405811139
1782026100,0.0034851730364971944,0.0035027418623913213,0.003458769031456233,0.0034992802626879326,395.39806460445743
1782027000,0.0034992802626879326,0.0035078038650206496,0.00343080946929749,0.003481167512780898,1446.7511924223418
1782027900,0.003481167512780898,0.003484902191360351,0.0034264918550913127,0.0034730967766931986,655.5968454850192
1782028800,0.0034730967766931986,0.0034985105430155395,0.003381625284264159,0.003421559146990792,3088.439813207681
1782029700,0.003421559146990792,0.00342242228922787,0.003338742382047271,0.003411972749384823,2706.9688370473373
1782030600,0.003411972749384823,0.0034165270453768676,0.0033305238974163744,0.003382138289176782,3385.0542983066957
1782031500,0.003382138289176782,0.0033877908162451586,0.0033366783384653413,0.0033607242093850373,881.5738549722131
1782032400,0.0033607242093850373,0.003400450853582634,0.0033325009700361304,0.0033977992947568304,2049.6887875382145
1782033300,0.0033977992947568304,0.0034216041628807757,0.0033566476386790913,0.0034214652347505023,1823.1735083838014
1782034200,0.0034214652347505023,0.0035160586988116534,0.0033924459062652824,0.003513061145313687,3988.5030827567757
1782035100,0.003513061145313687,0.003521538397535479,0.0034578815658634484,0.0034893620809461614,1191.2756323287224
1782036000,0.0034893620809461614,0.0035216528204944342,0.0034525364262283954,0.0035193919986372833,922.3267429924279
1782036900,0.0035193919986372833,0.003657682206218318,0.0034901426828250334,0.0036029612457204783,5422.129683618076
1782037800,0.0036029612457204783,0.0036702931691866623,0.0035622184846011862,0.003656809558533715,2348.071238152641
1782038700,0.003656809558533715,0.0036568105052157624,0.00352806715297731,0.0035606038322542623,3707.8440117042146
1782039600,0.0035606038322542623,0.0036021508783430343,0.0035115054744320404,0.003573375171678555,2714.920331031128
1782040500,0.003573375171678555,0.003636911344590309,0.0034846798511109856,0.00351874672908359,7807.087572441984
1782041400,0.00351874672908359,0.0035648953480799995,0.003482302405992513,0.003546289869071249,2402.274429347003
1782042300,0.003546289869071249,0.003571760075563203,0.003501485070994007,0.003554288840737017,1505.7074825230006
1782043200,0.003554288840737017,0.0035705286259554124,0.0035057547248285082,0.0035359706250719294,1079.437159703516
1782044100,0.0035359706250719294,0.0035428128536413657,0.003490457229744264,0.003518424642208315,858.7403273129971
1782045000,0.003518424642208315,0.003549946590644111,0.0034640076811717577,0.0034785519980253467,2497.332434589089
1782045900,0.0034785519980253467,0.0035362197232493503,0.0034759472712913523,0.003494211164290271,803.8846817340282
1782046800,0.003494211164290271,0.003566772486849409,0.0034435594651571165,0.003471082042731085,2653.5545271905808
1782047700,0.003471082042731085,0.0035155696075419023,0.003443996068255159,0.003467025823715383,890.8035004154435
1782048600,0.003467025823715383,0.003496352487358187,0.0034440082472764638,0.003475534314702193,477.61784811478543
1782049500,0.003475534314702193,0.0034778572202633323,0.003404577573905774,0.0034488775443161502,1124.5121897233441
1782050400,0.0034488775443161502,0.0034517899442108126,0.0033800600720232405,0.0034313740956430612,1414.7080583003396
1782051300,0.0034313740956430612,0.0035182362438393893,0.0034015878759980607,0.0034553152713184187,3409.574119663998
1782052200,0.0034553152713184187,0.0034912939455824807,0.0033038698139483194,0.0033416607204220954,9499.749687322166
1782053100,0.0033416607204220954,0.003398317380861664,0.003311298567353275,0.003398317380861664,1183.728401312805
1782054000,0.003398317380861664,0.0034547643047246465,0.0033714573745530566,0.0034230758357148843,1706.2792891755669
1782054900,0.0034230758357148843,0.0034380390787521697,0.0033892610621358336,0.003430548044559657,1020.1215439048498
1782055800,0.003430548044559657,0.003430548044559657,0.0033041139909853125,0.003372213150949112,3059.474757704058
1782056700,0.003372213150949112,0.0033887828701588394,0.0032887789217290134,0.003333608373938927,5099.742621883727
1782057600,0.003333608373938927,0.003357889861090722,0.003281318950005968,0.0033264911592169833,1813.0676636842675
1782058500,0.0033264911592169833,0.003328907285683016,0.0031980127139313646,0.0032338744945226154,7234.9225873787345
1782059400,0.0032338744945226154,0.0033688800561775746,0.00318194554758048,0.0033688800561775746,7110.042409210207
1782060300,0.0033688800561775746,0.0034650125915072975,0.003344729923840197,0.0034269046146103072,6413.987497897527
1782061200,0.0034269046146103072,0.0034293403018299602,0.0033703641621447866,0.00341743038981912,1903.7612683979419
1782062100,0.00341743038981912,0.0034287451827949428,0.003368608392081334,0.003374606745743773,1296.689928741402
1782063000,0.003374606745743773,0.0034047740595222727,0.003349176477450449,0.003376740913682512,690.5557916325898
1782063900,0.003376740913682512,0.0033811478887412114,0.003281429183680964,0.003282814408740885,1851.5106709021534
1782064800,0.003282814408740885,0.0033547647544832655,0.0032524640654440743,0.0033247527258178527,2103.6650723141283
1782065700,0.0033247527258178527,0.0033899008406062456,0.0033226324561693578,0.003330451208985846,1237.1534260286617
1782066600,0.003330451208985846,0.00338273804625342,0.003323943189281845,0.003381700291978073,741.3849978267134
1782067500,0.003381700291978073,0.0033971677002819244,0.003291678188574339,0.003327724074359662,2807.913618970955
1782068400,0.003327724074359662,0.0033842953676399682,0.0032732437450096437,0.0033631272019436654,2934.6900716977616
1782069300,0.0033631272019436654,0.0033919148422857,0.003327986998636897,0.003375010706617216,2135.249663432719
1782070200,0.003375010706617216,0.0034219828015556878,0.003366690081558433,0.0034003391168073477,1267.125181063595
1782071100,0.0034003391168073477,0.0034482932843336316,0.003394857993357339,0.0034189215483396602,1156.4102085584648
1782072000,0.0034189215483396602,0.0034344889235004214,0.0033918773704421797,0.0034045435792099473,648.5854493395418
1782072900,0.0034045435792099473,0.0034602535489579793,0.0034038294441107396,0.003413797067105952,1727.5334352322864
1782073800,0.003413797067105952,0.0034151631914637994,0.0033857133443300456,0.0034129610472236407,305.8006635143133
1782074700,0.0034129610472236407,0.0034148600826330324,0.003352783721490496,0.003382274390611029,247.79796524822788
1782075600,0.003382274390611029,0.00338641270545575,0.003320125963455752,0.003349151079487621,1195.467086953809
1782076500,0.003349151079487621,0.0034057607580890484,0.0033171731297886517,0.003378730709098881,4940.812578017535
1782077400,0.003378730709098881,0.0034602735472125308,0.003378730709098881,0.0034520577555269827,5754.443091149838
1782078300,0.0034520577555269827,0.0034578963395486663,0.003356917927459264,0.0034220204345716,7089.786953887763
1782079200,0.0034220204345716,0.0034286194811367857,0.003144641199373402,0.003198305314941936,15774.89427198178
1782080100,0.003198305314941936,0.0032281315260554943,0.0031484084880935214,0.0031939179475230554,5912.065633678873
1782081000,0.0031939179475230554,0.0032515593818367755,0.003189061242996399,0.003237313993441306,5980.563497901008
1782081900,0.003237313993441306,0.003317202056341618,0.00319610018824809,0.003280870886964606,6254.4244812128645
1782082800,0.003280870886964606,0.0033107125351578893,0.0032520640561083804,0.0032977651420678473,5387.354349032375
1782083700,0.0032977651420678473,0.0033175094647826873,0.0031476698273417104,0.003205970752136646,8628.487728079488
1782084600,0.003205970752136646,0.003218128169131295,0.0031226746744533844,0.003179417117946055,7971.636489217192
1782085500,0.003179417117946055,0.0032640670683740354,0.003148711920303866,0.003257958151366837,6526.9247951166335
1782086400,0.003257958151366837,0.0032598360508339012,0.003172983545880991,0.003229084215388786,5047.750808366834
1782087300,0.003229084215388786,0.0032488087816039493,0.0032003568419164304,0.0032459702024623454,764.7664486237343
1782088200,0.0032459702024623454,0.0032801257150773724,0.003217732882238109,0.0032707896670931863,1190.004410701162
1782089100,0.0032707896670931863,0.003327040356302064,0.0032439604787114855,0.0033220765362094173,1069.3254901595458
1782090000,0.0033220765362094173,0.003334381911233691,0.003295270777104468,0.0033323664361521745,266.2798864350963
1782090900,0.0033323664361521745,0.0034330148171111434,0.0033068646534054964,0.003416476237741834,1687.488317568449
1782091800,0.003416476237741834,0.0035070723759675227,0.0033692049065415595,0.003494226556031883,6451.632570617871
1782092700,0.003494226556031883,0.00350377484258219,0.003422577551230429,0.003489595083632428,2199.790971097588
1782093600,0.003489595083632428,0.0034935234893347694,0.003409675809630812,0.0034392314148028414,816.1146744991939
1782094500,0.0034392314148028414,0.0034628523787818455,0.0034052569969355464,0.0034143473170589805,879.8608230588234
1782095400,0.0034143473170589805,0.00363251955122991,0.0034094873723130646,0.0035692834420523066,10157.024306959891
1782096300,0.0035692834420523066,0.0037027979467104564,0.00355980526826571,0.0036484006491172925,8205.218931715266
1782097200,0.0036484006491172925,0.003658136947849251,0.0035500575344584655,0.0036249017957493373,4534.208388377995
1782098100,0.0036249017957493373,0.0037498015731677716,0.003598979642918636,0.003745906978646051,2428.9246120693647
1782099000,0.003745906978646051,0.003802453148256021,0.0036520729718786055,0.003737351258617995,8306.843751601607
1782099900,0.003737351258617995,0.00384106972824812,0.0036680446545452683,0.003793323929387454,10704.123174049997
1782100800,0.003793323929387454,0.003829145682863782,0.00373576165079315,0.003808959691715424,3153.0631411368117
1782101700,0.003808959691715424,0.0038906151713820466,0.0037222922703961867,0.0037900516313624294,14117.807114908172
1782102600,0.0037900516313624294,0.0038335483222332115,0.0036916119451489687,0.003722425276403486,10305.121439194161
1782103500,0.003722425276403486,0.003744524427512525,0.003625941639545884,0.0037356231221231484,15051.811971756308
1782104400,0.0037356231221231484,0.0037449904283748713,0.00368339060205692,0.0037303984856852036,10120.66387272223
1782105300,0.0037303984856852036,0.0040726252709877685,0.0036993935905937293,0.004029793536786344,22842.436138677105
1782106200,0.004029793536786344,0.004088091210857689,0.00393228240167084,0.004024103097132969,14707.684442074475
1782107100,0.004024103097132969,0.004049958972579982,0.003918777582608467,0.00396197535486708,12055.331692703334
1782108000,0.00396197535486708,0.003970627860890442,0.0039027770386320195,0.003934241903950511,5083.781219208108
1782108900,0.003934241903950511,0.003984050415172574,0.0039006163572519337,0.003951881202022205,5144.066794691137
1782109800,0.003951881202022205,0.00409188647556663,0.0038936669185344183,0.004048030850063972,12942.577156595436
1782110700,0.004048030850063972,0.004078098347603551,0.003946517384128302,0.004056987797655401,9655.143437754297
1782111600,0.004056987797655401,0.0052339466664962815,0.0040239933556488125,0.0049147066963943975,94966.24320682905
1782112500,0.0049147066963943975,0.0049634821512960494,0.004478254063780914,0.004552962386551055,66424.70774754918
1782113400,0.004552962386551055,0.0047662345633428665,0.004538965288828499,0.004731138094125348,19726.219361514373
1782114300,0.004731138094125348,0.004862334723454377,0.004647590911795581,0.004702715011904341,28150.502328749473
1782115200,0.004702715011904341,0.004724045602141491,0.004457551714007279,0.004462721634870631,20836.861697838547
1782116100,0.004462721634870631,0.004500003872414437,0.004331605686729892,0.0044729736381087975,20333.54206439668
1782117000,0.0044729736381087975,0.004599698477357617,0.004425064417201106,0.004599698477357617,10884.04093436208
1782117900,0.004599698477357617,0.0048734922704491476,0.004565609074688591,0.0046355468113732645,26940.789611707958
1782118800,0.0046355468113732645,0.004716099582482213,0.004505651118305552,0.004508163781688289,23927.490654083056
1782119700,0.004508163781688289,0.004623882427913744,0.0044635334639196176,0.004562004886508208,23031.56743680363
1782120600,0.004562004886508208,0.004616237689859106,0.004449107018711904,0.004498711269739392,19590.616456764943
1782121500,0.004498711269739392,0.004520671517579118,0.00431078741852121,0.00446418381327102,21123.883742915114
1782122400,0.00446418381327102,0.00451296291882419,0.004402136115382052,0.004470865462361581,6716.137743817571
1782123300,0.004470865462361581,0.004539956548142222,0.004425963538583749,0.00449349081284308,4211.750758201283
1782124200,0.00449349081284308,0.0045209806094919465,0.00445000697229627,0.004510304296749106,1974.887176097557
1782125100,0.004510304296749106,0.004672276761310728,0.004476405464540699,0.004648958521449119,5380.784736934956
1782126000,0.004648958521449119,0.004733567143424358,0.0046164707780355484,0.004690704300940367,6883.18728262531
1782126900,0.004690704300940367,0.004709634911994668,0.004633241748373194,0.0046652857419487315,1987.8929389807608
1782127800,0.0046652857419487315,0.004782691692120528,0.0045248802250563965,0.004556791262215673,7626.795020981353
1782128700,0.004556791262215673,0.004560222160353449,0.0044960402686056375,0.004530405083390707,2155.639937138593
1782129600,0.004530405083390707,0.004572850402649744,0.004382626357841878,0.004571489318279797,7552.984196692138
1782130500,0.004571489318279797,0.004686993521929638,0.0044751564802121445,0.0046865078446036695,10850.882541091387
1782131400,0.0046865078446036695,0.004689533483370195,0.004629003414717724,0.004671246907441271,864.2087358061468
1782132300,0.004671246907441271,0.0047582369854728785,0.004599460886108428,0.0047582369854728785,5352.322984888086
1782133200,0.0047582369854728785,0.004973103330460607,0.0046563931640059425,0.004914304636066544,13799.402791639397
1782134100,0.004914304636066544,0.005135696332814264,0.0048810537732588265,0.005006720935505829,23539.42840677601
1782135000,0.005006720935505829,0.005343718584050149,0.0049655652874421525,0.00509981241564921,34032.51120725225
1782135900,0.00509981241564921,0.005146952973309533,0.004639586029398161,0.0049567863174491845,31954.698521019785
1782136800,0.0049567863174491845,0.005055114281353668,0.004549627285866204,0.004584864129626222,24727.307156769053
1782137700,0.004584864129626222,0.004585823358825689,0.004476330060970633,0.004518108905183472,9024.173860290906
1782138600,0.004518108905183472,0.0045984851936685025,0.0044590543819465825,0.004501558624025681,7015.971770951224
1782139500,0.004501558624025681,0.004554957076736589,0.00445151531599584,0.004543869622380742,3842.3246666739014
1782140400,0.004543869622380742,0.00458357315624331,0.004441783657330013,0.004482099247981481,5177.498481154646
1782141300,0.004482099247981481,0.004510321539567485,0.004365617416602727,0.004446970220728348,6358.845043281609
1782142200,0.004446970220728348,0.004546248281734913,0.004412686082579514,0.004497897237413203,4478.496102847862
1782143100,0.004497897237413203,0.004532841762986064,0.004364416827843883,0.004445698660156485,5533.443390835336
1782144000,0.004445698660156485,0.0044588399838116745,0.004300742492041721,0.004355907587117447,6456.00155264324
1782144900,0.004355907587117447,0.004432324100310558,0.004320275328364203,0.004429499241514759,3733.976286548505
1782145800,0.004429499241514759,0.004467025582343327,0.004280751509891487,0.00432686083847954,9489.59905763012
1782146700,0.00432686083847954,0.00432686083847954,0.004156776260768734,0.004262412825622193,7639.6848077027935
1782147600,0.004262412825622193,0.004278196750031906,0.004099823915877865,0.004130039861610626,11199.502938275
1782148500,0.004130039861610626,0.00419455711621795,0.00409608584576145,0.0041469447657927535,3895.2488698402717
1782149400,0.0041469447657927535,0.00426880463771219,0.004114086966785463,0.004237995812233801,3649.8671269500574
1782150300,0.004237995812233801,0.0043314770173278295,0.004167253776421779,0.004300038756419495,7535.6115038836015
1782151200,0.004300038756419495,0.0043989026257178305,0.0042659376397973505,0.004361731420300623,4586.749733732071
1782152100,0.004361731420300623,0.0044186602680687794,0.004291133634703924,0.004328768938612131,2405.4089657834397
1782153000,0.004328768938612131,0.004376439346045451,0.004258300445743594,0.004329969869643435,4370.1769869915615
1782153900,0.004329969869643435,0.0043530137541387464,0.004216013074580679,0.004272506318409725,2985.6573418450603
1782154800,0.004272506318409725,0.004297055246105805,0.004235716807204997,0.004238393976190626,1262.8106576418604
1782155700,0.004238393976190626,0.004288897320507244,0.004173120052226787,0.004173120052226787,2843.586869648678
1782156600,0.004173120052226787,0.00424100984569227,0.004146561088432232,0.00423725083756166,4574.413734600021
1782157500,0.00423725083756166,0.0042475936321736555,0.004062284555172473,0.004085708336065958,3969.091521237038
1782158400,0.004085708336065958,0.004130111735897088,0.003968679118649045,0.004065743985478195,15122.667983343872
1782159300,0.004065743985478195,0.004065985280120793,0.003895559408696316,0.004009172485368855,8224.70415830262
1782160200,0.004009172485368855,0.004124401605189692,0.0039775710961792304,0.004124383269324935,2698.5500197417036
1782161100,0.004124383269324935,0.004204964413746256,0.004097681008049119,0.004137663577894184,8414.013358799028
1782162000,0.004137663577894184,0.004211463846453935,0.004115540390540223,0.00419316639425939,4512.023674046089
1782162900,0.00419316639425939,0.00419630151296964,0.004028882522416416,0.004028882522416416,3652.3898428078446
1782163800,0.004028882522416416,0.004094957568796211,0.004010013681775529,0.004049687154780482,3363.4685565271025
1782164700,0.004049687154780482,0.004388421349905621,0.004049687154780482,0.004350317077659944,14231.95344930948
1782165600,0.004350317077659944,0.004505471680440047,0.004350317077659944,0.004438756051518414,7731.985915734959
1782166500,0.004438756051518414,0.004456716672514216,0.004316159337948365,0.004347528572321581,4254.969585701136
1782167400,0.004347528572321581,0.004349453334282414,0.0042847753205376045,0.004289347582908627,5527.595132797279
1782168300,0.004289347582908627,0.004367077483075933,0.004279917937547253,0.004330761492081676,5089.371812705228
1782169200,0.004330761492081676,0.004382630470620749,0.004276721889562252,0.004342113430129243,6534.77433531771
1782170100,0.004342113430129243,0.004374785987574574,0.004258055499626252,0.004258055499626252,5710.095154629826
1782171000,0.004258055499626252,0.004335715384667381,0.004245784744736607,0.004303898845287384,5612.539009635854
1782171900,0.004303898845287384,0.004355141781687978,0.004293583377150589,0.004295169422639378,5267.327025841155
1782172800,0.004295169422639378,0.00443331733340689,0.004289917796794421,0.0044108156022916335,9006.792012154781
1782173700,0.0044108156022916335,0.004420638759341846,0.0043530264618461285,0.0043597892417758756,5812.983033387862
1782174600,0.0043597892417758756,0.004476386969341854,0.004355710994655239,0.00447289499965934,7136.446667599973
1782175500,0.00447289499965934,0.004486761446134919,0.004405280707495526,0.004465206959236468,5722.174306271817
1782176400,0.004465206959236468,0.004709872457927027,0.004435120018767756,0.00466735993891362,14636.520987137068
1782177300,0.00466735993891362,0.004824116385022287,0.0045821583786431,0.004788629610556206,17485.524494326917
1782178200,0.004788629610556206,0.004850950327685632,0.004714443525442023,0.004790165844975182,16318.60551594056
1782179100,0.004790165844975182,0.004978507738072259,0.004693434699386755,0.004869951973493167,31151.39866045489
1782180000,0.004869951973493167,0.005025624622718853,0.004756940414938083,0.0049829483037834,19325.873972518908
1782180900,0.0049829483037834,0.005082392515632317,0.004857724360047969,0.005051890591905189,23252.038201359264
1782181800,0.005051890591905189,0.005219351719982882,0.004999352096287132,0.0050577524315731925,34987.45075010091
1782182700,0.0050577524315731925,0.0050971421543493075,0.004899889472530757,0.0049359896626371665,18641.88806087673
1782183600,0.0049359896626371665,0.00575135588436876,0.004901510831445993,0.005635951247307061,56836.08151617289
1782184500,0.005635951247307061,0.005724398391341413,0.0053316054557699085,0.0053345322649311164,47912.97913656997
1782185400,0.0053345322649311164,0.005643016640183089,0.0048761834417152495,0.004923780740829267,57626.66815638884
1782186300,0.004923780740829267,0.0050720952423959674,0.004866531769654144,0.0049163330187677505,18488.410807820048
