timestamp,open,high,low,close,volume
1777446000,0.00003486237930523772,0.00005392249643976495,0.000014546796545764785,0.000026119201915206863,106094.35978442732
1777449600,0.000026119201915206863,0.00003687256941126344,0.00001764409479038023,0.00003134151532061078,21755.205185634386
1777453200,0.00003134151532061078,0.00011905349114629342,0.00002465930280722071,0.00011682241020650303,37454.39996264735
1777456800,0.00011682241020650303,0.00012433105939362482,0.00003399838454765398,0.000046067982735091706,60134.87436535654
1777460400,0.000046067982735091706,0.00005507259168567601,0.000032994642825233456,0.00003805945279400801,10950.471780044665
1777464000,0.00003805945279400801,0.00004868907014842785,0.00003289044635258373,0.00003621350142320672,6335.269775929872
1777467600,0.00003621350142320672,0.00005474251284291929,0.00003333309772691431,0.000038117072449994986,13501.587604144213
1777471200,0.000038117072449994986,0.00006871740537401945,0.000038117072449994986,0.00006860685021181514,14380.545739992262
1777474800,0.00006860685021181514,0.00017072510859674422,0.00006232238911805222,0.00011715910350940093,99493.89501483952
1777478400,0.00011715910350940093,0.00021214150307614197,0.00006895340824078119,0.00008568952835981467,176517.21852759962
1777482000,0.00008568952835981467,0.00009645543538936825,0.00006733184226010497,0.000083862093592825,23911.470463265654
1777485600,0.000083862093592825,0.000083862093592825,0.000019471103674608822,0.000033315884625533025,37392.37277958702
1777489200,0.000033315884625533025,0.00005844308815676285,0.00002960550781715881,0.00004462805522920025,17199.813188987922
1777492800,0.00004462805522920025,0.00013288295816903177,0.00004462805522920025,0.00008542390083948225,37085.023034353246
1777496400,0.00008542390083948225,0.0000877420684862816,0.000058882931792492045,0.00006536455419666322,8409.71281863341
1777500000,0.00006536455419666322,0.00009475139008631517,0.000053636635928207675,0.00007489708763888614,11863.850180978927
1777503600,0.00007489708763888614,0.00007822556011515496,0.00005794322410596751,0.00006242579474937418,6789.32976139374
1777507200,0.00006242579474937418,0.00006242579474937418,0.00005001316362634643,0.00005557089116716748,6783.425228360705
1777510800,0.00005557089116716748,0.00006478652019953223,0.000051190531969407824,0.00005182493693829141,2936.9342501473016
1777514400,0.00005182493693829141,0.00005248570807544405,0.00003977079913082247,0.00004229645171512439,2634.6216189416887
1777518000,0.00004229645171512439,0.00005780397401896764,0.00003859311941709361,0.00004002050622179232,6006.477147242744
1777521600,0.00004002050622179232,0.00004702852600761208,0.000035362392300800756,0.000044597999350599235,4592.293225247591
1777525200,0.000044597999350599235,0.00005303011622084717,0.0000384219240191942,0.00004180188956244747,7464.605897734606
1777528800,0.00004180188956244747,0.0000509632442944063,0.00004180188956244747,0.0000509632442944063,3591.547114960872
1777532400,0.0000509632442944063,0.0000757532673877644,0.0000509632442944063,0.00007451312287167957,4675.469148707811
1777536000,0.00007451312287167957,0.00008904543279930769,0.00006348185943457174,0.0000803791048554444,5229.8625346629615
1777539600,0.0000803791048554444,0.00009985915138484621,0.00007193780211732337,0.0000828370306227495,6152.884445674638
1777543200,0.0000828370306227495,0.00009360728595062494,0.00005312219954836842,0.00006517952968386256,11852.570272403382
1777546800,0.00006517952968386256,0.00006592574587068762,0.0000568040677298912,0.00005892566272486882,3741.988464498688
1777550400,0.00005892566272486882,0.00010253335348256173,0.00005539440255748989,0.0000852958523497123,17597.3185261013
1777554000,0.0000852958523497123,0.00013050878215518875,0.00008325706823082407,0.0001184673159789649,12458.481562209949
1777557600,0.0001184673159789649,0.000171443067928663,0.00008646985855396866,0.00014232932367870963,18900.41977539412
1777561200,0.00014232932367870963,0.0001463833714405787,0.0001179255400432691,0.00012387998532418685,5391.04076029123
1777564800,0.00012387998532418685,0.00012387998532418685,0.00010177655753958065,0.00010296487675996166,1867.0906938387332
1777568400,0.00010296487675996166,0.00010445049987972772,0.00007868742913529607,0.00008973727119687177,5537.728473985558
1777572000,0.00008973727119687177,0.0000965657182558875,0.00007851695253627691,0.00008720534487392342,4780.363180002965
1777575600,0.00008720534487392342,0.0000990555008107954,0.00008169549844722085,0.00009777600192450294,2186.766032281316
1777579200,0.00009777600192450294,0.00011493505879120163,0.00008812716971469731,0.00010624378189337784,4176.224446038074
1777582800,0.00010624378189337784,0.00010624378189337784,0.00009176177578133653,0.00010351881578221106,2403.4890638625484
1777586400,0.00010351881578221106,0.00010897844837121564,0.00008433038185864078,0.00009060000378221805,5870.635791040316
1777590000,0.00009060000378221805,0.0004261239412418454,0.00008962621850592977,0.0001402982868884034,363739.3471569355
1777593600,0.0001402982868884034,0.00018551245271872864,0.00012061002196222121,0.0001411465730241307,48737.07505304949
1777597200,0.0001411465730241307,0.00016258769735679905,0.00012430803562083875,0.0001299562471942473,13819.822422340252
1777600800,0.0001299562471942473,0.0001350717026577894,0.00009610392749936985,0.00010755050675729959,7322.0473002413255
1777604400,0.00010755050675729959,0.0001388098322174181,0.00010636690097825552,0.0001303435542373957,10803.696634777889
1777608000,0.0001303435542373957,0.00014612413555080262,0.00011738514838578561,0.00011936082013424647,4179.980014850795
1777611600,0.00011936082013424647,0.00013822035695919578,0.00011373196217360458,0.00013353083370994053,3840.4529920546793
1777615200,0.00013353083370994053,0.00014765133341167332,0.00012318035033328435,0.00014765133341167332,6438.519217058482
1777618800,0.00014765133341167332,0.00014765133341167332,0.0001254525697224424,0.00013009752299082442,5064.164340042378
1777622400,0.00013009752299082442,0.00014364920044137604,0.00011525863484272217,0.0001213636893037834,3952.40724665026
1777626000,0.0001213636893037834,0.00013458001615014123,0.00011742111550889691,0.000121898280631397,3118.3823465847354
1777629600,0.000121898280631397,0.0001225833858350398,0.00011549463639624836,0.00012098273304693906,1241.3254305458045
1777633200,0.00012098273304693906,0.00012999529759114928,0.00011674404786124605,0.0001231035977846643,2606.7383982755673
1777636800,0.0001231035977846643,0.00012413157227865308,0.00011434459751209442,0.00011613788779045666,1735.350300575626
1777640400,0.00011613788779045666,0.0001441255087215952,0.00011451968547109668,0.00014208345557810442,5219.557582702987
1777644000,0.00014208345557810442,0.00020739355967275855,0.0001302529108720572,0.0001861374208879074,12266.900740591005
1777647600,0.0001861374208879074,0.000202298384966182,0.00016346925982439316,0.00017589384947738196,11023.61096768391
1777651200,0.00017589384947738196,0.00017607380183056893,0.00014572276470399534,0.00015598202862835396,4834.93968168296
1777654800,0.00015598202862835396,0.00015680338790022654,0.00012706293785365473,0.0001411979175315231,4385.752101726957
1777658400,0.0001411979175315231,0.0001414324520335959,0.00010750461624752563,0.00011153132298351553,6987.250892608579
1777662000,0.00011153132298351553,0.00012957413775306598,0.00007766881829125877,0.00008841500507954942,14964.388176605125
1777665600,0.00008841500507954942,0.00009455566318368445,0.00007607328156973598,0.00008957757906672107,7351.5416227286005
1777669200,0.00008957757906672107,0.00010127781126444542,0.0000702879746861444,0.00008636101778349872,10093.61731021062
1777672800,0.00008636101778349872,0.000108999334851602,0.00007625620973550176,0.00009902094180796167,7605.079349658909
1777676400,0.00009902094180796167,0.00009902094180796167,0.00008314668958777864,0.00008375139843364882,2913.4515221233983
1777680000,0.00008375139843364882,0.00009403940048481718,0.00008309593588513187,0.00009403940048481718,3051.091816212504
1777683600,0.00009403940048481718,0.00009740129588936394,0.00008210635219448999,0.00008845524396438673,3386.5562609484828
1777687200,0.00008845524396438673,0.00011816830612516714,0.00008510236657511534,0.00010688999127933151,5879.482015613275
1777690800,0.00010688999127933151,0.0001086097428754755,0.00009989089515074988,0.00009989089515074988,1067.5234436220212
1777694400,0.00009989089515074988,0.0001016923683628937,0.00009989089515074988,0.0001000438695048976,66.8460489630735
1777698000,0.0001000438695048976,0.00010745167697551293,0.00009551279417502283,0.00010631490836928864,1307.3251090107588
1777701600,0.00010631490836928864,0.0001244890502003423,0.00010631490836928864,0.00010860909641052189,2196.3452525561547
1777705200,0.00010860909641052189,0.00010860909641052189,0.00009511562373874772,0.00009931877689860362,1954.1136754644717
1777708800,0.00009931877689860362,0.0001302842868384093,0.0000981523836612446,0.00012002664889882128,6902.906620234163
1777712400,0.00012002664889882128,0.00012002664889882128,0.00010201747537959701,0.00010368811866428734,2623.179361772438
1777716000,0.00010368811866428734,0.00010625537908845106,0.00009351610887196639,0.00009351610887196639,1346.932415775089
1777719600,0.00009351610887196639,0.00010926089078532186,0.00008291204073230603,0.00009264756192319352,4386.873819053058
1777723200,0.00009264756192319352,0.00009264756192319352,0.00007383916817745403,0.0000890836241139078,5381.82605954629
1777726800,0.0000890836241139078,0.00010135039821920571,0.0000860556422461486,0.00009560074805198421,3845.8006578951595
1777730400,0.00009560074805198421,0.0001290771303578297,0.00009139169841078125,0.0001132157376455343,11065.109074080574
1777734000,0.0001132157376455343,0.0001132157376455343,0.00009225708025550067,0.0000959940824382492,5870.8470986666
1777737600,0.0000959940824382492,0.00009606910722980697,0.00008409941343240788,0.00008530285358991674,2266.5395498586117
1777741200,0.00008530285358991674,0.00010603505713349013,0.00008417163159703225,0.00009849622952049056,2531.656612665018
1777744800,0.00009849622952049056,0.00009849622952049056,0.00008174821579375564,0.00008762047381072719,2505.71629193555
1777748400,0.00008762047381072719,0.00008762047381072719,0.0000747882853970422,0.0000830386672283741,3120.226594787461
1777752000,0.0000830386672283741,0.00008469074452640085,0.00006868896171402819,0.00007764410146879787,3112.3680511882812
1777755600,0.00007764410146879787,0.0000871076026663434,0.00007597623350960325,0.00008010732187304551,2273.5651233116
1777759200,0.00008010732187304551,0.00008369359551571687,0.00006721339531193131,0.00007705616066419553,4273.622212779309
1777762800,0.00007705616066419553,0.00008695948974563888,0.0000717560548746574,0.00007459219908214997,5194.927624958384
1777766400,0.00007459219908214997,0.0000776090552256926,0.00007173385388241515,0.00007564793278262957,2745.1203031677237
1777770000,0.00007564793278262957,0.00009378559026366553,0.00007381005029869973,0.00009366681437612622,4102.442143519598
1777773600,0.00009366681437612622,0.00009662937891546143,0.00007947352768479651,0.00008085408823125952,3376.337545195506
1777777200,0.00008085408823125952,0.00008184835704158645,0.00007441920598347079,0.00007704246373410632,1521.7336552871373
1777780800,0.00007704246373410632,0.00007710876523805536,0.00006318814485593366,0.00006372810853146812,6132.281377910888
1777784400,0.00006372810853146812,0.00007370621366787213,0.0000624241039258935,0.0000709420420838743,4069.345037574512
1777788000,0.0000709420420838743,0.00007182781126141375,0.00006859478231568627,0.00006968281226078182,322.94726962267896
1777791600,0.00006968281226078182,0.00007301489064424803,0.00006898592730056816,0.00007072281900020831,404.7764645956107
1777795200,0.00007072281900020831,0.00007293481047660325,0.00006981285404430463,0.00006981285404430463,381.01867972510075
1777798800,0.00006981285404430463,0.00008108115613430628,0.00006964476640711954,0.00007557273879358519,3107.56123112186
1777802400,0.00007557273879358519,0.00009404709308303933,0.00006671991061486443,0.0000862395571722168,6285.986436674664
1777806000,0.0000862395571722168,0.00008950258980755463,0.00007791649368636865,0.000079128421427791,2494.7333853479663
1777809600,0.000079128421427791,0.00008051254991435607,0.00007596940294278594,0.00007691472126689731,615.3075545490813
1777813200,0.00007691472126689731,0.00007691472126689731,0.00007458965739948766,0.00007463993017852084,166.1495173058269
1777816800,0.00007463993017852084,0.00007737465993242837,0.00006841264391307523,0.00006841264391307523,1287.2472566673825
1777820400,0.00006841264391307523,0.00006961989726024052,0.000051716853862986715,0.0000575200524570243,4082.389022227191
1777824000,0.0000575200524570243,0.000060204009308525937,0.000052249410677880124,0.00005942605779361088,1469.362785520278
1777827600,0.00005942605779361088,0.00006708984946242262,0.00005942605779361088,0.00006264341953514979,1398.3930445571311
1777831200,0.00006264341953514979,0.0000670888183285402,0.00005616638691028968,0.00005698026673084207,2085.732280094904
1777834800,0.00005698026673084207,0.00006316505946726904,0.00005533841666892725,0.0000629343967290896,1123.5445017030913
1777838400,0.0000629343967290896,0.00006436839680246716,0.00006187758771132941,0.00006194227725598645,430.6525364994252
1777842000,0.00006194227725598645,0.00006199069446088189,0.00006089301799873186,0.00006184999821013525,81.31128406320849
1777845600,0.00006184999821013525,0.00006299600504925698,0.00006165932453308265,0.00006299600504925698,114.4900715094283
1777849200,0.00006299600504925698,0.00008040114821363737,0.00006229960658868269,0.0000669992896310263,4337.913960436913
1777852800,0.0000669992896310263,0.00006745781454160566,0.000064437911351774,0.00006532285666610018,551.4245249231882
1777856400,0.00006532285666610018,0.00006609210039586551,0.000064693560383023,0.00006527039888411097,85.56369070178387
1777860000,0.00006527039888411097,0.00006883621070408174,0.00006527039888411097,0.00006883621070408174,202.4918097357743
1777863600,0.00006883621070408174,0.00007338083836938027,0.0000602113874819266,0.00006981677868112713,3642.350773654327
1777867200,0.00006981677868112713,0.0000807924407528166,0.00006574611313477687,0.0000700226857457349,4205.829811606103
1777870800,0.0000700226857457349,0.00007930118875189178,0.0000700226857457349,0.0000757540847802862,1697.5050327068357
1777874400,0.0000757540847802862,0.00010957487646238352,0.00007384299867679983,0.00010897950267895668,4226.351679097946
1777878000,0.00010897950267895668,0.00011598794785567932,0.00010476722494846328,0.00010765106598747586,2530.329857469201
1777881600,0.00010765106598747586,0.00012461984465114584,0.00010765106598747586,0.0001089169900348778,2205.3692077533688
1777885200,0.0001089169900348778,0.00011258279541751961,0.0001089169900348778,0.00011258279541751961,126.40403678703724
1777888800,0.00011258279541751961,0.0001333192126179488,0.00010457809260231793,0.00012852595214739307,2511.4123795383985
1777892400,0.00012852595214739307,0.0001574486013593549,0.00012061890607815495,0.00013544742157594136,5025.76359804259
1777896000,0.00013544742157594136,0.0001446896830670051,0.00011985375682976395,0.00012502972557778587,2707.061367334127
1777899600,0.00012502972557778587,0.0001294387447302382,0.00011636026851192183,0.0001294387447302382,1676.7814366254095
1777903200,0.0001294387447302382,0.0001294387447302382,0.00009407982069817693,0.00011351375341201364,7574.267710800557
1777906800,0.00011351375341201364,0.00011555277955631477,0.00009203423544508638,0.00009352188750471482,3655.102677925548
1777910400,0.00009352188750471482,0.00009352188750471482,0.00008267235967889943,0.00008644484183499021,3512.685111577856
1777914000,0.00008644484183499021,0.00011272201282304195,0.00008452419610164328,0.0000898810846210546,6071.075567510641
1777917600,0.0000898810846210546,0.00010238081957379431,0.0000898810846210546,0.0000994205295437575,2347.5705755004087
1777921200,0.0000994205295437575,0.00010118521866138659,0.00009460212264171811,0.00009460212264171811,677.4704383829337
1777924800,0.00009460212264171811,0.00009560822699527018,0.00008918766446505732,0.00008918766446505732,640.0264912952853
1777928400,0.00008918766446505732,0.00009033026760759523,0.00008210211896849617,0.00008550581489944629,1752.1119033699156
1777932000,0.00008550581489944629,0.00009622512472906042,0.00008550581489944629,0.0000883372295319237,1676.8162372075087
1777935600,0.0000883372295319237,0.0000946396357248498,0.00008660010350959851,0.0000926131570868735,1087.9247372250202
1777939200,0.0000926131570868735,0.00009427770916583087,0.00009063454913725184,0.00009322412280544348,589.0020861948169
1777942800,0.00009322412280544348,0.00009351788714150417,0.00007974593155742366,0.00008582499465389446,2271.9017851505437
1777946400,0.00008582499465389446,0.0000970041890635588,0.00008582499465389446,0.0000970041890635588,2220.8011404187573
1777950000,0.0000970041890635588,0.0001248751451760325,0.0000970041890635588,0.00011140898611844782,3297.1336977716396
1777953600,0.00011140898611844782,0.0001114588575109198,0.0001007228820206412,0.00010309661038114111,869.728547125033
1777957200,0.00010309661038114111,0.00010496067583805655,0.00008296418818206998,0.00008881824032353737,6600.762857232536
1777960800,0.00008881824032353737,0.00009515753628724001,0.00008748494666783397,0.00009515753628724001,613.6719342850113
1777964400,0.00009515753628724001,0.00010090071688031069,0.0000878594456694857,0.00008913769271128502,2300.0549987702057
1777968000,0.00008913769271128502,0.00009515260279586527,0.00008750465520448285,0.00009456851966223389,556.2248489788819
1777971600,0.00009456851966223389,0.00009509727726290708,0.00009218000040112479,0.0000940086589353429,373.13832018792635
1777975200,0.0000940086589353429,0.00011318530567701294,0.00009176925852497311,0.00010865892763735564,3721.4768218134536
1777978800,0.00010865892763735564,0.00014648546197709876,0.00010346115468215703,0.00011618752995381678,12435.342007809226
1777982400,0.00011618752995381678,0.00012919890259504026,0.00010165248197654144,0.00011276192859299242,14576.586882776714
1777986000,0.00011276192859299242,0.00012405859350461007,0.00010491000141986733,0.00010645998355301592,7967.5739176571105
1777989600,0.00010645998355301592,0.00010977764595775864,0.00009469539937015977,0.00009469539937015977,3538.7532754752733
1777993200,0.00009469539937015977,0.00011893254394667239,0.00009434436555242969,0.00010321988679913791,8410.076487625483
1777996800,0.00010321988679913791,0.00011841893133245903,0.0000976327030534268,0.00010095558641424626,5577.921881832565
1778000400,0.00010095558641424626,0.0001135281928614837,0.00009801017237142243,0.000098290373915457,4012.2786317318346
1778004000,0.000098290373915457,0.0003437402156275388,0.00009716025949820217,0.00024493978136082376,98561.4692889641
1778007600,0.00024493978136082376,0.000280890521281672,0.0001452533273946547,0.00017172249592824136,51026.90263244341
1778011200,0.00017172249592824136,0.00018962932178941613,0.00016503103939372082,0.00016836309517443624,6632.490303024776
1778014800,0.00016836309517443624,0.00017378320093401937,0.00013012777042332055,0.00015744347455874747,15242.18020494292
1778018400,0.00015744347455874747,0.000181542264424085,0.00015219549943643786,0.000181542264424085,3498.725255638201
1778022000,0.000181542264424085,0.00018990523989795632,0.0001619587285030042,0.00016321191416860002,3856.8092707283786
1778025600,0.00016321191416860002,0.00016826958680370765,0.0001565022723930003,0.00015678670392361863,1604.7650973297543
1778029200,0.00015678670392361863,0.00016015950583921825,0.00015485301872649468,0.00015833392034397657,738.9754973638768
1778032800,0.00015833392034397657,0.00016408678399892681,0.00014569394022402804,0.00016210884438492572,2927.3672336550753
1778036400,0.00016210884438492572,0.0001884813756699706,0.00015498125134218903,0.00016380718322030573,8856.575757004322
1778040000,0.00016380718322030573,0.00017284600727311298,0.0001602090742928597,0.0001708894940002528,1951.575728420487
1778043600,0.0001708894940002528,0.0001766424811080272,0.00014075498598142632,0.00016505018279394277,7079.639399670115
1778047200,0.00016505018279394277,0.00017931107535107779,0.00015425902156797314,0.00017441527888145735,3966.633256818679
1778050800,0.00017441527888145735,0.00018666080200606397,0.00016717279661632322,0.00017636130332492246,4276.777468139952
1778054400,0.00017636130332492246,0.00021958575761548378,0.0001732513215261807,0.0001811777433289963,9629.691715754845
1778058000,0.0001811777433289963,0.00018190283172265346,0.00014688877132254486,0.00016362992428236407,7086.458734059144
1778061600,0.00016362992428236407,0.000210402759221357,0.0001599804472831764,0.00020505767602878596,10251.427145864976
1778065200,0.00020505767602878596,0.00020505767602878596,0.0001809722539727437,0.00019359555344603379,2783.991939457595
1778068800,0.00019359555344603379,0.00019645154808462819,0.00016038144192517231,0.0001695492612655459,6463.8036420264825
1778072400,0.0001695492612655459,0.00018637776418232614,0.00014970076993138458,0.00018314230334822503,7150.665372282531
1778076000,0.00018314230334822503,0.00018314230334822503,0.0001299416359602071,0.00013924043657015668,7730.955137728917
1778079600,0.00013924043657015668,0.00014716460857044767,0.00013162427578085255,0.00013450005115264212,4523.776510462412
1778083200,0.00013450005115264212,0.00014123955372764512,0.00013355978242319888,0.00014123955372764512,1575.5447004378457
1778086800,0.00014123955372764512,0.000151228219359523,0.00011779971187740171,0.00012040436045537598,3739.8238863108436
1778090400,0.00012040436045537598,0.00013173374667059358,0.00012040436045537598,0.00012724310599581223,2091.0464252857228
1778094000,0.00012724310599581223,0.00013347088658814533,0.00011976863863005895,0.00012132263569250988,1792.006489254656
1778097600,0.00012132263569250988,0.00012335172972311264,0.00010092849698747286,0.00011274009503748795,7228.359937431825
1778101200,0.00011274009503748795,0.00011805857528305356,0.00010257605783309525,0.00011670571497710603,2992.7779887518973
1778104800,0.00011670571497710603,0.00011852107309579518,0.00010384434419151393,0.00011058418604301817,3249.979320771413
1778108400,0.00011058418604301817,0.00015880090259747607,0.00011058418604301817,0.00015416156513412823,25407.71282497229
1778112000,0.00015416156513412823,0.00015526040868941844,0.00012986833014646436,0.00013067340157179276,15539.032687242327
1778115600,0.00013067340157179276,0.0001423373815966982,0.00011999373867397945,0.00012573463411065682,5029.467724766156
1778119200,0.00012573463411065682,0.00014120278734561212,0.00012076133107329887,0.00013527949389608904,4524.861863680803
1778122800,0.00013527949389608904,0.00013527949389608904,0.00011986658650621123,0.00012539995230753442,2456.7865389104104
1778126400,0.00012539995230753442,0.00013701402334677894,0.0001222555185157756,0.00013656001348607587,3026.6299164869015
1778130000,0.00013656001348607587,0.0001613268781041085,0.0001290194425257671,0.00015143422988275518,6143.096530272926
1778133600,0.00015143422988275518,0.00015143422988275518,0.00013173913491037976,0.00013311152639059872,2927.3348005785256
1778137200,0.00013311152639059872,0.00014504505147762883,0.00012045720116500154,0.00013552786875461797,5765.41877519689
1778140800,0.00013552786875461797,0.0001484265418941128,0.00013227111950353044,0.0001441096200199356,3454.471496884396
1778144400,0.0001441096200199356,0.00014716901458049396,0.00013352892439826637,0.00014188787349129502,2114.084553967425
1778148000,0.00014188787349129502,0.00014188787349129502,0.00013037089836962027,0.00013870813816168403,1772.4856394551364
1778151600,0.00013870813816168403,0.0001412545588056042,0.0001344052796148908,0.0001412545588056042,1166.7863642262696
1778155200,0.0001412545588056042,0.0001467060876110217,0.00013546214970134852,0.00013546214970134852,1320.6974876449246
1778158800,0.00013546214970134852,0.00013956521600875604,0.00012968212318202366,0.00013580878513177837,1997.6200569200082
1778162400,0.00013580878513177837,0.0001461859260270212,0.00013375302486954782,0.0001461859260270212,1550.220432178559
1778166000,0.0001461859260270212,0.00014950646915199152,0.00012321918109494518,0.00012964547972729056,2652.7242084115105
1778169600,0.00012964547972729056,0.0001303997886118928,0.00009927342232091032,0.00012095566565324976,20641.13384961637
1778173200,0.00012095566565324976,0.00012781342014418998,0.00011592804880129216,0.00012721500653717317,3193.4754101040658
1778176800,0.00012721500653717317,0.00012995606664478385,0.0001166819170371912,0.00011770181948020596,2070.286460934295
1778180400,0.00011770181948020596,0.00012560200014489855,0.00011097210926729444,0.00011169796717069116,3769.886523962212
1778184000,0.00011169796717069116,0.0001124664895874399,0.00010486646421139652,0.00010486646421139652,1889.7885602144315
1778187600,0.00010486646421139652,0.00011585633328987787,0.00009992861454620933,0.00011261008237920148,3438.850783450646
1778191200,0.00011261008237920148,0.00011587644583075605,0.00008049080986073239,0.00009508262708163408,15149.89801758671
1778194800,0.00009508262708163408,0.0001078542209518651,0.0000799862224582371,0.00008587593829955496,15295.739224725728
1778198400,0.00008587593829955496,0.0000924070697942761,0.00008340611305835369,0.0000864293832606134,2277.7791014640816
1778202000,0.0000864293832606134,0.00009412007866116897,0.00008531723688970338,0.00008679164182526916,2012.5548916224302
1778205600,0.00008679164182526916,0.00009484531797665456,0.00008412262059593868,0.0000918461287168384,1395.822075560189
1778209200,0.0000918461287168384,0.00010695445860230197,0.00008879582452821898,0.00010352825770511944,4883.1928804357685
1778212800,0.00010352825770511944,0.00035367699804669654,0.00010249178973123728,0.0002673572032680961,198706.73336655716
1778216400,0.0002673572032680961,0.0003270550719183149,0.00019784656797425625,0.0002757595951915387,65462.83696330972
1778220000,0.0002757595951915387,0.0003087128382068648,0.00024446271147384005,0.000257037701317531,28252.453473350983
1778223600,0.000257037701317531,0.00025917795680459343,0.00021633049837344867,0.00023590184437187375,13308.14733712403
1778227200,0.00023590184437187375,0.0002366174996396896,0.00017748075462069274,0.00019572885708152974,20108.052847662966
1778230800,0.00019572885708152974,0.00022082598240335234,0.00019319812304396635,0.00020144324346423436,10189.91261823416
1778234400,0.00020144324346423436,0.00028187579218033495,0.0001980878275885101,0.0002227775408556072,32546.905745413733
1778238000,0.0002227775408556072,0.00022939439153356434,0.0001805541290002829,0.0001882920457221415,11843.097799244717
1778241600,0.0001882920457221415,0.00022377052238843116,0.00017396784724120563,0.0002065103949765211,11872.49344655072
1778245200,0.0002065103949765211,0.0002279702704216539,0.00017275219340796329,0.0001741053547387833,9695.073041528696
1778248800,0.0001741053547387833,0.0001996192372305142,0.0001682007699878305,0.00017957693382970397,7937.4432846430855
1778252400,0.00017957693382970397,0.0001915206447990397,0.00017467241331691873,0.00018082722000675294,2542.1352625931872
1778256000,0.00018082722000675294,0.0001829262334850245,0.00011660055273145569,0.00013768904019165234,16321.350216070696
1778259600,0.00013768904019165234,0.00016001041773244077,0.0001294992280247531,0.0001529915964502698,11489.129456451394
1778263200,0.0001529915964502698,0.00028933179479332895,0.00014334744340008552,0.00023563633203525265,32223.78753891378
1778266800,0.00023563633203525265,0.0002942033238700424,0.00021482122397381857,0.00024354446268489585,14923.44189931993
1778270400,0.00024354446268489585,0.00034429820559724636,0.00023405359056209994,0.0003301019016296032,21562.006802787677
1778274000,0.0003301019016296032,0.0003301019016296032,0.0002495659957922379,0.00026194390897919605,6486.833551256144
1778277600,0.00026194390897919605,0.0002657720816143023,0.00023445427657621718,0.0002374412670396556,4448.157259058944
1778281200,0.0002374412670396556,0.00024609766833166087,0.00020383946851424052,0.0002363073656060761,6600.270754754312
1778284800,0.0002363073656060761,0.0002363073656060761,0.0002201382716626181,0.00022745872635865334,1544.7572566586882
1778288400,0.00022745872635865334,0.00024137245116503858,0.0002202883109669915,0.00024137245116503858,2568.532252747716
1778292000,0.00024137245116503858,0.00028331922876199,0.00023374636514813176,0.0002539526511441545,11604.81550674963
1778295600,0.0002539526511441545,0.00026038321372145567,0.0002176345001416731,0.00022468439369242703,4654.417660365051
1778299200,0.00022468439369242703,0.00022921087510651016,0.00018344603882955568,0.0002032385663763791,9133.978143881282
1778302800,0.0002032385663763791,0.0002117519975746885,0.00019743022888860432,0.00021022264168685302,3749.1072647749834
1778306400,0.00021022264168685302,0.0002246522095814184,0.00015809849991486183,0.0002020098057736197,19219.775190122888
1778310000,0.0002020098057736197,0.00021960130792931373,0.0001977783190627123,0.00020215949997442467,2975.3175124786044
1778313600,0.00020215949997442467,0.0002861673646021811,0.00019749519132895757,0.00021021932497772918,11704.137605220783
1778317200,0.00021021932497772918,0.00026621610612357835,0.0002048324965107423,0.0002571453204961029,7074.717283452725
1778320800,0.0002571453204961029,0.0004776387726804977,0.0002400515302990207,0.0004519660887339441,45305.62219681638
1778324400,0.0004519660887339441,0.0005244627536239085,0.000343300332841095,0.0003606175089360813,77253.4805524631
1778328000,0.0003606175089360813,0.00046823484952750194,0.0003518175303381719,0.00038687949143362835,17976.558743177015
1778331600,0.00038687949143362835,0.0003911983145140486,0.0003637823330531706,0.0003759667631848123,1661.855059057911
1778335200,0.0003759667631848123,0.0005706203182684419,0.00037544943966137667,0.0004534056466526578,34545.93889531788
1778338800,0.0004534056466526578,0.0004534056466526578,0.00035678350926020074,0.0003661433573277432,15265.606800913336
1778342400,0.0003661433573277432,0.0004028254664782764,0.0003491636027263736,0.00036758184065795174,9224.999984461452
1778346000,0.00036758184065795174,0.00036758184065795174,0.00029251992739614093,0.0003052702225246653,14286.38343551957
1778349600,0.0003052702225246653,0.0003336573452279278,0.0002635266524050113,0.00029220626929286566,15455.802740290743
1778353200,0.00029220626929286566,0.00031700870352697265,0.00026659845700533407,0.0002725365938806865,13105.556429999853
1778356800,0.0002725365938806865,0.0003288462189495918,0.0002725365938806865,0.0003184497546716027,11632.193200055011
1778360400,0.0003184497546716027,0.00032618689615999486,0.00030046261178448075,0.00031695415735146117,2281.452669581384
1778364000,0.00031695415735146117,0.0003735763860350272,0.00030331828019985823,0.00035718387881721004,5602.92817379905
1778367600,0.00035718387881721004,0.00035718387881721004,0.0003189344183750486,0.00032382658241403246,2789.717403282882
1778371200,0.00032382658241403246,0.0003423784752721327,0.0003045386690672073,0.00033747750166721247,3245.873008344974
1778374800,0.00033747750166721247,0.00036409028549828595,0.00032933145184341726,0.0003612313091082571,2960.478037379756
1778378400,0.0003612313091082571,0.0003723228532177747,0.0003467977666992395,0.0003467977666992395,1985.5636714641882
1778382000,0.0003467977666992395,0.00035268702259636046,0.0003156761158130737,0.0003231939581006882,3187.259913334438
1778385600,0.0003231939581006882,0.00032703238985895154,0.00031318707996898557,0.0003207360639660142,1255.5999741154387
1778389200,0.0003207360639660142,0.0003215296017582019,0.00027541687452082317,0.0002996230728200523,7901.362525356112
1778392800,0.0002996230728200523,0.0003189740602006947,0.000284702128217689,0.0003189740602006947,4263.133294284973
1778396400,0.0003189740602006947,0.0003371675503293209,0.000278606025613851,0.00033456178592915583,5853.955725892639
1778400000,0.00033456178592915583,0.00033456178592915583,0.00027065008119904287,0.000304951059933773,9515.305309314192
1778403600,0.000304951059933773,0.00031108216046756216,0.0002854870683079356,0.00028892082348905203,2136.417983019609
1778407200,0.00028892082348905203,0.00029830951654641016,0.00027642112836522194,0.00028309806346300993,3312.9870679390997
1778410800,0.00028309806346300993,0.00029523993338120244,0.00028309806346300993,0.0002849534335525175,1100.0240993516354
1778414400,0.0002849534335525175,0.00029306667075954,0.00026727924721856776,0.0002916509950250097,2711.4074433817937
1778418000,0.0002916509950250097,0.0003051405102811318,0.0002530587167700566,0.0002664098075832383,11381.248920101483
1778421600,0.0002664098075832383,0.00027086121374083466,0.00024619860973787785,0.0002700969480375861,3692.3275435978594
1778425200,0.0002700969480375861,0.0003096295141828001,0.0002669034344332694,0.00027858575477747487,5591.153683178729
1778428800,0.00027858575477747487,0.00028727242545273384,0.00025870885289027725,0.00028727242545273384,4612.650810410506
1778432400,0.00028727242545273384,0.0002905250173168036,0.00024537073395600363,0.00025371732516348076,4394.810186572393
1778436000,0.00025371732516348076,0.00036767448408424786,0.00025083651661759066,0.00034782736466076826,21770.57263152409
1778439600,0.00034782736466076826,0.0003857609291614407,0.00033293540402751264,0.00035092226429842525,7262.957674924838
1778443200,0.00035092226429842525,0.00036906277592327314,0.000348474481098812,0.0003547351228602208,2978.2638251218596
1778446800,0.0003547351228602208,0.0003735713556318869,0.0003422808313659777,0.0003422808313659777,2667.952811201415
1778450400,0.0003422808313659777,0.00044251007720312103,0.0003183334335953165,0.0003683671721481229,19005.564225909464
1778454000,0.0003683671721481229,0.00044082431094331686,0.0003458496635185884,0.00038077755168934563,16100.546717435856
1778457600,0.00038077755168934563,0.00038421681906083846,0.0003406015891018879,0.0003582372977485798,5684.361090157217
1778461200,0.0003582372977485798,0.00036964324526968413,0.0003333581608333175,0.0003389932827496216,3513.7540330749675
1778464800,0.0003389932827496216,0.000344912695538954,0.00030137885318048426,0.0003216420886248187,4707.0777198217165
1778468400,0.0003216420886248187,0.0003350671942659894,0.00031943023084393386,0.0003236183376221529,1294.893682677806
1778472000,0.0003236183376221529,0.0003422633997550517,0.0003128373386731243,0.0003422633997550517,2318.198593181675
1778475600,0.0003422633997550517,0.00036586108747414234,0.0003422633997550517,0.0003586450062813245,3721.504163492163
1778479200,0.0003586450062813245,0.0003950406906599414,0.0003578355194389863,0.0003748170303725744,2807.8113571594763
1778482800,0.0003748170303725744,0.0003845270415100384,0.00028622665873457106,0.000335388034204009,32013.399247821886
1778486400,0.000335388034204009,0.0003412675705822068,0.0003054873283208804,0.00032721340134066803,5298.929806735146
1778490000,0.00032721340134066803,0.0003867725815133881,0.00032650623761825115,0.0003743276588312455,6909.293514755581
1778493600,0.0003743276588312455,0.00037956635877563693,0.0003122844777899131,0.00033293955338398477,7613.442187752982
1778497200,0.00033293955338398477,0.00033293955338398477,0.0002793709137632532,0.0003101501791589,12035.240710386277
1778500800,0.0003101501791589,0.0006082873369055635,0.0003101501791589,0.00044725287626266267,100706.74461517185
1778504400,0.00044725287626266267,0.0005175210756539925,0.000399487249606071,0.0004193905320822253,19947.704871465303
1778508000,0.0004193905320822253,0.0005549613874380735,0.00041396669530260443,0.000524365415231,30704.33894598451
1778511600,0.000524365415231,0.0006351633674651671,0.0005060859488334251,0.0005333278701877271,20775.687763257574
1778515200,0.0005333278701877271,0.0005333278701877271,0.00042226736884457737,0.0004604299561213007,18514.618645467097
1778518800,0.0004604299561213007,0.00046140848764973473,0.0003662361536862803,0.00041312167822458225,25749.270082231866
1778522400,0.00041312167822458225,0.00047025072132953914,0.00041310628738213735,0.00044301280257857186,5585.493403298771
1778526000,0.00044301280257857186,0.00044650462894032844,0.0003971877345870515,0.0004395962378994564,10080.72899460299
1778529600,0.0004395962378994564,0.00047317316965901835,0.0004197816468712393,0.00043865909777290033,6180.9058218106475
1778533200,0.00043865909777290033,0.00043865909777290033,0.00030890428231348307,0.0003472782362325472,35284.650167712214
1778536800,0.0003472782362325472,0.0003921267864077725,0.0002896188852261343,0.0003157926523546877,21387.08352104124
1778540400,0.0003157926523546877,0.000347037239675709,0.00030775210596383764,0.0003407959828166411,7828.434845768612
1778544000,0.0003407959828166411,0.00034378043437772315,0.0003167282314600579,0.0003276449666750519,7072.829657296549
1778547600,0.0003276449666750519,0.0003294027326182372,0.0002961522506787098,0.0003193667148014061,7678.629978845138
1778551200,0.0003193667148014061,0.0003216503949272836,0.00026801279126391364,0.00029433716113771817,11519.672762209439
1778554800,0.00029433716113771817,0.00034161635504093837,0.000280457668387781,0.00032011135999662055,10604.500690475648
1778558400,0.00032011135999662055,0.00038099607204135024,0.0003099895443666245,0.00032074183354510754,15066.74378375601
1778562000,0.00032074183354510754,0.0003479795959917807,0.000311521549073218,0.0003469263817108808,3226.836886267294
1778565600,0.0003469263817108808,0.0003743101180924502,0.0003184705243377561,0.00033501737759568265,6664.864146075802
1778569200,0.00033501737759568265,0.00033501737759568265,0.00026638401668130655,0.00030111295825878957,16091.254354192883
1778572800,0.00030111295825878957,0.0003046638988855937,0.0002764224037369658,0.0003046638988855937,4033.297213489257
1778576400,0.0003046638988855937,0.00031203848818496906,0.000275661932891464,0.00028094329018140427,5583.678625026721
1778580000,0.00028094329018140427,0.00031502717893564967,0.0002741243108652373,0.00029678180392345523,7773.9051291263495
1778583600,0.00029678180392345523,0.00029758092242789994,0.0002549751219955672,0.0002704181349868597,9353.809952640759
1778587200,0.0002704181349868597,0.0003309312648078615,0.00026942034449749285,0.0003007353508766486,10275.237157292637
1778590800,0.0003007353508766486,0.0003007353508766486,0.00022743136822424555,0.0002415060663361108,26466.94896804625
1778594400,0.0002415060663361108,0.00027802663360189443,0.0001740194957676447,0.00022166903571536865,45406.81886530321
1778598000,0.00022166903571536865,0.0002441556556638638,0.00020377785799947928,0.00022601648376689763,14639.174979876108
1778601600,0.00022601648376689763,0.0002563527343759313,0.00017982792398586514,0.0002187136213301664,24401.96575070308
1778605200,0.0002187136213301664,0.00025513443855139356,0.00021733093249915608,0.00022965184095989852,6746.122561805383
1778608800,0.00022965184095989852,0.0002421413614346633,0.00021689660937766907,0.00023864468194626182,2804.850797998493
1778612400,0.00023864468194626182,0.0002615987223767168,0.00021953130004302986,0.00023065044545967945,7328.704823198932
1778616000,0.00023065044545967945,0.00040443273378218685,0.0002198556318551756,0.00030315132335019383,36126.3317993194
1778619600,0.00030315132335019383,0.00032201524056195045,0.0002506302010975128,0.00025373080269848393,12772.012257734988
1778623200,0.00025373080269848393,0.0002584028397400781,0.00025092942746656426,0.00025716591670327585,1309.1484587972122
1778626800,0.00025716591670327585,0.00025716591670327585,0.0002417003053886893,0.00024640992199798496,2634.6719847330933
1778630400,0.00024640992199798496,0.0002579020013305387,0.00023737070574230955,0.0002465483272273856,2444.4850970035445
1778634000,0.0002465483272273856,0.0002465483272273856,0.00023873731512216915,0.0002397146577259994,861.606973143729
1778637600,0.0002397146577259994,0.00026600207143967535,0.000234881563803903,0.000252248062167102,4871.011365700996
1778641200,0.000252248062167102,0.0003006357371734167,0.000252248062167102,0.000273416144618311,7337.528506210765
1778644800,0.000273416144618311,0.0002770531085273853,0.000230148896755666,0.00023101362605058485,9601.449035220514
1778648400,0.00023101362605058485,0.00030147490304756455,0.0002308847271319253,0.00026059405988947256,14168.768481365662
1778652000,0.00026059405988947256,0.00029524215671859744,0.0002595093617955902,0.00029524215671859744,4790.115582138044
1778655600,0.00029524215671859744,0.00031341023836397344,0.0002934883299127835,0.00029703338488619734,2723.2492667930774
1778659200,0.00029703338488619734,0.00029703338488619734,0.000262734614315066,0.00026832678263075636,5542.553864775042
1778662800,0.00026832678263075636,0.00027669639778777917,0.0002576549988102973,0.0002653970669334988,2253.1883963336077
1778666400,0.0002653970669334988,0.0002653970669334988,0.00024191281177351272,0.00026252895086229823,4355.337090395421
1778670000,0.00026252895086229823,0.00026822644320003406,0.00025130372158298664,0.0002528550642526006,2443.1874785000095
1778673600,0.0002528550642526006,0.0002593710074217808,0.00023242040379612515,0.00023285974188540175,1981.838982898257
1778677200,0.00023285974188540175,0.00023869120450604523,0.00020806328761719745,0.0002178585890260709,9303.999063323177
1778680800,0.0002178585890260709,0.0002297258666031565,0.0001978741403899061,0.00022418379379141273,9979.446952448834
1778684400,0.00022418379379141273,0.00025950461133649567,0.0002204409556054983,0.0002460059419330159,8162.8738447604865
1778688000,0.0002460059419330159,0.000246816715199112,0.000220832722709244,0.00022552431666778916,2541.4166092375517
1778691600,0.00022552431666778916,0.00022716086368411748,0.00019325239969711838,0.00020115428776569272,8780.980109872426
1778695200,0.00020115428776569272,0.00022332443552852335,0.00020115428776569272,0.0002060354439628176,4423.318600041375
1778698800,0.0002060354439628176,0.00021586589309585425,0.00019143538876191003,0.00019706468657016153,3079.2834049615763
1778702400,0.00019706468657016153,0.00022192042525944166,0.0001943464413704252,0.00020434422367879824,3745.562272277183
1778706000,0.00020434422367879824,0.0002511556141046381,0.00019904088314675873,0.00024157190101391923,8174.300560139998
1778709600,0.00024157190101391923,0.00032738698249112604,0.00024033765219805023,0.0003090134335515378,19946.070356217508
1778713200,0.0003090134335515378,0.0003090134335515378,0.0002524485722232266,0.0002524485722232266,5193.906746648584
1778716800,0.0002524485722232266,0.00036309479366553504,0.0002524485722232266,0.00028494213234872323,19337.367892797567
1778720400,0.00028494213234872323,0.0003112626017338774,0.00027858799033669406,0.0002928781801443419,6842.793014322848
1778724000,0.0002928781801443419,0.00029860734109828156,0.00026772327655720627,0.00028150221054198905,3767.943542423935
1778727600,0.00028150221054198905,0.00029264159747587114,0.00023198254926219702,0.00024736595691691066,11836.255284186173
1778731200,0.00024736595691691066,0.0002567456934763136,0.00024351317306486186,0.0002528949535530841,4261.476345374162
1778734800,0.0002528949535530841,0.00029076593435798954,0.0002528949535530841,0.0002651238473859013,6413.658476465531
1778738400,0.0002651238473859013,0.0002880138284085431,0.00025563866413005963,0.0002852226221880158,2763.4309995383906
1778742000,0.0002852226221880158,0.0002884659248471738,0.0002663724989512389,0.0002663724989512389,3513.5017828063565
1778745600,0.0002663724989512389,0.0002803559177256703,0.0002663724989512389,0.0002768115360006165,895.3798640415904
1778749200,0.0002768115360006165,0.00027717520652813216,0.000252764172180232,0.0002586086469339233,1839.5148463282578
1778752800,0.0002586086469339233,0.00028629811389454656,0.00025571970715455915,0.00027751680911895733,4279.770762720258
1778756400,0.00027751680911895733,0.00027751680911895733,0.00023869280166929484,0.0002451430234940201,3674.1892705771393
1778760000,0.0002451430234940201,0.0002514553169156039,0.00022677103906764527,0.0002464210505939425,5069.199495766766
1778763600,0.0002464210505939425,0.00024804929453446753,0.00023716657036018703,0.00024326503757608926,1650.4048799437185
1778767200,0.00024326503757608926,0.0002438249741299856,0.0002276155045933522,0.00023710913607213546,2473.501562432272
1778770800,0.00023710913607213546,0.00027381795563107523,0.00022706908280118083,0.0002500136931131284,5496.8343333228995
1778774400,0.0002500136931131284,0.0002635734944760491,0.0002379557617208097,0.0002604229368227725,4600.0498267543635
1778778000,0.0002604229368227725,0.0002788394399558855,0.00025575374772690513,0.00026700597419519376,6644.193544787255
1778781600,0.00026700597419519376,0.0005809856126107251,0.00025549574137722996,0.0004560048222744947,131318.26236820602
1778785200,0.0004560048222744947,0.0004688269170281196,0.0003544891216114801,0.00037757577791665433,67314.95102372032
1778788800,0.00037757577791665433,0.0004188005742558894,0.00033915441420816737,0.0003721191859749459,11692.538384048501
1778792400,0.0003721191859749459,0.00037708331885737145,0.00031396682594751014,0.0003341093856676325,9241.196404255734
1778796000,0.0003341093856676325,0.0003642180506238273,0.00031166567686438386,0.0003392476437601478,6722.497863585214
1778799600,0.0003392476437601478,0.0003602513605108112,0.0003294356752676435,0.0003510215988662968,4662.546859436721
1778803200,0.0003510215988662968,0.00044167003578486955,0.0003249021508034085,0.00034407465815584497,13731.580074785597
1778806800,0.00034407465815584497,0.00034651581205113547,0.00032150451516286925,0.000321789555624445,1779.0965072443325
1778810400,0.000321789555624445,0.0004425367631964119,0.000321789555624445,0.0003584415832117494,28583.225906354488
1778814000,0.0003584415832117494,0.00036752889776618577,0.00034010951765983823,0.00034983819861748514,3371.9289197220455
1778817600,0.00034983819861748514,0.00034983819861748514,0.0003260998349930666,0.0003302859835359116,1685.0199709020656
1778821200,0.0003302859835359116,0.0003555226795380619,0.0003261846219639978,0.0003494404274984853,4466.394244670089
1778824800,0.0003494404274984853,0.0003541630692065018,0.00031545777214223594,0.00034779001613573294,4192.511196755971
1778828400,0.00034779001613573294,0.00045496284156423074,0.00034423859749285003,0.00038721554902802687,25555.874075800988
1778832000,0.00038721554902802687,0.00038721554902802687,0.00032579238182861976,0.0003706575590722557,11119.491210026525
1778835600,0.0003706575590722557,0.0003753980452395118,0.00032435241713830055,0.00033991482678854667,7625.103129449678
1778839200,0.00033991482678854667,0.00035314865839443626,0.00032429297074336216,0.0003469575069705147,4764.348101739795
1778842800,0.0003469575069705147,0.00035559547159549453,0.0003029343681499996,0.00031182091301174464,8346.341385689857
1778846400,0.00031182091301174464,0.0003631355273587921,0.00030157934981357704,0.0003550160594372719,8762.726527163526
1778850000,0.0003550160594372719,0.0003653520907788857,0.0002930149687961983,0.0003197413304397808,13206.066586906163
1778853600,0.0003197413304397808,0.00032762781672029517,0.0002324598070338223,0.0002866049576019855,49854.02713851032
1778857200,0.0002866049576019855,0.0003225060943476078,0.00023631357076539186,0.00031058720267457756,28367.35622120127
1778860800,0.00031058720267457756,0.00032716373461719563,0.0002296687097775015,0.0002632441304835283,26946.78551659895
1778864400,0.0002632441304835283,0.00028563382289848566,0.00025450775775111555,0.0002770054477658077,5016.420477381079
1778868000,0.0002770054477658077,0.000376964782694286,0.00026974799384524295,0.00035001512756883144,46322.9976301553
1778871600,0.00035001512756883144,0.00040630017662190006,0.00030787730844142075,0.00036584986775449224,34947.897393932595
1778875200,0.00036584986775449224,0.0003707537429207036,0.0003238703632980232,0.0003238703632980232,8633.00198966358
1778878800,0.0003238703632980232,0.00037290137665836555,0.00029702407022098317,0.0003201106743670327,10548.379359988887
1778882400,0.0003201106743670327,0.00033943498500840324,0.0003125033147666442,0.00033266997407537386,4754.696927654345
1778886000,0.00033266997407537386,0.0003342874965340569,0.0003269701777897359,0.00033027134412237007,511.26270970266467
1778889600,0.00033027134412237007,0.0003341408216496703,0.0003173590514557619,0.00031852491752479853,923.2464976822581
1778893200,0.00031852491752479853,0.00032230156305566084,0.00030482325395459554,0.0003073008078466425,2477.5352334834497
1778896800,0.0003073008078466425,0.0003087521800631811,0.00027348152445831814,0.0002970613391551063,5003.279998586848
1778900400,0.0002970613391551063,0.00030438527980914065,0.00027782069706398083,0.00027956283363004007,2932.101880810387
1778904000,0.00027956283363004007,0.00029307844255451127,0.0002775033331074037,0.00029307844255451127,2747.80620291497
1778907600,0.00029307844255451127,0.0003293989089955083,0.00029307844255451127,0.00030591773123492125,4675.49975380282
1778911200,0.00030591773123492125,0.0004721844239908272,0.0002951263728362684,0.00038299991910882716,49532.31216593506
1778914800,0.00038299991910882716,0.00043290294707444684,0.0003747990633837548,0.00039277717282169264,14791.568597668493
1778918400,0.00039277717282169264,0.0005137828052235898,0.00036533125912762733,0.000390917062565882,21149.402491850356
1778922000,0.000390917062565882,0.00042790908882050084,0.0003515055913412553,0.0004225214464212334,12372.776088008373
1778925600,0.0004225214464212334,0.0004225214464212334,0.00038056851354352554,0.00040540753347835816,4689.450272599382
1778929200,0.00040540753347835816,0.0004202682587433268,0.0003753482593323685,0.00037951855072246765,3597.9306307174716
1778932800,0.00037951855072246765,0.00042558460318609743,0.00035080669398923484,0.0003879286786861814,8064.208198119498
1778936400,0.0003879286786861814,0.0003883024586132681,0.0003151973224857618,0.00034174941472195423,15022.319062384264
1778940000,0.00034174941472195423,0.0003796524329826213,0.0003341899969974878,0.0003796524329826213,10087.09589198052
1778943600,0.0003796524329826213,0.000467713039846025,0.0003674803697553264,0.0004320285588637612,19225.35277636962
1778947200,0.0004320285588637612,0.0004436257838129098,0.0003582018110301795,0.00037556176513768585,13266.217923061857
1778950800,0.00037556176513768585,0.00044085747499395786,0.00037401741217667396,0.00041320772026707647,8174.672315190732
1778954400,0.00041320772026707647,0.00041320772026707647,0.0003727414813983288,0.0004008666746420041,5984.195949379734
1778958000,0.0004008666746420041,0.0004129337707000585,0.0003742146800214748,0.00041001773183789474,3181.642348863656
1778961600,0.00041001773183789474,0.0005717031908110656,0.00040696108623048766,0.0004544905442400348,50828.30404156304
1778965200,0.0004544905442400348,0.0004941152734872253,0.0004306645508901235,0.00046045758733054845,10150.864101972138
1778968800,0.00046045758733054845,0.00046557483339896227,0.000431150171672457,0.0004395432016517056,3461.4135154402506
1778972400,0.0004395432016517056,0.0004754872771583595,0.0004395432016517056,0.0004480610444813641,3394.8373174678777
1778976000,0.0004480610444813641,0.00045689628195078806,0.00040564152043006356,0.0004503448804004056,7643.06745219057
1778979600,0.0004503448804004056,0.00046347290657452404,0.00041131937248821567,0.00043617258181520086,4747.677191047441
1778983200,0.00043617258181520086,0.00043851814106890725,0.00041689256965358817,0.00041689256965358817,703.6897968364084
1778986800,0.00041689256965358817,0.00042945669617324176,0.00039366995302067185,0.0004170080093357936,5344.855161804319
1778990400,0.0004170080093357936,0.00042776265228758813,0.0003866468536858081,0.00042421300223698425,3588.4948061453597
1778994000,0.00042421300223698425,0.00042458527404019077,0.00039655196113329007,0.0003967780167984956,1953.27090554782
1778997600,0.0003967780167984956,0.00039712652828345244,0.0003242032864572447,0.00039445016587708525,15782.814899090745
1779001200,0.00039445016587708525,0.0004055483655240526,0.00036792290278505187,0.000400093877262413,3553.514277960397
1779004800,0.000400093877262413,0.0004179525113682227,0.0003954104393681154,0.0004056101737921171,3457.589001881775
1779008400,0.0004056101737921171,0.0004056101737921171,0.0003640291205306785,0.00039692058886280155,4495.928086743893
1779012000,0.00039692058886280155,0.000396934477873766,0.0003338057251809728,0.0003852218532936149,13296.34604946507
1779015600,0.0003852218532936149,0.00039827216423037244,0.00037067496138046686,0.0003830128248691869,1956.4349041082905
1779019200,0.0003830128248691869,0.0004025590278412085,0.00038014634644273105,0.00038836841258218705,2025.10000557012
1779022800,0.00038836841258218705,0.00039641110904361566,0.0003632681630229643,0.0003691662608042471,2330.532905359876
1779026400,0.0003691662608042471,0.0003818352716175847,0.00034810487750781865,0.0003728500153838411,4772.111308880336
1779030000,0.0003728500153838411,0.0003766681143059828,0.0003510281643743158,0.0003551565245484843,1697.1174536170204
1779033600,0.0003551565245484843,0.00035713584515573523,0.0003243934621224153,0.00033889355392640414,2681.243223624591
1779037200,0.00033889355392640414,0.00037063623823237386,0.00033197682444799744,0.0003699551754726414,3700.291139759412
1779040800,0.0003699551754726414,0.0003732952185563924,0.00035519632819398426,0.0003633178533979068,1727.3521522529861
1779044400,0.0003633178533979068,0.0003690084041192789,0.0003370804512981024,0.0003690084041192789,4785.68530035223
1779048000,0.0003690084041192789,0.00039920582822399847,0.00036169052509983575,0.00037630230668589073,5676.12313558121
1779051600,0.00037630230668589073,0.00038046195487386635,0.0003479202103959834,0.0003525965491656455,1761.285171164335
1779055200,0.0003525965491656455,0.00035590814555714814,0.0003273693441723756,0.00033027800096662515,4033.100405288597
1779058800,0.00033027800096662515,0.0003304504770707468,0.000282630779846576,0.0002904921425896175,10738.841486848358
1779062400,0.0002904921425896175,0.0003026230803382589,0.0002870226725977281,0.0003004412981435946,4088.4726173012405
1779066000,0.0003004412981435946,0.0003004412981435946,0.00028707523812814635,0.00029370751004003417,2068.270362394666
1779069600,0.00029370751004003417,0.00031809666129936555,0.00028964188212718997,0.00030834682992169406,2622.027983409873
1779073200,0.00030834682992169406,0.00034269174535572853,0.00029366294347589727,0.0003241814094520417,5567.992928105848
1779076800,0.0003241814094520417,0.0003307180489403025,0.0003136316699791614,0.000329348560012074,3368.9221584037796
1779080400,0.000329348560012074,0.0003306795163224254,0.000314172861003711,0.000328215412257043,3110.2961792534666
1779084000,0.000328215412257043,0.00033145054668536517,0.00028817216807764133,0.00031059934273909383,6341.555770720746
1779087600,0.00031059934273909383,0.0003161676942443686,0.00030280443295582467,0.0003049926876991966,1277.2636735632354
1779091200,0.0003049926876991966,0.00032329661182070677,0.000303689167190616,0.00031580090231267144,1994.980792230913
1779094800,0.00031580090231267144,0.00033540428457192064,0.0003081934814959336,0.0003336262730204789,1355.7449849915463
1779098400,0.0003336262730204789,0.00034048438084993704,0.00029935279926863507,0.00030415586270841964,14843.966098465931
1779102000,0.00030415586270841964,0.00032275763644280955,0.00029613775039097443,0.00032275763644280955,3326.2685051512867
1779105600,0.00032275763644280955,0.0003323929672670443,0.0003185826436205216,0.0003185826436205216,1003.3639877962803
1779109200,0.0003185826436205216,0.00032622933473860466,0.00031420960146660826,0.00032495847874665975,677.2481622336865
1779112800,0.00032495847874665975,0.00032495847874665975,0.00028249419001356743,0.0002881395387761736,3829.1299278342235
1779116400,0.0002881395387761736,0.0002928592006187117,0.0002667594511434139,0.00027339782911014126,6631.29386043651
1779120000,0.00027339782911014126,0.000275267374650944,0.00022364011874239108,0.0002510126054363807,14943.05530173718
1779123600,0.0002510126054363807,0.0002538720739409843,0.00023975187551894902,0.0002495205480034577,2715.179839752728
1779127200,0.0002495205480034577,0.00025744626219859036,0.00023072464836919538,0.0002487689865066086,6712.99618692077
1779130800,0.0002487689865066086,0.0002542013873213732,0.00023739110410421837,0.00023757328334132345,1781.6826451732613
1779134400,0.00023757328334132345,0.00025269922239711705,0.00023757328334132345,0.00025269922239711705,1957.125172110889
1779138000,0.00025269922239711705,0.00025269922239711705,0.00022693299873273066,0.00023712174346954273,3319.9447494952283
1779141600,0.00023712174346954273,0.00024452122713680203,0.00018834297609385362,0.00022669780049295793,15077.284570505166
1779145200,0.00022669780049295793,0.0002614790671784271,0.00022439961694907718,0.00024012273914570265,6627.3827660771785
1779148800,0.00024012273914570265,0.0002439436875304243,0.00023444342141579715,0.00023779424553686064,974.5993600769523
1779152400,0.00023779424553686064,0.00025396352513806135,0.00023779424553686064,0.00024400213520557024,1374.0983125101045
1779156000,0.00024400213520557024,0.0002535074043702911,0.00023104167787550676,0.0002333228942249928,4259.1377955979515
1779159600,0.0002333228942249928,0.00024000201382593647,0.0002093403883896712,0.0002153507785518448,5422.462477754285
1779163200,0.0002153507785518448,0.00023001971648580193,0.0002145886649928868,0.0002187226167603815,1932.041868412926
1779166800,0.0002187226167603815,0.00022223053622289862,0.00019117781236808705,0.00020261760226350094,4163.851113145359
1779170400,0.00020261760226350094,0.00023118218937974493,0.00020261760226350094,0.00022289143919643128,3129.565795139086
1779174000,0.00022289143919643128,0.00023174915597431577,0.00022045294414312517,0.00022964851180043842,1647.2505084234963
1779177600,0.00022964851180043842,0.00022964851180043842,0.00020240994703081772,0.00021524719055310987,2924.620408779175
1779181200,0.00021524719055310987,0.0002161789415592063,0.00020049175286800754,0.0002134288545482509,2251.0853326294377
1779184800,0.0002134288545482509,0.00025275193963157893,0.00021058279173646855,0.00023880177201927383,9542.370615863521
1779188400,0.00023880177201927383,0.0002391223762375439,0.00022195830376990928,0.00023267527708852569,2243.4521456886723
1779192000,0.00023267527708852569,0.0002583792994084711,0.00023267527708852569,0.00025110215717638563,4560.994059688688
1779195600,0.00025110215717638563,0.0002736991389057855,0.00024642122174380683,0.00025963749352705067,3132.175567168556
1779199200,0.00025963749352705067,0.0003011777461579729,0.00024006940302353927,0.00028096818237083673,12345.641084430788
1779202800,0.00028096818237083673,0.00028349658305180003,0.0002632967338845598,0.0002815610919407209,2114.732806032786
1779206400,0.0002815610919407209,0.00029522055018605986,0.00023873145746888415,0.00026089032151095355,4245.926206451002
1779210000,0.00026089032151095355,0.00028782423109554776,0.0002562965801289054,0.00025925637903345775,4280.292220421626
1779213600,0.00025925637903345775,0.0002657935696543777,0.00025877586331817264,0.0002641929313055905,679.8740627813013
1779217200,0.0002641929313055905,0.00027146806398575823,0.0002471612623125604,0.00026783735814089676,2538.0531130375134
1779220800,0.00026783735814089676,0.00026783735814089676,0.0002550039343176909,0.0002593437554544306,739.1840191307756
1779224400,0.0002593437554544306,0.0002746500749624412,0.0002553934831036236,0.0002704113803719098,1519.6314964099104
1779228000,0.0002704113803719098,0.00027436756444476894,0.00025945988395025216,0.00025945988395025216,740.7760777447962
1779231600,0.00025945988395025216,0.0002824104483873541,0.0002586963867953837,0.00027519143083145617,1479.8752831928746
1779235200,0.00027519143083145617,0.0002929255829364875,0.0002742827110517443,0.0002742827110517443,1835.716973937929
1779238800,0.0002742827110517443,0.0002742827110517443,0.0002520305529517002,0.00026395649432783965,3101.7591304971934
1779242400,0.00026395649432783965,0.00026519053158518597,0.00025751311296458697,0.00025865841322509795,1121.9997813185735
1779246000,0.00025865841322509795,0.00026149709706376156,0.00025196175090085726,0.00025816458697347055,790.1693338358002
1779249600,0.00025816458697347055,0.0002625841010145965,0.0002393639440040041,0.00024801530227226004,1989.0207027742447
1779253200,0.00024801530227226004,0.00025047203327490644,0.00024354339938398808,0.0002474650246861355,898.4928395217541
1779256800,0.0002474650246861355,0.0002644219479996402,0.0002371485899974291,0.00024098652270138573,3311.9969238090043
1779260400,0.00024098652270138573,0.00029313224664521444,0.00023983495160043655,0.0002799679785927601,4409.686230971991
1779264000,0.0002799679785927601,0.00029393232211105187,0.00027439198461006473,0.0002782961623891578,3341.9920918434286
1779267600,0.0002782961623891578,0.00030927547144297035,0.000274119762466726,0.0003038996072755842,4019.148873937406
1779271200,0.0003038996072755842,0.0003089295158157827,0.0002751559969768448,0.0002826202118823509,2827.2288219886977
1779274800,0.0002826202118823509,0.0002826248402937036,0.00027246383911070694,0.00027594348148737976,484.5678906780948
1779278400,0.00027594348148737976,0.00029367056286075215,0.00027594348148737976,0.00029060710035325583,1497.9867201876737
1779282000,0.00029060710035325583,0.00029060710035325583,0.00026209500114255876,0.0002662480704760915,3361.3062971131562
1779285600,0.0002662480704760915,0.00026999741513231937,0.00022062323425667767,0.00024649275044550295,10270.157509362087
1779289200,0.00024649275044550295,0.0002615084854702038,0.00024528786545365645,0.0002515234661492463,1538.0874747413566
1779292800,0.0002515234661492463,0.00026169964149578634,0.0002378287427352975,0.00025616839893333524,3723.7499990903666
1779296400,0.00025616839893333524,0.00025616839893333524,0.00022846294633817516,0.00022846294633817516,1999.997726016904
1779300000,0.00022846294633817516,0.0002400386884910377,0.00021764914374202186,0.00022581715665834866,4553.680895973368
1779303600,0.00022581715665834866,0.00023887007074858895,0.00022581715665834866,0.00023887007074858895,1103.7958274562257
1779307200,0.00023887007074858895,0.00024203120424674043,0.0002322309163057559,0.00023986185641875594,1473.5204412834512
1779310800,0.00023986185641875594,0.0002445456415928637,0.0002243683037718045,0.00023531125239106894,3616.9349325452363
1779314400,0.00023531125239106894,0.00023661126106095753,0.0001869969174735242,0.00021059463690644117,9687.468284378041
1779318000,0.00021059463690644117,0.00021059463690644117,0.00019656287599969106,0.00020084362364984008,2364.365100215291
1779321600,0.00020084362364984008,0.00021579030172951756,0.00018146745166088983,0.00018752810852350698,5225.6437390108
1779325200,0.00018752810852350698,0.00019022286330368763,0.0001828059059858495,0.0001828059059858495,2349.670821500517
1779328800,0.0001828059059858495,0.00019344961097482173,0.00018162425627334016,0.00018386120024884028,1526.7626715442764
1779332400,0.00018386120024884028,0.00019068871422113457,0.0001822432671322626,0.00019003848248169437,1015.2414527725456
1779336000,0.00019003848248169437,0.00019354473355748405,0.00017715124724684782,0.00018115313631036204,1887.6759277683661
1779339600,0.00018115313631036204,0.0001850772373220599,0.0001759639220848055,0.0001759639220848055,752.0350030206472
1779343200,0.0001759639220848055,0.00019929975725264498,0.0001759639220848055,0.00019929975725264498,2465.869257192898
1779346800,0.00019929975725264498,0.00019929975725264498,0.00018739717345775595,0.00019333128717671316,1555.4954916269571
1779350400,0.00019333128717671316,0.00019575759573111097,0.00018327359330037925,0.00018816983979946447,2539.006614502155
1779354000,0.00018816983979946447,0.00020141235831585156,0.00018816983979946447,0.0001973829164148432,1599.623255218002
1779357600,0.0001973829164148432,0.00020264065890315006,0.00018770010363048075,0.00018969979691344099,1377.287991433416
1779361200,0.00018969979691344099,0.00020137267092328067,0.00018200133508604804,0.00020137267092328067,2042.6349399663088
1779364800,0.00020137267092328067,0.0002170723845310254,0.0001872425116806729,0.00019609705452657312,3817.688433265365
1779368400,0.00019609705452657312,0.00021317447311292094,0.00019325788191557546,0.00020000114045851165,3147.719391871943
1779372000,0.00020000114045851165,0.00020542767998786625,0.00019967885303369753,0.00020520459909148804,195.43574218534906
1779375600,0.00020520459909148804,0.00020520459909148804,0.00018709969270857174,0.0001957412679618518,1950.9036671833287
1779379200,0.0001957412679618518,0.00019770866868377643,0.0001747174189264758,0.00018004752706950728,2497.4055223333435
1779382800,0.00018004752706950728,0.00018306258973601694,0.000168519125052268,0.00017743695837357776,2297.008653409009
1779386400,0.00017743695837357776,0.00018743001214489242,0.00016815056917808573,0.00017834132675803916,2708.933227508675
1779390000,0.00017834132675803916,0.0001821197596828961,0.00015454723763474573,0.00016404471163340305,4209.089268119143
1779393600,0.00016404471163340305,0.0001908129520432928,0.00016380206491189034,0.00018772202118827336,4807.470489508788
1779397200,0.00018772202118827336,0.00018776968022045937,0.00017655067313092782,0.0001786075071809812,814.2951993648484
1779400800,0.0001786075071809812,0.0001868994969153174,0.00017776796389275764,0.0001868994969153174,959.8830194437136
1779404400,0.0001868994969153174,0.0001868994969153174,0.00016063413300241918,0.00017029025120977943,3667.343717992513
1779408000,0.00017029025120977943,0.00018029067067013444,0.00015961048323209195,0.00017500276674687164,3749.804700936713
1779411600,0.00017500276674687164,0.00017500276674687164,0.00016548299679649162,0.00016791536127138063,791.9382583867659
1779415200,0.00016791536127138063,0.00017137877869961732,0.00016402176267539756,0.00016402176267539756,758.1916173879547
1779418800,0.00016402176267539756,0.00017297634119526118,0.00016402176267539756,0.0001662980767632784,1150.6860993050132
1779422400,0.0001662980767632784,0.0002143541237430932,0.0001662980767632784,0.00018615625333421443,9694.123465614744
1779426000,0.00018615625333421443,0.000190103286038485,0.00018249096188252927,0.00018327956906956377,846.3355975829871
1779429600,0.00018327956906956377,0.0001858752826816703,0.00017279964200191797,0.0001831931013793179,1781.7489371367085
1779433200,0.0001831931013793179,0.00019824815240834743,0.0001782938883208991,0.0001980181852311755,2368.5486660412053
1779436800,0.0001980181852311755,0.0002386817153425762,0.0001980181852311755,0.0002189438187142324,3797.317104718543
1779440400,0.0002189438187142324,0.0002189438187142324,0.0002085168316829184,0.00021228721184039383,631.6351527257516
1779444000,0.00021228721184039383,0.0002162947634313007,0.00020327317332007405,0.0002162947634313007,1326.8222118634392
1779447600,0.0002162947634313007,0.00021771967214638475,0.00021072357712906606,0.00021180228600467088,723.0999508267795
1779451200,0.00021180228600467088,0.00021180228600467088,0.00019770061625223566,0.00020429798366707047,1212.8186320894958
1779454800,0.00020429798366707047,0.00020429798366707047,0.00018756059772812787,0.00019148546770937573,2379.932426318008
1779458400,0.00019148546770937573,0.00019322059475491862,0.0001852988809532401,0.0001852988809532401,596.1998488850767
1779462000,0.0001852988809532401,0.0001879854075941713,0.00017075053074694358,0.0001729514190160457,2248.797158921034
1779465600,0.0001729514190160457,0.00018162644331863319,0.0001729514190160457,0.00018101129321424246,1455.785702205434
1779469200,0.00018101129321424246,0.00018247066618031258,0.00017550061638544871,0.00017550061638544871,308.0343961931302
1779472800,0.00017550061638544871,0.00017759446026639815,0.00015761905060560714,0.0001673310759361385,2396.205030519217
1779476400,0.0001673310759361385,0.00018419019960966854,0.0001673310759361385,0.0001767669061541028,1787.8419412994194
1779480000,0.0001767669061541028,0.00018129709477115205,0.00017529899860312307,0.00017884393824583954,545.0101814839147
1779483600,0.00017884393824583954,0.00017984071423411365,0.00017499880504001763,0.00017636961269481294,534.8637737846299
1779487200,0.00017636961269481294,0.00017803195223219722,0.00016517289214463724,0.00016556552279619555,966.490640290858
1779490800,0.00016556552279619555,0.00016779037247126427,0.0001649443830789182,0.00016658486546330988,318.3049389833695
1779494400,0.00016658486546330988,0.00016854816853557753,0.00015867749899585378,0.00016123592437985334,1028.3570932779419
1779498000,0.00016123592437985334,0.0001733092897382923,0.00016123592437985334,0.00017251783108192614,998.1591932813022
1779501600,0.00017251783108192614,0.0001759389330094956,0.00016887997563202147,0.0001759389330094956,877.850247858486
1779505200,0.0001759389330094956,0.0001759950917436637,0.0001716741953421044,0.00017377091442035596,159.6978236470625
1779508800,0.00017377091442035596,0.00017540157029222934,0.00017097650267872228,0.00017540157029222934,207.76027867968438
1779512400,0.00017540157029222934,0.00017632497686830893,0.00016914279935481357,0.00016914279935481357,378.2745702068007
1779516000,0.00016914279935481357,0.00017129758485665423,0.00016523366000472165,0.00017129758485665423,542.7929740178954
1779519600,0.00017129758485665423,0.0001885784911181534,0.00016830081625854757,0.0001885784911181534,1695.4579708470521
1779523200,0.0001885784911181534,0.00019559568659321857,0.0001777625509303498,0.00017864210600772716,2084.149967010333
1779526800,0.00017864210600772716,0.00017864210600772716,0.00016691033153101687,0.00016845269269347228,1210.9562373698525
1779530400,0.00016845269269347228,0.00017360625533670792,0.00016664238231761826,0.00017118423880522652,889.9453915888171
1779534000,0.00017118423880522652,0.00017149869326217807,0.00016787262145055772,0.00016879093932047843,185.59566446664732
1779537600,0.00016879093932047843,0.00017574916637017203,0.00016879093932047843,0.00017344766118576518,641.6710385228182
1779541200,0.00017344766118576518,0.00018070212845435068,0.00017152662521453232,0.00018070212845435068,625.5355639304067
1779544800,0.00018070212845435068,0.00018433911996464247,0.00017734221945976724,0.00017938460833301343,1052.1341472441427
1779548400,0.00017938460833301343,0.0001839770885441311,0.00017938460833301343,0.00018354673913974088,423.3427435549797
1779552000,0.00018354673913974088,0.00018531266394633972,0.00017677162303579393,0.00017677162303579393,639.9281356467765
1779555600,0.00017677162303579393,0.00017917943194450795,0.00017520616487648325,0.00017520616487648325,430.31343703385915
1779559200,0.00017520616487648325,0.00018469713471368137,0.00017520616487648325,0.00017876202687695656,624.4662575898238
1779562800,0.00017876202687695656,0.0002021446244811142,0.0001755127172535668,0.00020045425119718312,2067.6394382644867
1779566400,0.00020045425119718312,0.00020584733519036962,0.00018877037472032692,0.00019489815063803806,3190.3119493788167
1779570000,0.00019489815063803806,0.00021391892941334054,0.00019489815063803806,0.00021391892941334054,2180.6498251611174
1779573600,0.00021391892941334054,0.00021517717821478553,0.0001858277439614929,0.00019072805102915164,2732.052992676591
1779577200,0.00019072805102915164,0.00019409802307769709,0.0001882421753846333,0.00019162405186082135,432.74990975121347
1779580800,0.00019162405186082135,0.00019396893595801406,0.00019056093438765863,0.00019108249531655613,89.58050522259656
1779584400,0.00019108249531655613,0.00019108249531655613,0.00018643314708811573,0.00018643314708811573,269.61978526804154
1779588000,0.00018643314708811573,0.00018643314708811573,0.000183560573091783,0.000183560573091783,310.02336426364127
1779591600,0.000183560573091783,0.0001917715419682454,0.0001809368009619545,0.0001864210276901245,835.6951948154493
1779595200,0.0001864210276901245,0.0001864210276901245,0.00018221717433460064,0.00018361701136151726,246.55736427265143
1779598800,0.00018361701136151726,0.0002266330468502413,0.00018269982348278165,0.00021876543523822247,4200.680243311498
1779602400,0.00021876543523822247,0.00022600194639262256,0.0002182805061467989,0.0002182805061467989,1289.2114862758792
1779606000,0.0002182805061467989,0.0002182805061467989,0.00020690394507021076,0.00021310023554321663,956.5798913562666
1779609600,0.00021310023554321663,0.000244463016838961,0.00021310023554321663,0.00022901537821900196,2484.328749777341
1779613200,0.00022901537821900196,0.00033701684270809687,0.00022889727767839104,0.00027512896387134637,23888.0765578859
1779616800,0.00027512896387134637,0.00030714990541123616,0.0002714436871920724,0.0002908539599811603,5276.536036702681
1779620400,0.0002908539599811603,0.0003025099709783079,0.0002706695204459789,0.00029659406298639015,4115.369959984526
1779624000,0.00029659406298639015,0.00029659406298639015,0.0002643571915667281,0.0002792009215708722,3171.2132490868967
1779627600,0.0002792009215708722,0.00028316785042175723,0.00026022430660502303,0.00026022430660502303,1679.762922136515
1779631200,0.00026022430660502303,0.00026120367114304126,0.00025597528603972324,0.00026111120860754667,619.9736775395229
1779634800,0.00026111120860754667,0.0002626231851849469,0.0002557005879508629,0.0002558571918118463,416.5743710092264
1779638400,0.0002558571918118463,0.0002627552294527949,0.00024333590483753697,0.00024806040169571384,1342.2883097019424
1779642000,0.00024806040169571384,0.0002784498561164405,0.0002467740285280252,0.00026653184271819186,2488.6217075405784
1779645600,0.00026653184271819186,0.0003060424865593843,0.00026653184271819186,0.0002912855796370753,4033.6482692858394
1779649200,0.0002912855796370753,0.0002921814609573011,0.00028618183016477036,0.00028793107044340144,523.0734329743219
1779652800,0.00028793107044340144,0.0003165882357980988,0.00028793107044340144,0.00030966398487504757,2928.3926953375885
1779656400,0.00030966398487504757,0.00030966398487504757,0.00027967409200847716,0.0002810516781524737,1495.079475378296
1779660000,0.0002810516781524737,0.0002954471698399104,0.0002789958499844009,0.0002954471698399104,884.9210250382752
1779663600,0.0002954471698399104,0.00029873779824975545,0.0002869695343065682,0.00029873779824975545,1021.5889948451364
1779667200,0.00029873779824975545,0.00029873779824975545,0.0002756400164790002,0.0002866348651261242,1686.3409532651763
1779670800,0.0002866348651261242,0.0002866348651261242,0.00027832792233504794,0.000278529231895574,369.92888802365877
1779674400,0.000278529231895574,0.00029063245255471487,0.00027226914668502253,0.00028986308845823354,2037.2106949684642
1779678000,0.00028986308845823354,0.00028986308845823354,0.00024254159481510958,0.00025271017971067013,7212.874623645469
1779681600,0.00025271017971067013,0.000260134957314158,0.00024482063939677525,0.000260134957314158,1594.6518069463193
1779685200,0.000260134957314158,0.00026589920607277375,0.00025188201832728385,0.00026589920607277375,854.1108441849331
1779688800,0.00026589920607277375,0.00026589920607277375,0.0002555675714514286,0.0002571326053852948,465.0902513464152
1779692400,0.0002571326053852948,0.0002790349226072049,0.0002571326053852948,0.00027041477700109445,1899.1886900465227
1779696000,0.00027041477700109445,0.00027041477700109445,0.0002632701661368024,0.0002632701661368024,255.07879898359624
1779699600,0.0002632701661368024,0.00027533559392233035,0.00023826644005709498,0.00025033213749972865,6243.6039551878985
1779703200,0.00025033213749972865,0.0002544224812069511,0.00024292268152969294,0.0002467863573717934,881.7476979899504
1779706800,0.0002467863573717934,0.00027612771826804707,0.0002434741748197666,0.0002595827064231499,5900.928121086624
1779710400,0.0002595827064231499,0.0002627368953589025,0.00025335106996688685,0.0002574844262900349,420.7320046912179
1779714000,0.0002574844262900349,0.0002574844262900349,0.00023525398366630517,0.00025555441422136794,3333.404602077496
1779717600,0.00025555441422136794,0.00025955934906335296,0.00022032608608326833,0.00023918039806157656,8189.553512270972
1779721200,0.00023918039806157656,0.00024278359745453495,0.00021893120483286845,0.000240113940294461,2995.9865265736926
1779724800,0.000240113940294461,0.0002700709380391962,0.00023539085634950342,0.0002560249282694852,4433.700394354253
1779728400,0.0002560249282694852,0.0002588716540217412,0.00022120895492918344,0.00022523322533785173,3072.5482937770503
1779732000,0.00022523322533785173,0.000240111898021864,0.00022227283553089965,0.00023381367346629925,1228.705337252274
1779735600,0.00023381367346629925,0.00023381367346629925,0.00022732239722643598,0.0002279647992564196,213.34558208389942
1779739200,0.0002279647992564196,0.00023117096336575753,0.0002115655475076739,0.00022527993765840388,1950.360096073884
1779742800,0.00022527993765840388,0.0002253350966264075,0.00021582961073566772,0.0002190342080378508,723.334249310402
1779746400,0.0002190342080378508,0.00021914830397378262,0.00021211175024982056,0.00021221499506201535,243.93699719346083
1779750000,0.00021221499506201535,0.0002135252893764644,0.0002101239090223802,0.0002135252893764644,301.86532059349815
1779753600,0.0002135252893764644,0.0002457640131975927,0.00020421481251127428,0.0002410289440559551,3066.2638328446433
1779757200,0.0002410289440559551,0.0002410289440559551,0.00023030293247455736,0.00023030293247455736,552.806146647618
1779760800,0.00023030293247455736,0.00023030293247455736,0.00022618164157377395,0.0002293536413797553,184.65434223054802
1779764400,0.0002293536413797553,0.0002293536413797553,0.00022415889831416136,0.00022415889831416136,148.72164052381152
1779768000,0.00022415889831416136,0.00022415889831416136,0.00022394672117736377,0.00022394672117736377,53.372944372392155
1779771600,0.00022394672117736377,0.00022735314380396707,0.0002231755550921463,0.00022330911760801234,47.34922474209466
1779775200,0.00022330911760801234,0.00022867712582590825,0.00022269427017462283,0.00022867712582590825,182.16820111698354
1779778800,0.00022867712582590825,0.0002528874949974917,0.0002278807848839707,0.00024976602861300753,1848.5045414400665
1779782400,0.00024976602861300753,0.00025263919425189775,0.0002372967855879849,0.0002479118563247766,1635.294430757361
1779786000,0.0002479118563247766,0.0002648305226035256,0.00024180408917537726,0.00024501809088854935,2708.218134807283
1779789600,0.00024501809088854935,0.00024501809088854935,0.00024185462017104126,0.0002449403518096388,13.34721697918564
1779793200,0.0002449403518096388,0.0002476035752489929,0.0002379894185018488,0.0002476035752489929,1357.0495245874458
1779796800,0.0002476035752489929,0.0002590889537054492,0.0002458188664127364,0.0002590889537054492,769.1700584192366
1779800400,0.0002590889537054492,0.0002631334687458152,0.00025421816104134916,0.0002578503254175584,476.56134515416153
1779804000,0.0002578503254175584,0.0002578503254175584,0.00022575447421514005,0.00023001292746694703,2009.702032215175
1779807600,0.00023001292746694703,0.00023086180122752778,0.00022669618602071635,0.00022669618602071635,116.88250613280694
1779811200,0.00022669618602071635,0.00022669618602071635,0.00022051507722567322,0.0002234229447722279,379.63303225336324
1779814800,0.0002234229447722279,0.0002234229447722279,0.00018297599021161175,0.0002041844792199817,6081.356302860379
1779818400,0.0002041844792199817,0.00020989701378799563,0.00019934273166893153,0.00020306157711175765,1389.6010055251222
1779822000,0.00020306157711175765,0.00021063510176431253,0.00020088061759148892,0.00020866877645675644,1181.0580512365739
1779825600,0.00020866877645675644,0.00020866877645675644,0.00018935902037451035,0.00019154210885554814,2191.6813718691396
1779829200,0.00019154210885554814,0.00019986407779212556,0.00016660749926106732,0.0001850344563934244,4556.634006374169
1779832800,0.0001850344563934244,0.00019204242885681425,0.00017928931777603334,0.00018766005408441913,1326.2327006449448
1779836400,0.00018766005408441913,0.0001895478820188566,0.00018349874252005262,0.0001895478820188566,427.22070318114373
1779840000,0.0001895478820188566,0.00019280345135182664,0.00018708226222634178,0.00019239968016672397,237.0741288085233
1779843600,0.00019239968016672397,0.00019239968016672397,0.0001706234069205549,0.00018218319482990355,3116.261260975399
1779847200,0.00018218319482990355,0.00022254743491832918,0.0001796954696133739,0.00020070319521426188,5943.855107936889
1779850800,0.00020070319521426188,0.00023867429250530253,0.00019850688037416461,0.00021359774084188683,7250.5184240063945
1779854400,0.00021359774084188683,0.00021647606145620574,0.00020424705722392374,0.00020656748054284217,1014.4147305892039
1779858000,0.00020656748054284217,0.00022961790075452443,0.00020656748054284217,0.00022488191990056096,1728.6106444519173
1779861600,0.00022488191990056096,0.000311723787027346,0.00021964114100976904,0.00029703033509163493,9282.739338605115
1779865200,0.00029703033509163493,0.0003231865878239904,0.00025739469152585615,0.00025845101524302725,11733.7337911451
1779868800,0.00025845101524302725,0.00027258383462267177,0.0002503674021846777,0.00025039709939216493,5322.7511187149585
1779872400,0.00025039709939216493,0.00028692025969760665,0.00024192943306909325,0.0002680392734935161,9975.667342857227
1779876000,0.0002680392734935161,0.0002715496738235797,0.0002566543479720236,0.00026670117898675857,3520.1711071284117
1779879600,0.00026670117898675857,0.0002710317032925023,0.00024480765876140745,0.00025224162905635665,4250.545588823668
1779883200,0.00025224162905635665,0.00025224162905635665,0.0002111670466623019,0.00023998331621911395,8082.723941046509
1779886800,0.00023998331621911395,0.00025100182671148355,0.00023597907320533834,0.00024541405779187687,1619.1508417278496
1779890400,0.00024541405779187687,0.00026548416653367104,0.00024261763566078577,0.0002540863384675211,3948.9941390529157
1779894000,0.0002540863384675211,0.0002563278210367431,0.00024231340513265154,0.0002426579171392009,802.1981685773427
1779897600,0.0002426579171392009,0.00024938300053779425,0.0002324047082929427,0.00023860390383222447,2275.6850326311114
1779901200,0.00023860390383222447,0.00024252127353732361,0.00023423864176088662,0.00023423864176088662,467.47153206088495
1779904800,0.00023423864176088662,0.00023713390394135118,0.0002246634148811986,0.0002274868847272151,836.1762876427905
1779908400,0.0002274868847272151,0.0002705232650172271,0.000224571842519754,0.0002459273061466937,5700.05085753614
1779912000,0.0002459273061466937,0.000287484596974625,0.00024215735392956605,0.0002578798287793671,7730.364750114842
1779915600,0.0002578798287793671,0.000271990049385328,0.00025208270734937985,0.00026052372872842843,1519.5167126616032
1779919200,0.00026052372872842843,0.0002614781051720965,0.00023651076680316285,0.0002388144335039965,1727.745938070328
1779922800,0.0002388144335039965,0.0002390440244475283,0.00023291281271692533,0.0002361138212909787,180.2137976878842
1779926400,0.0002361138212909787,0.0002361138212909787,0.00022985672822822063,0.00023148637395728846,498.2470276112148
1779930000,0.00023148637395728846,0.00023148637395728846,0.00022087914074121377,0.0002236106534449199,712.893455226945
1779933600,0.0002236106534449199,0.00026064316401703006,0.00022015613021688293,0.00025865711236644024,2503.1093810273287
1779937200,0.00025865711236644024,0.00025865711236644024,0.00022592806529345323,0.0002282917802419997,2882.0546579005054
1779940800,0.0002282917802419997,0.0002282917802419997,0.00020312981371126363,0.000210647620151857,3678.820505964776
1779944400,0.000210647620151857,0.000211070692495001,0.0002070887347657037,0.00020885324728656408,97.08845296707294
1779948000,0.00020885324728656408,0.00021039436873951587,0.00020564190628618746,0.00020833709981280966,114.2876589399337
1779951600,0.00020833709981280966,0.00022623819379634526,0.00020833709981280966,0.0002235987494577508,2352.366013542238
1779955200,0.0002235987494577508,0.00022737856879463284,0.00020975557266461554,0.00021206549973291423,2091.6393036766954
1779958800,0.00021206549973291423,0.00021470733942870323,0.00021134170550970045,0.00021187824969753425,23.087811594283924
1779962400,0.00021187824969753425,0.00021194789136188706,0.0001955309939102791,0.00020100638025643766,2134.37602774783
1779966000,0.00020100638025643766,0.00021600535049871316,0.00019149158000497405,0.00021600535049871316,2921.98687042054
1779969600,0.00021600535049871316,0.00023228084454222694,0.00021363888162486216,0.00022274462165216985,2183.0849220489763
1779973200,0.00022274462165216985,0.00022274462165216985,0.00020721224021140222,0.00020731405544365902,1246.060324932547
1779976800,0.00020731405544365902,0.00021030872253361918,0.00020731043067555172,0.00021005762502070748,56.94169488573966
1779980400,0.00021005762502070748,0.00021005762502070748,0.000207174914610678,0.0002095641502590075,22.186130843190327
1779984000,0.0002095641502590075,0.000237401373381297,0.0002061464406746993,0.0002362019738307533,3270.3999109247206
1779987600,0.0002362019738307533,0.0002487085854933593,0.00022841029533501942,0.00022841029533501942,1918.9073249972885
1779991200,0.00022841029533501942,0.00023072545599112857,0.00022572293802840943,0.00022750286970207165,419.91181352214255
1779994800,0.00022750286970207165,0.00022750286970207165,0.00021769876577229491,0.0002187162525963087,748.6981400463295
1779998400,0.0002187162525963087,0.0002187162525963087,0.00021341163594898888,0.00021346802157687716,127.49434781655236
1780002000,0.00021346802157687716,0.00021364694243841166,0.00020657090456076833,0.00020700617652568898,588.9663681566927
1780005600,0.00020700617652568898,0.00020700617652568898,0.0001718118748846732,0.00018661301350971328,8005.9651550271965
1780009200,0.00018661301350971328,0.00019489752619002466,0.00017595712417782465,0.00019349131868574853,2402.6385024098336
1780012800,0.00019349131868574853,0.0001936262052899314,0.0001879776217406131,0.0001879776217406131,257.0963388495603
1780016400,0.0001879776217406131,0.00020371370636915477,0.000187766597744842,0.00020371370636915477,1247.7148590559457
1780020000,0.00020371370636915477,0.00023371696711818794,0.00020041331990977262,0.00021174771435379132,3992.353678499564
1780023600,0.00021174771435379132,0.00021420584742941662,0.00020637788554540035,0.00020690543074711092,597.806922171313
1780027200,0.00020690543074711092,0.00021133155015504913,0.00020267710767262303,0.00020347327158870578,1526.2068479937811
1780030800,0.00020347327158870578,0.0002058443311343293,0.00020024065913715124,0.0002058443311343293,291.7314559598588
1780034400,0.0002058443311343293,0.00022356798114404487,0.00020541194574389367,0.00020819965799707802,1869.7277851908748
1780038000,0.00020819965799707802,0.00021669759694900787,0.00020819965799707802,0.00021669759694900787,856.8851648322054
1780041600,0.00021669759694900787,0.00021669759694900787,0.00021041378480079394,0.00021239234850126828,275.6769672503942
1780045200,0.00021239234850126828,0.00021263137289102626,0.00019840674964623065,0.0002014734419409307,1424.2810613163963
1780048800,0.0002014734419409307,0.00021150652491902917,0.00019894720720198887,0.00021150652491902917,920.4473610417492
1780052400,0.00021150652491902917,0.00021167448137950092,0.00018116471350083013,0.0001954903134289674,4006.408459560256
1780056000,0.0001954903134289674,0.00020073494406602449,0.00019509793761433202,0.00019872872046982268,576.947579805387
1780059600,0.00019872872046982268,0.0002238186278496662,0.00019664505933329415,0.00021778150903821328,2039.368813568122
1780063200,0.00021778150903821328,0.00022062871639266164,0.0002098969400776175,0.00021706763667793467,746.2568475365248
1780066800,0.00021706763667793467,0.0002740103766123041,0.00021665738446273938,0.0002428053554632998,4613.413703258768
1780070400,0.0002428053554632998,0.0002644927174071192,0.00023338288614152035,0.0002348129466425321,2620.8742300368353
1780074000,0.0002348129466425321,0.0002875290936933919,0.0002348129466425321,0.00027301420184373815,5188.297336907382
1780077600,0.00027301420184373815,0.0003270157751948119,0.0002573142868313263,0.00028283822111617517,33644.35192648997
1780081200,0.00028283822111617517,0.0003375896615921155,0.0002421400925996579,0.0002972889252499098,37011.35402325755
1780084800,0.0002972889252499098,0.00029780065995684956,0.0002357951796447214,0.0002577268687938415,11042.017564167936
1780088400,0.0002577268687938415,0.0002846175918316161,0.0002484951744797492,0.0002761251225040919,4629.432002427867
1780092000,0.0002761251225040919,0.0002784962272570984,0.00027421289071932975,0.00027421289071932975,235.26584220346578
1780095600,0.00027421289071932975,0.00027847043689206024,0.00023292030702283338,0.0002461188433570415,5693.978936006026
1780099200,0.0002461188433570415,0.00027581226540604855,0.00024326837525973498,0.0002626520777505516,3426.180119495823
1780102800,0.0002626520777505516,0.0002701757369040646,0.00024661294830043655,0.00024987485806417616,2597.590420861014
1780106400,0.00024987485806417616,0.0002543801682704088,0.00024987485806417616,0.0002543801682704088,362.1976793074282
1780110000,0.0002543801682704088,0.0002543801682704088,0.00024606325091544573,0.00024606325091544573,314.36250063038466
1780113600,0.00024606325091544573,0.00024606325091544573,0.00024020209492962486,0.00024022544475696024,317.062725496702
1780117200,0.00024022544475696024,0.00026594751982444233,0.0002392863188202614,0.00025098946925514854,3674.4186735730614
1780120800,0.00025098946925514854,0.00025098946925514854,0.0002105622332392841,0.00023532224823334612,11535.394803644735
1780124400,0.00023532224823334612,0.0002398299370818671,0.00023356293474830335,0.00023738060792284545,938.9634416269625
1780128000,0.00023738060792284545,0.00024368353255768222,0.00022841556703153703,0.0002368957108313259,2312.8420972698023
1780131600,0.0002368957108313259,0.0002578889898905868,0.00023047955441627422,0.00024118383895615957,6469.053523948551
1780135200,0.00024118383895615957,0.0002591698599413098,0.0002410257628702012,0.00025376344608983304,1843.807076450071
1780138800,0.00025376344608983304,0.0002655688571479985,0.00023650619577346327,0.0002468891925678773,3797.3798702481085
1780142400,0.0002468891925678773,0.0002764663603616222,0.0002468891925678773,0.0002732413888653513,8439.32801553671
1780146000,0.0002732413888653513,0.00028884338770725405,0.0002598028755884493,0.000288168795982759,3960.473617200941
1780149600,0.000288168795982759,0.0002900223694469728,0.00025646463616141676,0.00027281816075376813,4068.440608502195
1780153200,0.00027281816075376813,0.00038406381653014035,0.0002595304074714322,0.00034892940738788964,22640.779181574653
1780156800,0.00034892940738788964,0.00043292518189746234,0.00031544375910160075,0.00039244641292356943,59434.69950508558
1780160400,0.00039244641292356943,0.0004409267035608138,0.0003185925076472155,0.0003984410625994788,43379.92973207442
1780164000,0.0003984410625994788,0.0004044496527909708,0.00033532068665419824,0.0003447409946819374,27255.317327726272
1780167600,0.0003447409946819374,0.00041995642437653996,0.0003447409946819374,0.00037188877952825137,25691.944557813986
1780171200,0.00037188877952825137,0.0003767478437877863,0.00031992003473088967,0.00032959803778621693,16679.65858074358
1780174800,0.00032959803778621693,0.0003437755481124229,0.0003266152899304995,0.0003331605549202938,1836.7354172420949
1780178400,0.0003331605549202938,0.0003331605549202938,0.00030969285810259953,0.0003197773841715095,1868.9836037265818
1780182000,0.0003197773841715095,0.00035632683653612744,0.00030933462769181723,0.00033710396236607333,6583.738381755212
1780185600,0.00033710396236607333,0.0003431827178740353,0.000307987368190481,0.0003154619241011343,3750.5682249494266
1780189200,0.0003154619241011343,0.00033621726345943253,0.0003146310233330019,0.0003196414043799606,2150.024866181039
1780192800,0.0003196414043799606,0.0003742809407273671,0.0003196414043799606,0.00035706615982821486,6430.028596770921
1780196400,0.00035706615982821486,0.0003679715291975652,0.0003207457980777452,0.0003364379254357259,8326.682410697273
1780200000,0.0003364379254357259,0.00035963819818308617,0.00033274683114167385,0.0003535673439307292,2670.950005102226
1780203600,0.0003535673439307292,0.00039501805543054944,0.00033679928888115704,0.00034366430136208837,9240.267713445703
1780207200,0.00034366430136208837,0.0003592651140061581,0.0003431274650987942,0.00034688183186512616,1053.6017664493052
1780210800,0.00034688183186512616,0.00035135417532726514,0.000325411774029075,0.0003405079435092935,4097.824009431214
1780214400,0.0003405079435092935,0.00034882159280272545,0.000323286045187704,0.00033207988379720696,4603.5003361704885
1780218000,0.00033207988379720696,0.00033214410040792843,0.00028727325109066974,0.00031806840371776724,3846.918802960753
1780221600,0.00031806840371776724,0.00033873895463220493,0.0003032544401985993,0.0003184325313899662,4830.242525528797
1780225200,0.0003184325313899662,0.00032087022066686733,0.00031441383438459634,0.00031858169093908434,165.23345180443448
1780228800,0.00031858169093908434,0.00031858169093908434,0.0002842597183557386,0.00029612195784081956,5731.206496793683
1780232400,0.00029612195784081956,0.0003052408593236234,0.00029612195784081956,0.00029952036135779623,444.78813372632703
1780236000,0.00029952036135779623,0.00030318448246896166,0.000280930106597317,0.00028298148162312156,3050.3495669845242
1780239600,0.00028298148162312156,0.00028811360082869956,0.0002780771650573423,0.00028605765068724436,1232.8351491668673
1780243200,0.00028605765068724436,0.00029658315675418716,0.0002681367622018875,0.0002707934943825643,3512.319129355034
1780246800,0.0002707934943825643,0.00028512906029781927,0.0002674607098028629,0.00027805387337829504,2207.0467198305764
1780250400,0.00027805387337829504,0.0002799215069256198,0.0002471065254786696,0.0002717415443498529,4010.7687715362167
1780254000,0.0002717415443498529,0.00027830599086040014,0.00026583572084547496,0.00027098969850809416,2786.1603497203646
1780257600,0.00027098969850809416,0.0002780716729979846,0.0002671685883961444,0.00027240032073860284,1486.7535354994957
1780261200,0.00027240032073860284,0.0002945929531439082,0.0002686239883657485,0.0002897104734261729,1358.6435525060194
1780264800,0.0002897104734261729,0.0002897104734261729,0.0002742782576455308,0.0002767089204883304,1769.6304362769122
1780268400,0.0002767089204883304,0.0004138239005418231,0.00027506785003752484,0.0003403144583647595,52775.47086666583
1780272000,0.0003403144583647595,0.0003800141997089219,0.0003291307300589761,0.00033165263312803176,22646.878218000824
1780275600,0.00033165263312803176,0.00034394140973352934,0.00032594268286696904,0.00033020738208124273,17801.984513537507
1780279200,0.00033020738208124273,0.0003348797565350534,0.00032006379053477164,0.0003235184288219969,2341.297025976958
1780282800,0.0003235184288219969,0.0003235184288219969,0.000302769956036549,0.0003084343617106025,3425.4008889568668
1780286400,0.0003084343617106025,0.00030878648780342246,0.0002836565689304761,0.0003026882516137596,4211.379621867756
1780290000,0.0003026882516137596,0.0003070074317038896,0.00028171997574311775,0.0002964910153306663,2680.3116900333325
1780293600,0.0002964910153306663,0.000353933111702839,0.00027710887726770746,0.0003297567748461025,12667.326295561214
1780297200,0.0003297567748461025,0.0003321343032525302,0.00028484825339848734,0.00031703639570526844,7374.615963799678
1780300800,0.00031703639570526844,0.0003460577099501591,0.00031703639570526844,0.0003259856603382319,3111.227979939532
1780304400,0.0003259856603382319,0.0003366599141638468,0.000294145359295941,0.0003130149759353885,3989.786736475441
1780308000,0.0003130149759353885,0.00033101912281288464,0.00028947785531704414,0.0003129764088158934,5041.519731219813
1780311600,0.0003129764088158934,0.0003218775744968557,0.0003044434885331446,0.0003180439001867404,12523.530013930624
1780315200,0.0003180439001867404,0.00031974361340180487,0.0002982554848790165,0.00030816135457478787,18399.38343699033
1780318800,0.00030816135457478787,0.0038665954897018594,0.00028878128090366095,0.002485538534652559,3044544.3334981347
1780322400,0.002485538534652559,0.0025937499260271,0.0014707279349560072,0.00183997706377837,1700674.7411441894
1780326000,0.00183997706377837,0.002694655728160102,0.0016479592542353824,0.002605505473348537,575118.6490980701
1780329600,0.002605505473348537,0.0031950421535887146,0.0018108971716842438,0.0023389314594737774,545030.9853917389
1780333200,0.0023389314594737774,0.0031358912161676194,0.002165130119066699,0.0023000857599004576,438750.7631027264
1780336800,0.0023000857599004576,0.0025621461682351324,0.002040766754371837,0.0021091578271800137,174522.61687049698
1780340400,0.0021091578271800137,0.0024738586144669897,0.0018369454946929602,0.002226329602673233,125049.21772133428
1780344000,0.002226329602673233,0.0022552384940919368,0.0017815371051478927,0.0019288211830731994,101190.95699937241
1780347600,0.0019288211830731994,0.003195223914923685,0.0019096045415985087,0.002129366542836179,261974.3304703631
1780351200,0.002129366542836179,0.0035271108116717667,0.002101741935996478,0.0033966425692167333,302019.47364849696
1780354800,0.0033966425692167333,0.0034414061095018223,0.002512250850837159,0.002767498854489177,195202.81150520028
1780358400,0.002767498854489177,0.002849164718386908,0.0023919734507987537,0.002583268969241984,96279.02262818824
1780362000,0.002583268969241984,0.0026107520170235744,0.0020306879942766243,0.0020746013334060134,121780.35894831912
1780365600,0.0020746013334060134,0.002706374649066812,0.00201556585424496,0.0026902683936543487,94199.41645115305
1780369200,0.0026902683936543487,0.002735199777596308,0.0022811708258532997,0.0026611372660581088,89644.60130992177
1780372800,0.0026611372660581088,0.0041622408467645615,0.0024651247803850244,0.0035788720147932364,271217.5900027624
1780376400,0.0035788720147932364,0.005287574871598302,0.0035788720147932364,0.0045358022137514204,625808.7493168119
1780380000,0.0045358022137514204,0.004790054360109499,0.003645931354814718,0.003985443093888512,227603.9197868307
1780383600,0.003985443093888512,0.0042447641971053935,0.0035618374677837536,0.0038728738631112424,138281.64746551914
1780387200,0.0038728738631112424,0.004176156798204473,0.0037566521203848415,0.003784872844187558,85755.8233558758
1780390800,0.003784872844187558,0.004307379093317106,0.0037133604008786976,0.0040053944906971225,121964.2424193083
1780394400,0.0040053944906971225,0.00489247745255369,0.003916523135128509,0.004711028334028683,210241.53484889396
1780398000,0.004711028334028683,0.004852085099506893,0.003966793422404981,0.003967740041121481,125319.93531798918
1780401600,0.003967740041121481,0.00423456801927455,0.0034232622996694757,0.0035690109765636204,109891.54041054734
1780405200,0.0035690109765636204,0.0038945954132426817,0.003429375030763583,0.0037505042239303838,122882.64477195853
1780408800,0.0037505042239303838,0.00386642538158904,0.002981309667304315,0.00342926635096763,143385.86883567876
1780412400,0.00342926635096763,0.00343022447101965,0.002618027471627965,0.0029237378029544248,225305.7987950775
1780416000,0.0029237378029544248,0.003645448137124364,0.002817620391666334,0.0034609336583958433,132149.95509505185
1780419600,0.0034609336583958433,0.003875811859458953,0.0031605554599165643,0.0037564077295551817,109508.22769303355
1780423200,0.0037564077295551817,0.0037680524333887073,0.0030270054943302787,0.003256582489339403,62439.68834403791
1780426800,0.003256582489339403,0.003900024586912731,0.002841475094364125,0.003610974871512775,161490.64819210127
1780430400,0.003610974871512775,0.004455860862774944,0.0032878958184407456,0.004194963360336482,135535.15685351047
1780434000,0.004194963360336482,0.00437056546522288,0.003762549316633492,0.0038323565017143,101682.56697011588
1780437600,0.0038323565017143,0.0039037027590432525,0.00324094621879146,0.0033171758681382058,74207.21286087854
1780441200,0.0033171758681382058,0.004357881038788644,0.0032520833387682,0.004208041696160733,91244.731783207
1780444800,0.004208041696160733,0.004526946338130951,0.0037932959324651666,0.004146431121761342,92015.53477320065
1780448400,0.004146431121761342,0.004241938314373493,0.003697142435999625,0.003788167308194923,38424.48538556503
1780452000,0.003788167308194923,0.003863713646842015,0.0034654913057736753,0.0035524087494962163,44521.539462926106
1780455600,0.0035524087494962163,0.004078393772555962,0.0035524087494962163,0.0037440397258725567,49871.897424068426
1780459200,0.0037440397258725567,0.004337642017641412,0.0037362191833343206,0.004213031089857353,69129.05023218428
1780462800,0.004213031089857353,0.004263465703322707,0.003853075135145706,0.003908747730045156,27712.4665281226
1780466400,0.003908747730045156,0.004200990982076599,0.003530031869647453,0.0035496804482918333,87426.61144162188
1780470000,0.0035496804482918333,0.003958632798129078,0.0035085446174879073,0.0038599762193963585,66185.04216723701
1780473600,0.0038599762193963585,0.003892091362380634,0.0031766436159389243,0.003467454046280492,82014.59202978945
1780477200,0.003467454046280492,0.003576980933011223,0.003017556330034723,0.0032813682570389576,56363.52342265108
1780480800,0.0032813682570389576,0.003336224367555625,0.002976116627064097,0.003075050009102545,56016.911464535384
1780484400,0.003075050009102545,0.003385409580078185,0.0028256265360046347,0.0032992400160048565,78365.05438140235
1780488000,0.0032992400160048565,0.003996105253281422,0.0032670963417861343,0.003638135986386201,77675.50662763946
1780491600,0.003638135986386201,0.0040155875105437975,0.003528383032301822,0.0037920771942308836,76381.54989492022
1780495200,0.0037920771942308836,0.0050245890593721065,0.0036833082771372248,0.0049720468741294805,214614.7080242096
1780498800,0.0049720468741294805,0.005230341921103812,0.004600870375606937,0.004851138834390885,194785.94184167558
1780502400,0.004851138834390885,0.005613919303192852,0.004786039808770813,0.005374555609490304,173746.51385600245
1780506000,0.005374555609490304,0.006574678228373124,0.005144273008741668,0.005486423934334759,348800.6477368869
1780509600,0.005486423934334759,0.006449688120084969,0.005136884869200692,0.005824608701195266,187105.9574994676
1780513200,0.005824608701195266,0.0075112223247320855,0.005499796827830584,0.007244306846812038,432307.93227953406
1780516800,0.007244306846812038,0.008633457971831916,0.006083772458201261,0.007854277327764617,692757.5442765557
1780520400,0.007854277327764617,0.008333383835629926,0.006731053665619104,0.0069661100993121386,352121.4347260576
1780524000,0.0069661100993121386,0.0070975199235675576,0.006283910055524254,0.006389707560320361,177232.04425864507
1780527600,0.006389707560320361,0.00646494135674536,0.005734368772219905,0.006290173729621211,125954.77619850251
1780531200,0.006290173729621211,0.008138264135413298,0.006200674403794051,0.007602406786353859,264283.48407806165
1780534800,0.007602406786353859,0.0076766923130375435,0.006476212794352994,0.006521670210448623,206263.66729558626
1780538400,0.006521670210448623,0.007927117678934423,0.00638124734581688,0.007577117331300853,163385.49902631488
1780542000,0.007577117331300853,0.008913731085692145,0.007544711358770514,0.007931966240069381,260297.87720178528
1780545600,0.007931966240069381,0.011920192014158611,0.0077253270492653025,0.011693914438960729,635732.3782036963
1780549200,0.011693914438960729,0.01638685334512379,0.010255068335684986,0.013157321955127393,1005123.5996448181
1780552800,0.013157321955127393,0.013567315385861936,0.01117430968798012,0.011402593375329229,490629.6801081575
1780556400,0.011402593375329229,0.01333651754469596,0.011344385040849354,0.012217082390760718,313687.9121371787
1780560000,0.012217082390760718,0.013715769286943338,0.010809483534308158,0.011343431613154294,336317.8217344669
1780563600,0.011343431613154294,0.012951300474312694,0.009925726278776116,0.012362701849808345,315605.99333690887
1780567200,0.012362701849808345,0.012376800745267334,0.009933530158348969,0.010024908881071758,220306.2768875445
1780570800,0.010024908881071758,0.011136188318667377,0.009467155881903418,0.011005044190192916,222037.44392442767
1780574400,0.011005044190192916,0.01385261243594185,0.010693231523019802,0.013332136641140309,330056.34594997455
1780578000,0.013332136641140309,0.01342503764576506,0.011022235548259268,0.01121842470546205,211912.91915742922
1780581600,0.01121842470546205,0.011909092677243036,0.009594134292110996,0.009916561105780186,240547.1886434531
1780585200,0.009916561105780186,0.010196545569001882,0.008945823118413925,0.009659260304318424,302559.2478297659
1780588800,0.009659260304318424,0.009662646009651459,0.0075846168471421895,0.0077168114119761325,370709.84720273485
1780592400,0.0077168114119761325,0.009292817362264739,0.007577380771017159,0.008867128044125702,298629.8141653848
1780596000,0.008867128044125702,0.00887445522669878,0.0077117375168310525,0.007994443000411097,142769.94043453547
1780599600,0.007994443000411097,0.008573251990802984,0.007398315778095443,0.00744517164688149,126202.66710357943
1780603200,0.00744517164688149,0.00765028064734929,0.00528904127725462,0.005910828325176919,841678.5211137987
1780606800,0.005910828325176919,0.007482490925371149,0.0054562993705660435,0.006216438470644335,391086.59722041624
1780610400,0.006216438470644335,0.0070410385021173255,0.00603856078085433,0.006674667287600114,177160.2457901723
1780614000,0.006674667287600114,0.007505498670329311,0.006541388804019956,0.007219024582014403,178511.91618560848
1780617600,0.007219024582014403,0.007329097572341027,0.006060527617350225,0.006199569870772153,139988.20897485435
1780621200,0.006199569870772153,0.006199569870772153,0.003522276745699113,0.00402181520052645,689820.0322906811
1780624800,0.00402181520052645,0.004708277210373299,0.0030561537751615238,0.0035518389769881526,433219.4487338245
1780628400,0.0035518389769881526,0.0038860990947805108,0.0032471111628173156,0.0034197239656069225,224490.95117791463
1780632000,0.0034197239656069225,0.0047319965303325015,0.003385514924824749,0.004380956156911907,318472.9740494122
1780635600,0.004380956156911907,0.0043953622459871,0.00303165748116073,0.0034833560322419595,311949.92038982577
1780639200,0.0034833560322419595,0.003583721419546883,0.002963772914396507,0.0033828987574855947,160419.32349581676
1780642800,0.0033828987574855947,0.003832047275371527,0.0032145813720879427,0.0037097917146010303,125550.3231285029
1780646400,0.0037097917146010303,0.004291114593511042,0.0037097917146010303,0.0037960780414397514,136303.85156595422
1780650000,0.0037960780414397514,0.005117102585570283,0.0036632298998313137,0.004512434756175123,205143.49221099468
1780653600,0.004512434756175123,0.004557594156749522,0.004141813608275516,0.004298530116234286,64860.461646771866
1780657200,0.004298530116234286,0.004298697938160031,0.003575988545732644,0.0036880275531589266,71073.57967337259
1780660800,0.0036880275531589266,0.004071694398549646,0.0035753396671893705,0.004055519221300499,84458.86086022992
1780664400,0.004055519221300499,0.004072797460467346,0.003246726157269361,0.0033096048253378166,105335.90469202893
1780668000,0.0033096048253378166,0.003629547455189241,0.002963698515758941,0.0036041776587638816,148160.5796505649
1780671600,0.0036041776587638816,0.0038063546055999683,0.003163304963739447,0.0032441743120445073,110608.27072498079
1780675200,0.0032441743120445073,0.0036217545748921005,0.003225581983262207,0.0035391790639447158,66545.87642949173
1780678800,0.0035391790639447158,0.0040871420443275045,0.00351566492239455,0.0036577361180076965,82606.44659360952
1780682400,0.0036577361180076965,0.004163715696184056,0.003433879461308462,0.003983284920188745,113499.7151192912
1780686000,0.003983284920188745,0.004292533302673066,0.0035645285358051958,0.003981832715161808,92688.84304497894
1780689600,0.003981832715161808,0.004040770359540727,0.0033952683246703283,0.0035093827148342427,75723.74908909427
1780693200,0.0035093827148342427,0.003621433154770257,0.003069054091512371,0.003272306459850412,97258.8342500919
1780696800,0.003272306459850412,0.0035793389465071388,0.003162216908351987,0.0033311826313455572,55516.3875602359
1780700400,0.0033311826313455572,0.0035540789735798908,0.0033276679274975257,0.0034099259097646905,34221.49220439662
1780704000,0.0034099259097646905,0.0037732052331991913,0.003381528097108676,0.0036989099094444857,39358.354450926476
1780707600,0.0036989099094444857,0.0037485410311447346,0.0034248654489625672,0.0035213949139953284,24484.643765612942
1780711200,0.0035213949139953284,0.003532100976059889,0.0032615665413106816,0.003277142746959082,33093.58142455096
1780714800,0.003277142746959082,0.0035286238527182253,0.003277142746959082,0.003459873348911468,27655.142404763395
1780718400,0.003459873348911468,0.003481918520790557,0.0031257516940033387,0.0031758767819780164,40225.19030532621
1780722000,0.0031758767819780164,0.0033453284141439993,0.0031367683817860727,0.003293152954563125,29496.69863133135
1780725600,0.003293152954563125,0.003750606981429621,0.0032877818426711642,0.0036642028136541762,97631.15494879676
1780729200,0.0036642028136541762,0.004128480105521126,0.003561621028018765,0.004056218565037665,126511.99283490417
1780732800,0.004056218565037665,0.004531309357497193,0.003846637555841475,0.00429691143707677,135768.050240713
1780736400,0.00429691143707677,0.004319769771194239,0.003875850826511112,0.003915618914702266,73536.2275340985
1780740000,0.003915618914702266,0.003976578816776985,0.003720727300253158,0.0038298211589956627,42929.41193432117
1780743600,0.0038298211589956627,0.004462378682071472,0.003640489593204055,0.004190060276618527,67540.92418174596
1780747200,0.004190060276618527,0.004916543060825562,0.004185955258818276,0.004452558945769031,175806.21033473304
1780750800,0.004452558945769031,0.0059009326432910006,0.00424042933901739,0.005708628967365636,234054.3533633376
1780754400,0.005708628967365636,0.005954734720485753,0.005068534606567226,0.00542522054585661,236590.00262634084
1780758000,0.00542522054585661,0.005509008208713043,0.004551969791338751,0.00469407899668307,142988.64568445284
1780761600,0.00469407899668307,0.005055608220764084,0.004483906511367106,0.005004690891419207,79190.31979345779
1780765200,0.005004690891419207,0.005410707079334684,0.004444256690315908,0.00529592248758133,107996.17793056725
1780768800,0.00529592248758133,0.005580651152059543,0.004891355763634971,0.004962072907849969,74095.09540583302
1780772400,0.004962072907849969,0.005006110304731821,0.004074208427874253,0.004400685934612222,127518.83612410632
1780776000,0.004400685934612222,0.0047508498279235385,0.004367752924855536,0.004463445388938683,43919.916515358695
1780779600,0.004463445388938683,0.0045535874560835195,0.004328190733888259,0.004520149011889651,23586.659387005267
1780783200,0.004520149011889651,0.004938707715949296,0.004520149011889651,0.004669726155112806,37603.9052794306
1780786800,0.004669726155112806,0.0047582467437294685,0.004591971230444385,0.004636083092878186,25554.310967381887
1780790400,0.004636083092878186,0.004663414075336226,0.004106139010914227,0.004186430335879565,54856.56592714667
1780794000,0.004186430335879565,0.004514735540108752,0.004143443357263426,0.0044247936856692234,23471.155232391677
1780797600,0.0044247936856692234,0.0052208708872002706,0.004390033235183203,0.004906367756060338,70460.17243969695
1780801200,0.004906367756060338,0.005629275098971182,0.00480707152283951,0.005504484221781343,75429.10204317607
1780804800,0.005504484221781343,0.005787471380974771,0.0050508398380763615,0.005388898914826452,117357.67506428537
1780808400,0.005388898914826452,0.006211980521585054,0.005325501790985665,0.006118706623107686,145065.0591420672
1780812000,0.006118706623107686,0.006184187362349125,0.005329864786616994,0.005567082769870425,103932.68221436173
1780815600,0.005567082769870425,0.006106471578850234,0.005132951877802049,0.00535984659873971,102611.82212776426
1780819200,0.00535984659873971,0.005614411008751195,0.005176045083344796,0.005321162333261149,67946.7010492285
1780822800,0.005321162333261149,0.005514609586055569,0.005141297767525731,0.0051457039224646105,49518.96266023386
1780826400,0.0051457039224646105,0.00533864784431156,0.004791495545293402,0.00493895879405027,58037.39246173517
1780830000,0.00493895879405027,0.005256260969431763,0.004788959546961019,0.00513325583270311,50477.92507720556
1780833600,0.00513325583270311,0.0051649505108556015,0.004358588997266054,0.004702019017735765,63902.57845715995
1780837200,0.004702019017735765,0.005662535506139253,0.004690462854944236,0.0053595889010759476,84008.27935441515
1780840800,0.0053595889010759476,0.006214776232716158,0.0052733766138540784,0.005864593082664301,102903.0772823981
1780844400,0.005864593082664301,0.006457150745260588,0.005713905210071681,0.006061040660513468,118685.92969895816
1780848000,0.006061040660513468,0.0060976871179895175,0.005525191370235773,0.005704583644546412,53616.53678999788
1780851600,0.005704583644546412,0.005796333552796551,0.0053887403690879195,0.005481907916448288,38441.350141649804
1780855200,0.005481907916448288,0.005519935146112299,0.005074408817540312,0.005258724169665962,51790.23077709517
1780858800,0.005258724169665962,0.005474898399316686,0.0050372134420615024,0.00504060685783329,48641.12247345781
1780862400,0.00504060685783329,0.005505977610196932,0.0050143817315885355,0.005395199148805404,31859.83648011565
1780866000,0.005395199148805404,0.005556870499134302,0.005275400537816895,0.0055181606670210185,20656.3564432244
1780869600,0.0055181606670210185,0.0058874237313598955,0.005315815314632669,0.0054846119142217195,46932.62404098312
1780873200,0.0054846119142217195,0.005543353036142285,0.004991105971935681,0.0050954925054129034,48025.03575765892
1780876800,0.0050954925054129034,0.005185461224584193,0.004843324697340948,0.004959111709650971,39360.6508772149
1780880400,0.004959111709650971,0.005012556727976496,0.004509586171607666,0.004703415733050543,95995.79126716277
1780884000,0.004703415733050543,0.005027407096280009,0.004521297059562077,0.005018717062410909,106377.76009513036
1780887600,0.005018717062410909,0.005051672053331681,0.0045913516025497016,0.004791688274268734,48396.0354105355
1780891200,0.004791688274268734,0.004862720924904028,0.004649871761302764,0.00472312307539335,38770.59713100802
1780894800,0.00472312307539335,0.004798133584560331,0.004452964149071553,0.004626483097742836,50231.22281490461
1780898400,0.004626483097742836,0.004821103520781675,0.004566418618147002,0.004778052885989886,40866.90278937149
1780902000,0.004778052885989886,0.004781475090873121,0.004467470595390836,0.0045285365280980545,58794.59780669945
1780905600,0.0045285365280980545,0.004554185805741007,0.0042277712205040455,0.004475755314312959,77509.93224162355
1780909200,0.004475755314312959,0.004768010586025276,0.0044436218816921585,0.004698584025215352,84766.94928488504
1780912800,0.004698584025215352,0.004819817284551152,0.004535883380158879,0.004549667950194577,45512.93065389584
1780916400,0.004549667950194577,0.004618160811737404,0.004416645428621618,0.004457700692707014,36597.874455607685
1780920000,0.004457700692707014,0.0050476449766585964,0.004392836965340075,0.005015751549688469,89235.58471923484
1780923600,0.005015751549688469,0.00508995724856998,0.004759748296020698,0.0049257502084252645,43622.21946457261
1780927200,0.0049257502084252645,0.0049257502084252645,0.004451337366050843,0.004510117171408329,59892.49671250723
1780930800,0.004510117171408329,0.0047089549099861815,0.0043019918569562,0.004353723420415038,78621.66800607879
1780934400,0.004353723420415038,0.0046994193959364805,0.0037190798015897947,0.004365116062419091,126984.5275230239
1780938000,0.004365116062419091,0.004562325406195521,0.004290006876734722,0.004394786560721662,32172.06690087919
1780941600,0.004394786560721662,0.004567251764946393,0.004291515298929654,0.004340056563771534,35552.269989956076
1780945200,0.004340056563771534,0.0043830334920974354,0.003987770083538567,0.0040526001123182345,45439.123488937454
1780948800,0.0040526001123182345,0.004289932869300292,0.003732062267793637,0.00419754501886557,86889.38630970055
1780952400,0.00419754501886557,0.004354789359978152,0.004149101556614955,0.004249549825712098,39941.058156035906
1780956000,0.004249549825712098,0.00425372494793396,0.003823185326878693,0.0038554349162980097,36031.25324425292
1780959600,0.0038554349162980097,0.003985822814827305,0.003717686173298634,0.003969438412802862,49401.607429291005
1780963200,0.003969438412802862,0.004144300335005788,0.0036764597562870664,0.0037485630799466174,76241.47702971497
1780966800,0.0037485630799466174,0.0037982899966675435,0.0036504927217641914,0.0037067497035597097,61870.78470114431
1780970400,0.0037067497035597097,0.0038913273132655116,0.003687401120550291,0.0037198603348759904,32080.800962947513
1780974000,0.0037198603348759904,0.003752448529024245,0.003247501785982764,0.0034332736141887235,95459.21000034988
1780977600,0.0034332736141887235,0.003749090266104914,0.0034000613388821283,0.0037158076394382712,62067.29332973584
1780981200,0.0037158076394382712,0.003740285354169641,0.003487478224128961,0.003505796495904132,53524.02127117522
1780984800,0.003505796495904132,0.003595596677748602,0.003379493515831921,0.0034460287288585315,46945.718401941915
1780988400,0.0034460287288585315,0.0038763861680164123,0.00323401634560969,0.0037108942286737043,68131.3879149464
1780992000,0.0037108942286737043,0.0038105106010917797,0.003592083912268445,0.003636377432610298,25919.48286644373
1780995600,0.003636377432610298,0.004071821895565541,0.0034881660438464495,0.004018598307862533,73720.2988819896
1780999200,0.004018598307862533,0.004018598307862533,0.0035965343517137646,0.003651552145653163,30484.32261034804
1781002800,0.003651552145653163,0.004175037523634554,0.003584500768394717,0.003958923486664132,55259.76762988154
1781006400,0.003958923486664132,0.0041292612900404365,0.003749602006874261,0.0038913869481875143,44821.527278035595
1781010000,0.0038913869481875143,0.003901986410485962,0.0034564223969580747,0.003589429328240171,121004.35552539848
1781013600,0.003589429328240171,0.003601907395722936,0.003363611615386871,0.0034080921578396595,55378.428154436566
1781017200,0.0034080921578396595,0.0036360547787076857,0.003291378206545231,0.0034664945970603782,75347.20331088168
1781020800,0.0034664945970603782,0.0034672905404780022,0.0030717958661103037,0.003347640931065655,91069.80359565749
1781024400,0.003347640931065655,0.0034954915003313843,0.0031665290485566513,0.0032042460327695046,47609.42706092385
1781028000,0.0032042460327695046,0.003307851790423863,0.0031330479422664193,0.0032630743505054935,33017.04133110183
1781031600,0.0032630743505054935,0.003276418444723089,0.0029438138500059246,0.003177101572646074,57754.49841608191
1781035200,0.003177101572646074,0.0032659346822191127,0.003078441712983338,0.0032274184233207427,25817.718029782216
1781038800,0.0032274184233207427,0.0033792565175949393,0.0030543116837449687,0.003124021094188359,24090.132083399705
1781042400,0.003124021094188359,0.003188434569746359,0.0030068299780940735,0.003032959510517913,26728.221512776847
1781046000,0.003032959510517913,0.0031955913133511664,0.0029955502063623352,0.0031955913133511664,13508.918372768463
1781049600,0.0031955913133511664,0.0032481467825052567,0.003146669833302613,0.0032116086447185857,13653.259838035583
1781053200,0.0032116086447185857,0.003236998007115135,0.0031209264126611817,0.0031565641522604167,11053.483177833423
1781056800,0.0031565641522604167,0.003157694521387446,0.0028129877245515558,0.0028647331477206638,33771.481875854704
1781060400,0.0028647331477206638,0.002932336286977943,0.0027353809129752197,0.002866281826460999,28410.073850167086
1781064000,0.002866281826460999,0.0030241229304175748,0.002773986706053952,0.0029938391012701844,23821.43690251001
1781067600,0.0029938391012701844,0.003777267368183941,0.0029245011511987115,0.0037525343262049555,83003.41601373156
1781071200,0.0037525343262049555,0.003826890502076531,0.0032792508552563137,0.0033327225220954565,54260.74179218151
1781074800,0.0033327225220954565,0.003613770812839974,0.003284233025087074,0.003613770812839974,27092.74366947442
1781078400,0.003613770812839974,0.004360142949485531,0.0035835363347573573,0.0040765853427564116,146447.39874179824
1781082000,0.0040765853427564116,0.004496974501683148,0.0038492048482046894,0.0039637126794324845,133642.7509397757
1781085600,0.0039637126794324845,0.0040278529104690415,0.003603864334118788,0.0037518470734953483,57243.93693539036
1781089200,0.0037518470734953483,0.004071141096452053,0.003596759674739603,0.0036039907628867534,53328.5971639026
1781092800,0.0036039907628867534,0.003936243522308177,0.00352888936053636,0.0036177966474185857,49282.41364579132
1781096400,0.0036177966474185857,0.003771316950021621,0.003436145005974123,0.003771316950021621,36545.307641472646
1781100000,0.003771316950021621,0.003771316950021621,0.003474290262886324,0.0034959858075256827,30064.363023735572
1781103600,0.0034959858075256827,0.003496860735148133,0.0030300177887739002,0.003291638102660521,87898.59573412818
1781107200,0.003291638102660521,0.00342226302742381,0.003205800711605992,0.0032703422923572685,33433.8958841007
1781110800,0.0032703422923572685,0.0033835067428697927,0.0031980556208827666,0.0033375982936902815,23159.94742714346
1781114400,0.0033375982936902815,0.0035378355029282538,0.0033164969823973552,0.003420458385762898,34318.59707248757
1781118000,0.003420458385762898,0.003527380269150704,0.0030368492013691834,0.003190921486066964,50995.7856178287
1781121600,0.003190921486066964,0.003235680914450743,0.0028215154234959468,0.0031509280050752778,87958.73665122171
1781125200,0.0031509280050752778,0.003180533283075441,0.0029443133558139573,0.0031298122054472096,48832.74424503649
1781128800,0.0031298122054472096,0.0032219402244917207,0.0030700823531367516,0.0031260000524889163,41612.803846299226
1781132400,0.0031260000524889163,0.003183601159898354,0.0030771589346252916,0.003149523776392792,24017.7544577349
1781136000,0.003149523776392792,0.003188350560287573,0.002964796757244911,0.003181742796937426,25540.037288044365
1781139600,0.003181742796937426,0.0034628973002257587,0.003114870565145696,0.0034070803685747587,75950.56470901909
1781143200,0.0034070803685747587,0.0037558560476873308,0.0033573922396731614,0.0035068766771971394,134151.02454801006
1781146800,0.0035068766771971394,0.0035643988015458903,0.0033218376462027847,0.0033669527245164437,87194.54895346916
1781150400,0.0033669527245164437,0.003464095935401224,0.0031511607571853614,0.0034337655462057773,38815.06114517091
1781154000,0.0034337655462057773,0.0036950013371791573,0.0033020388233591475,0.003518834864292391,27765.38108672511
1781157600,0.003518834864292391,0.003549990098798721,0.003252949166234957,0.0032868302616215566,25013.403459609144
1781161200,0.0032868302616215566,0.0034738544405532963,0.0032305732356159695,0.003286992351208386,29872.514630029764
1781164800,0.003286992351208386,0.0034684412070979573,0.003224986495552812,0.0034035822776478006,28548.088892240223
1781168400,0.0034035822776478006,0.003425181967332071,0.003307296246132534,0.0033514520231351613,17196.898096489953
1781172000,0.0033514520231351613,0.003436083330936694,0.003263018214628671,0.0032992876449867113,15975.923153928015
1781175600,0.0032992876449867113,0.003583247024479778,0.0030962170908513872,0.0035790049509380017,49933.86361425769
1781179200,0.0035790049509380017,0.003679053652209354,0.0033579237306513524,0.003386499895854086,38168.1718665976
1781182800,0.003386499895854086,0.0037388707323497685,0.003303311449415997,0.003667462947789281,56408.905976629765
1781186400,0.003667462947789281,0.0038948428540823356,0.0034261929840736258,0.003504358766350769,71259.56546922227
1781190000,0.003504358766350769,0.004050187188465948,0.0034517402555412544,0.0038294528408735823,85717.50239521005
1781193600,0.0038294528408735823,0.0044458820261561675,0.003773659760470133,0.004003842031469168,138177.25493144008
1781197200,0.004003842031469168,0.004263947546318026,0.003935499439018424,0.00406020638069667,32450.237866497937
1781200800,0.00406020638069667,0.0040946855506049165,0.003657246244251886,0.0037079453378762676,50934.82139763844
1781204400,0.0037079453378762676,0.004371832264251296,0.0036181847321820775,0.004311166972982061,79951.50298436447
1781208000,0.004311166972982061,0.004314338747412934,0.003788557726036003,0.003884174424957551,74016.16070444799
1781211600,0.003884174424957551,0.003999959458461363,0.003817038387703857,0.003918492119396061,23839.28334910432
1781215200,0.003918492119396061,0.004022956465834096,0.0038179982872255797,0.003950437142076326,13333.499206754122
1781218800,0.003950437142076326,0.0039554305807861885,0.0035025493407655054,0.003648687448467598,45279.83308960637
1781222400,0.003648687448467598,0.0037043354859308177,0.003476101087628082,0.003563718746779413,31002.76572822722
1781226000,0.003563718746779413,0.0038208577270498678,0.0035195931324726462,0.0038195842363738237,38097.93623333358
1781229600,0.0038195842363738237,0.004011735619829558,0.0036034037127990934,0.003713485093300557,31706.529633312683
1781233200,0.003713485093300557,0.0038326105404839304,0.003663796595473288,0.0038170079967636307,12477.923178390203
1781236800,0.0038170079967636307,0.003856678078959384,0.003658789214648663,0.003686179208560664,14748.287421734447
1781240400,0.003686179208560664,0.0037132061567142953,0.00357667958538557,0.003602881065978172,16541.154090482378
1781244000,0.003602881065978172,0.003702433055306837,0.003506283302062617,0.0035992955482612664,21576.015376248193
1781247600,0.0035992955482612664,0.003733969210430577,0.003493890096036533,0.003705090242499432,19200.313784755705
1781251200,0.003705090242499432,0.0038102068342360817,0.0036439245450414605,0.0037940385654217077,19947.139104927486
1781254800,0.0037940385654217077,0.003907881219109735,0.00371203597366803,0.003816263833778498,22004.01259544209
1781258400,0.003816263833778498,0.003816263833778498,0.003569533508708476,0.0037202421448190312,35348.58119434253
1781262000,0.0037202421448190312,0.004370361476434872,0.0036905644691423885,0.004081861838464541,76363.3850112221
1781265600,0.004081861838464541,0.004147166307672169,0.003807793346706521,0.003932203303590768,52353.73607677615
1781269200,0.003932203303590768,0.00445521620002271,0.0038984004405262286,0.004360297992614932,60786.79362636187
1781272800,0.004360297992614932,0.005413558141182584,0.004311240157995767,0.005118365753824479,204326.85252526496
1781276400,0.005118365753824479,0.005435337873321623,0.004701694336383492,0.004913549903805351,120912.21859682353
1781280000,0.004913549903805351,0.004926408132263027,0.004405607543711159,0.004454612105907806,45926.42104218814
1781283600,0.004454612105907806,0.004637747991110812,0.004281181351466945,0.004339469167054192,53970.65937317622
1781287200,0.004339469167054192,0.004605286746949796,0.004203708429579849,0.0044571045601044645,26069.827344381065
1781290800,0.0044571045601044645,0.0045539442432548875,0.004299768748093266,0.004459636668799694,18456.974394187346
1781294400,0.004459636668799694,0.004477100996768986,0.0042910158719700045,0.004297672271489602,14324.370239134096
1781298000,0.004297672271489602,0.004401878320959406,0.004092081979739752,0.004289213402438809,23779.66894316013
1781301600,0.004289213402438809,0.0043266794419971,0.004203545146765774,0.004253583745730991,7409.069134577977
1781305200,0.004253583745730991,0.004673755073969643,0.004238250181524129,0.004582674127277016,44759.58255687882
1781308800,0.004582674127277016,0.004660688120280414,0.004354500626167858,0.004553453578695346,67319.77547774845
1781312400,0.004553453578695346,0.00479792212106352,0.00447005030328713,0.0046678742172387155,157058.67871433703
1781316000,0.0046678742172387155,0.005240108215093377,0.004619977873295553,0.005046626614420921,106426.16943734857
1781319600,0.005046626614420921,0.005810450027537577,0.004991397964363907,0.005191791559407542,122753.11163950528
1781323200,0.005191791559407542,0.005240600972714379,0.00449211760232788,0.0048972028610982776,109513.37924374666
1781326800,0.0048972028610982776,0.005132000506465136,0.00459624816704639,0.004697074022241714,55507.518667101765
1781330400,0.004697074022241714,0.004886421530371633,0.004609580175706954,0.004661825497234857,27152.050432781827
1781334000,0.004661825497234857,0.005169654723744432,0.004657773616434408,0.005015560592841943,52875.81865777218
1781337600,0.005015560592841943,0.005297040712612349,0.0049442051561268225,0.005087094729695213,138098.11339512948
1781341200,0.005087094729695213,0.005096643069499132,0.00474952800724431,0.004843094588559944,72454.42230191792
1781344800,0.004843094588559944,0.005132387830625588,0.004793314525467932,0.004840092153742335,73365.44144142255
1781348400,0.004840092153742335,0.005197927129044255,0.004742709558817019,0.005034527892852681,85857.03459826093
1781352000,0.005034527892852681,0.005105031853557906,0.004488936069323362,0.004645415516598651,66944.14572474241
1781355600,0.004645415516598651,0.0047328242833612946,0.004241199858549451,0.004699975359690139,80474.03018314778
1781359200,0.004699975359690139,0.004728353249116907,0.004434799053009276,0.004529181304474204,62954.34294537835
1781362800,0.004529181304474204,0.004563303818113858,0.004286699178761475,0.004358327698142844,62500.86010180436
1781366400,0.004358327698142844,0.004724590450601261,0.004278614375284921,0.004571208000505068,49751.57996037514
1781370000,0.004571208000505068,0.004628264297046853,0.004287211653918836,0.004380557825300766,46516.43244701067
1781373600,0.004380557825300766,0.004550226754703629,0.004319058331870895,0.004319058331870895,24989.875675311083
1781377200,0.004319058331870895,0.004327658422052732,0.004059352595697114,0.004217786290943154,23828.29536468095
1781380800,0.004217786290943154,0.004223502018979594,0.004068220431222522,0.004095214726889676,12535.854676613362
1781384400,0.004095214726889676,0.0043719304297554105,0.004093718207403962,0.004306417515192334,11727.579226373071
1781388000,0.004306417515192334,0.004353291162795415,0.004143918191765884,0.0042448978895732676,17529.715061830073
1781391600,0.0042448978895732676,0.004279953064995047,0.004158714453432209,0.004249615642313643,6591.74790870592
1781395200,0.004249615642313643,0.00430248582802694,0.0038415876869829415,0.004002049611618859,57817.33632133491
1781398800,0.004002049611618859,0.004167999287551463,0.003980685520135237,0.004080314591060817,24093.905223496557
1781402400,0.004080314591060817,0.004129777829985375,0.0040170095004782086,0.004080675653552811,24804.73089232145
1781406000,0.004080675653552811,0.004114808816042707,0.003897873818105212,0.003989242930617481,18057.454944811616
1781409600,0.003989242930617481,0.0042135210161311784,0.003938512033137024,0.00414536835024114,49266.281121904896
1781413200,0.00414536835024114,0.004180414665384371,0.0027693946650334416,0.0036502478162855896,170445.59474156762
1781416800,0.0036502478162855896,0.003766875490051939,0.003595486978467539,0.003684148433941696,51034.89815528745
1781420400,0.003684148433941696,0.0036951097018131426,0.0035588313404289248,0.0036283081322666154,19789.648363875473
1781424000,0.0036283081322666154,0.0036673222981880057,0.0034467573699050323,0.003494257081606972,15300.748406988252
1781427600,0.003494257081606972,0.0035849727277393597,0.0032935664981495394,0.0035518842455030822,36390.154819756564
1781431200,0.0035518842455030822,0.0035989018877109567,0.0034892934615957886,0.0035654320669851964,16539.984527728575
1781434800,0.0035654320669851964,0.0038256378094032686,0.0035222340694857786,0.003710612206664825,22331.568855137662
1781438400,0.003710612206664825,0.003758400343355622,0.0035518851434037284,0.0035518851434037284,13827.031820043949
1781442000,0.0035518851434037284,0.0035759918792945926,0.0033528074631526275,0.0034047927105657697,16305.25216092036
1781445600,0.0034047927105657697,0.003549194233003619,0.003268798221738097,0.003335205785839493,29500.955793827736
1781449200,0.003335205785839493,0.003678587072583642,0.003252146579707748,0.00357132926083106,34235.83053987217
1781452800,0.00357132926083106,0.003633703062313292,0.003452303040995944,0.0034796477873320145,11405.89929077632
1781456400,0.0034796477873320145,0.0034796477873320145,0.0031712437982454956,0.0032550103288899505,41347.79138680226
1781460000,0.0032550103288899505,0.003337186800635635,0.003176008539835044,0.003176008539835044,25949.646347974063
1781463600,0.003176008539835044,0.003315051457181871,0.0030546532397370246,0.003238181172192068,22854.597530647523
1781467200,0.003238181172192068,0.0033061286937409256,0.0031162774458992834,0.0032251451572575,21515.553013513785
1781470800,0.0032251451572575,0.0038101143794998676,0.0031855487715595084,0.0037033138096952047,219836.06826143697
1781474400,0.0037033138096952047,0.0038463265563619367,0.003571144677157115,0.003650322928713231,35717.35303170077
1781478000,0.003650322928713231,0.0037726400262935154,0.003523894994066602,0.0037384555335973953,20894.8419513099
1781481600,0.0037384555335973953,0.00384875680293985,0.0035481323745135173,0.0035774672592789646,14791.561303045373
1781485200,0.0035774672592789646,0.003757181351840046,0.0033193135131154568,0.0037443943392536723,33053.65257318903
1781488800,0.0037443943392536723,0.0044721783745361255,0.0035356222395667605,0.0036855735467193253,43654.118285827775
1781492400,0.0036855735467193253,0.0037876814883887164,0.0036145231032309365,0.0037023968933379376,56833.79280124623
1781496000,0.0037023968933379376,0.0037127747446796316,0.0035460126915339953,0.003592657316756104,44122.361338779796
1781499600,0.003592657316756104,0.0036335783512764577,0.003435552652956459,0.0035201779807617073,39357.98081984857
1781503200,0.0035201779807617073,0.003536749823772107,0.003409550253622174,0.0035348371681092976,13683.583254542942
1781506800,0.0035348371681092976,0.003607184681312308,0.0034029734743065278,0.0035418743244641955,28768.12646507059
1781510400,0.0035418743244641955,0.0035443493087884484,0.0033610900519136055,0.0034177002585124767,15623.50379524241
1781514000,0.0034177002585124767,0.003476893191064607,0.003338991296834037,0.0034191080064778804,13349.206411661278
1781517600,0.0034191080064778804,0.003512747813870779,0.0033426174756374565,0.003463160969575219,13495.415950151333
1781521200,0.003463160969575219,0.0035388204363922086,0.0034379059078575506,0.0035049178841286247,36082.490346631865
1781524800,0.0035049178841286247,0.003834634239164615,0.00347604293825651,0.003757270766201,67691.50039737899
1781528400,0.003757270766201,0.0038661459238101352,0.0035561035638273326,0.00358851260316929,38009.83652117816
1781532000,0.00358851260316929,0.0038648701069901883,0.0034927777277113142,0.0038648701069901883,47649.08032369884
1781535600,0.0038648701069901883,0.003945636814735928,0.0037085815456129566,0.0038152311612654646,34803.70485099338
1781539200,0.0038152311612654646,0.003912457262859223,0.003749833474972128,0.003786462825773453,14679.584535672424
1781542800,0.003786462825773453,0.0038352574910830435,0.0036317932491244497,0.0038352169576957437,18258.202653755583
1781546400,0.0038352169576957437,0.003968185709250253,0.003751946053431717,0.0038688243280583005,17364.58896060949
1781550000,0.0038688243280583005,0.00398697396927045,0.0037807921722942893,0.0038642796709308287,16325.708149711445
1781553600,0.0038642796709308287,0.004040481143460651,0.0037351264303437117,0.003878402677958233,22261.35502222753
1781557200,0.003878402677958233,0.004036011879641571,0.0038139848267853492,0.0038637619778326866,39004.65862635486
1781560800,0.0038637619778326866,0.004170055148358689,0.0038353518425097814,0.003981396018614448,51304.23162122848
1781564400,0.003981396018614448,0.004134004459580612,0.003833740252053632,0.004103070482109926,28437.794071928456
1781568000,0.004103070482109926,0.004166871075815817,0.004006140315980955,0.004049829786246673,14356.201094399637
1781571600,0.004049829786246673,0.004172032859763305,0.0039745270079652615,0.004032408701446327,11227.548552440017
1781575200,0.004032408701446327,0.00403533036285943,0.0037525774485868686,0.003912942036355862,25023.382135115848
1781578800,0.003912942036355862,0.004075500428141985,0.0038768255109986427,0.00395972651358936,31342.7850621451
1781582400,0.00395972651358936,0.0040271906955587555,0.003778220833901124,0.003808051379123296,31793.499858705934
1781586000,0.003808051379123296,0.003829735142190703,0.0036438252126639887,0.003703605890182006,26544.259393755816
1781589600,0.003703605890182006,0.0037358534483233614,0.0036400753188368393,0.0036698792703462077,14116.959576934305
1781593200,0.0036698792703462077,0.0037794604316835857,0.0036429144638681194,0.0037283159339382655,27169.11819367527
1781596800,0.0037283159339382655,0.003810590560164189,0.0036209728686777045,0.003745477199605977,32285.696003018937
1781600400,0.003745477199605977,0.003768748134672639,0.0036081907255123133,0.0036876961074046844,23685.75277189566
1781604000,0.0036876961074046844,0.0037605266398083753,0.003574590057485574,0.003625460229947558,18547.932387270565
1781607600,0.003625460229947558,0.003685428756092352,0.003527568787507203,0.0036116997598801973,14449.999236384874
1781611200,0.0036116997598801973,0.0037854603398571047,0.00356474900449183,0.0037392706607221457,16804.41455761435
1781614800,0.0037392706607221457,0.0037556298233695396,0.0036357486636820428,0.003674471625459428,9905.390109523405
1781618400,0.003674471625459428,0.00370526473345173,0.0033665267101718106,0.003436813009585694,29939.66284166109
1781622000,0.003436813009585694,0.0034510682883250807,0.0032507180940057516,0.0033279427931555148,32872.908669607226
1781625600,0.0033279427931555148,0.003355237059254509,0.0031795853245821623,0.0033127847825952174,24170.044597761815
1781629200,0.0033127847825952174,0.0033816303590148934,0.003193947635796271,0.003304347687329869,14650.158586223564
1781632800,0.003304347687329869,0.0034525864471258183,0.00327578399796673,0.0034356167786354867,9466.270288775757
1781636400,0.0034356167786354867,0.003471594896315507,0.0033613858103113303,0.0034141658940866327,12227.93389082981
1781640000,0.0034141658940866327,0.0035477903746730073,0.003398602374582825,0.003539513080653218,11319.675625083919
1781643600,0.003539513080653218,0.0036199071339614013,0.0035059072625537296,0.0035059072625537296,8977.56700823494
1781647200,0.0035059072625537296,0.0035356057665646796,0.0033516500535603977,0.003438749258060762,18600.68136552305
1781650800,0.003438749258060762,0.0034502824603797823,0.003287218408278031,0.0033120459840862847,22316.91144772281
1781654400,0.0033120459840862847,0.0034451727691283914,0.0032593819793433555,0.0033746227505463853,42128.909976796014
1781658000,0.0033746227505463853,0.0035093853619949217,0.00336219199777055,0.003480867845092521,20413.081511715387
1781661600,0.003480867845092521,0.003552725956913125,0.003448118334193233,0.0035214056943325234,6859.532239937869
1781665200,0.0035214056943325234,0.003679958296765084,0.003208020651954679,0.003282668568253352,54206.9182196744
1781668800,0.003282668568253352,0.003390641425816029,0.003234302729248934,0.003364584156824794,23794.787121142093
1781672400,0.003364584156824794,0.0034043441069184113,0.0033083353520446685,0.0033715442985157817,22682.54240535844
1781676000,0.0033715442985157817,0.0034470602775331493,0.0033246384547638524,0.0033589353845594866,10026.857665508076
1781679600,0.0033589353845594866,0.0034094548866221977,0.0032502648803769407,0.003346423405354844,8406.484403668199
1781683200,0.003346423405354844,0.003348377507988976,0.003197747530608896,0.0032537598540944433,19003.18633528367
1781686800,0.0032537598540944433,0.00336702975886713,0.003227221283756644,0.0032902035124448767,21493.041332304623
1781690400,0.0032902035124448767,0.003599313327067282,0.0032810596389064497,0.003457185153408841,28958.73715855167
1781694000,0.003457185153408841,0.003630598714574423,0.003411958184459092,0.0035341963679216245,30479.813108014438
1781697600,0.0035341963679216245,0.003595213193784833,0.003293030378520778,0.0033213588186411258,27393.20256456483
1781701200,0.0033213588186411258,0.003484869106413804,0.003260225312339365,0.0033037012707890544,37605.95579787368
1781704800,0.0033037012707890544,0.0034833144087811985,0.003140659808394245,0.0033153312969545494,47616.971487301984
1781708400,0.0033153312969545494,0.003509160107732376,0.003287879307156016,0.0034918081469418197,31010.811373489414
1781712000,0.0034918081469418197,0.0035738105723549397,0.0033164085798060394,0.0033432685560298063,16815.864832013955
1781715600,0.0033432685560298063,0.003345690011375904,0.003206520300903338,0.0032561551492991834,20359.643018319526
1781719200,0.0032561551492991834,0.0033493459699634313,0.003107687969899469,0.003325743791931188,25811.372529792818
1781722800,0.003325743791931188,0.003335365109066504,0.0030953137882844877,0.003194338173630226,23220.1254431636
1781726400,0.003194338173630226,0.003303457728844775,0.0031644484962423873,0.003243966333752577,12470.756228631455
1781730000,0.003243966333752577,0.0032843792387168714,0.0031692600850139383,0.0031976033015955695,22254.462962392096
1781733600,0.0031976033015955695,0.0032630548003734086,0.0031258869398253274,0.003179067944630793,15099.001092213113
1781737200,0.003179067944630793,0.0031962067026104993,0.0030696609873864487,0.003129465155400964,13868.663381319659
1781740800,0.003129465155400964,0.0031647082437524375,0.0030293089600602996,0.0030551249356954345,11179.585765813588
1781744400,0.0030551249356954345,0.0033490127697683157,0.002976181833560465,0.0032673256474294887,63750.898642869484
1781748000,0.0032673256474294887,0.003530943711420021,0.003230341650531295,0.0034268345541832645,61505.43983470585
1781751600,0.0034268345541832645,0.003539213541108082,0.003251323358397433,0.0032875562631172204,45288.536692991285
1781755200,0.0032875562631172204,0.0032884917956303105,0.003133344287346955,0.0032361224155948052,21990.489900317218
1781758800,0.0032361224155948052,0.003314706443608434,0.003183958189970013,0.0032721769246026847,20353.755794148645
1781762400,0.0032721769246026847,0.0033017174961033173,0.002973715581306028,0.0031280365296002537,28619.92225897256
1781766000,0.0031280365296002537,0.003226244739679236,0.003090420054745679,0.0031773334551786513,16351.673814149535
1781769600,0.0031773334551786513,0.0033019879835865036,0.0031625233742584528,0.0032967775186804023,16427.564589108908
1781773200,0.0032967775186804023,0.003365006619928956,0.003257375408210626,0.0033377152538712515,18467.162784883476
1781776800,0.0033377152538712515,0.003364574732859029,0.003220119493011856,0.003344012519829791,14291.281129724275
1781780400,0.003344012519829791,0.0034538970257504916,0.0032447117307424275,0.0033769078296672487,18736.561494243753
1781784000,0.0033769078296672487,0.003416938343067608,0.0032498440400804923,0.0032717709780633437,10292.607039193887
1781787600,0.0032717709780633437,0.0033702259669908113,0.003232045842151815,0.003311945630582071,20089.978098336756
1781791200,0.003311945630582071,0.0033369648487065534,0.003212441391317056,0.003246296274479476,4372.8255113155155
1781794800,0.003246296274479476,0.003246296274479476,0.003007951485617915,0.003043064298244698,11652.803532823566
1781798400,0.003043064298244698,0.0031610040477177363,0.003017613308896403,0.0031384444064390055,6762.406875033731
1781802000,0.0031384444064390055,0.00331051344827548,0.003092904312013335,0.0032973320681251046,10265.622777160463
1781805600,0.0032973320681251046,0.00339563586775861,0.0032362173613829574,0.003287251489618995,13119.83380436404
1781809200,0.003287251489618995,0.0034897411531439088,0.0032462299201297742,0.0034119316291309513,25005.05176227064
1781812800,0.0034119316291309513,0.0034597442752565075,0.003269206052203049,0.003269206052203049,7847.944640117061
1781816400,0.003269206052203049,0.003528451197682339,0.0032295012286019903,0.003262163802450291,19760.64605145484
1781820000,0.003262163802450291,0.0032774059945421844,0.003164794350059995,0.003208836066789123,18765.98132303847
1781823600,0.003208836066789123,0.003241960201549078,0.003143518356095374,0.003238490837841927,19635.36788545048
1781827200,0.003238490837841927,0.0037028345900779226,0.0032098872935973164,0.0036616248279640533,41188.97511937216
1781830800,0.0036616248279640533,0.003979208447783136,0.0035671656003161208,0.0036849305989007414,73847.25924630565
1781834400,0.0036849305989007414,0.003840709612083363,0.0036569165411415613,0.003809575049515374,34209.60573295706
1781838000,0.003809575049515374,0.00407427897476573,0.0036964814839907296,0.0037002710802627853,39967.99848905843
1781841600,0.0037002710802627853,0.003731027486617839,0.003499659337647313,0.0036119688153918457,27047.58301438349
1781845200,0.0036119688153918457,0.0037335453739461605,0.0035585426280980476,0.0036998542631480067,25543.285194652097
1781848800,0.0036998542631480067,0.0039096722352132745,0.003669435523546299,0.0037713118284852546,36283.61604732455
1781852400,0.0037713118284852546,0.004386786314579611,0.0037406363059286634,0.004227908913790245,100793.73962509946
1781856000,0.004227908913790245,0.004471215863041534,0.0039987770152143266,0.0040091600669030355,48415.144634618795
1781859600,0.0040091600669030355,0.004479742950896091,0.003808104377634313,0.0042640475274090105,66682.13565958012
1781863200,0.0042640475274090105,0.004319849568911345,0.004019493635260579,0.004021455316570402,28686.19600119333
1781866800,0.004021455316570402,0.0041004120382832545,0.00386877488988952,0.00395358781705343,16814.783005981342
1781870400,0.00395358781705343,0.004106984902922011,0.003885656681171131,0.003954540689543286,19475.332462244914
1781874000,0.003954540689543286,0.004183774388192704,0.003852578704320304,0.004183774388192704,19362.611676430563
1781877600,0.004183774388192704,0.004286140673863051,0.004034420698002997,0.004266404109363027,22459.492857460154
1781881200,0.004266404109363027,0.0042685823643920495,0.00398660725928978,0.004020076020031874,22190.000780439408
1781884800,0.004020076020031874,0.00404621964694068,0.0037226763533506763,0.003850687807721416,29490.026849487993
1781888400,0.003850687807721416,0.00420023280393123,0.003797487917343568,0.0041764639149942445,28458.140107586245
1781892000,0.0041764639149942445,0.004239483762571358,0.004001552108978499,0.004048129416768872,19476.202828701294
1781895600,0.004048129416768872,0.004068701429605485,0.0037841972992535113,0.00384330935015624,23307.260215395505
1781899200,0.00384330935015624,0.003971567704085181,0.0037750730670096304,0.003953346524084595,15473.092021697703
1781902800,0.003953346524084595,0.004017796155562757,0.0039113754849870695,0.0040039182377128325,8474.029424142876
1781906400,0.0040039182377128325,0.004086144579915604,0.003907801136790672,0.003907801136790672,7197.142605523235
1781910000,0.003907801136790672,0.004007567196139413,0.003907801136790672,0.00398879767035374,9136.290126886714
1781913600,0.00398879767035374,0.004123937943431744,0.003956194174282262,0.004123274076163515,8240.29031017082
1781917200,0.004123274076163515,0.004290570782830931,0.0040878227873644,0.004265368347048716,17443.172787875283
1781920800,0.004265368347048716,0.004534015704709445,0.004177181318375896,0.004263706390242476,51031.34644909932
1781924400,0.004263706390242476,0.004350452307124074,0.004088805383092825,0.004228282111134587,20911.995205111918
1781928000,0.004228282111134587,0.004257576917204811,0.003939343417082585,0.004137470361841819,17410.506713100007
1781931600,0.004137470361841819,0.004180538732655001,0.004023729777660412,0.004123726670895013,7444.202371165431
1781935200,0.004123726670895013,0.004216218578382831,0.0040589993357361505,0.004155716445388425,13211.663327588494
1781938800,0.004155716445388425,0.004191587176382798,0.003864472889757049,0.003915579438472645,18088.007835180037
1781942400,0.003915579438472645,0.004004549207679314,0.003789041887811349,0.0038669761359837137,18176.480879156825
1781946000,0.0038669761359837137,0.003892385845740293,0.0035382864011849558,0.003613057969190734,28140.215238252884
1781949600,0.003613057969190734,0.0037981444238611266,0.003575689249376616,0.003681582692681709,14530.712689858756
1781953200,0.003681582692681709,0.003811018053370164,0.0036351820865736656,0.0037492029720610945,21319.74235576557
1781956800,0.0037492029720610945,0.003826751881778424,0.0037139994189441215,0.003785168804968633,16038.679207399784
1781960400,0.003785168804968633,0.0038128576141230972,0.0036164138356850313,0.003657366842984179,8711.423312278976
1781964000,0.003657366842984179,0.0037167155861846735,0.0035839281052025976,0.003675685132662132,12897.586654006589
1781967600,0.003675685132662132,0.003675685132662132,0.003532388078170796,0.0035602515866388308,11352.78082525985
1781971200,0.0035602515866388308,0.003767175652064846,0.003510967578967637,0.0037530812410675996,10524.514171447887
1781974800,0.0037530812410675996,0.003775399541032002,0.003679496833886517,0.003679496833886517,6718.83957146859
1781978400,0.003679496833886517,0.0037312688165550925,0.0035887522641081587,0.003617750942031503,7600.5244530311165
1781982000,0.003617750942031503,0.003620490119865483,0.0035172049664979723,0.0035511000126423227,6549.251788313572
1781985600,0.0035511000126423227,0.0035905976414551156,0.003481755543393959,0.0035145742680681405,4781.740277950946
1781989200,0.0035145742680681405,0.003598616310325591,0.0034840580447621345,0.0035556110869513838,6289.380790261752
1781992800,0.0035556110869513838,0.003619692108113515,0.0034710507798207863,0.003475126552229479,11968.461045089556
1781996400,0.003475126552229479,0.003532613927400383,0.0034055370773107825,0.0034354293408389272,19296.492040233246
1782000000,0.0034354293408389272,0.003589652304003957,0.0033361350322369233,0.003512621713434243,36887.591397559656
1782003600,0.003512621713434243,0.0035516474377072275,0.0034113367035058643,0.003451832283969246,23597.844102067436
1782007200,0.003451832283969246,0.003484968204016485,0.003404186022576009,0.003434144865697328,3147.2871446660624
1782010800,0.003434144865697328,0.003482291067805962,0.0033802008540824682,0.003442424214402955,3733.867273394935
1782014400,0.003442424214402955,0.0035392422182583547,0.003413944231086664,0.003524911684317192,6415.42687186288
1782018000,0.003524911684317192,0.0037516470885065366,0.0034947911908664252,0.0036853659789764415,22089.832882818817
1782021600,0.0036853659789764415,0.0037043832399992664,0.00349185717983146,0.003519966869984993,7543.42880507557
1782025200,0.003519966869984993,0.003522286366096519,0.0034264918550913127,0.0034730967766931986,3267.723243092932
1782028800,0.0034730967766931986,0.0034985105430155395,0.0033305238974163744,0.0033607242093850373,10062.036803533927
1782032400,0.0033607242093850373,0.003521538397535479,0.0033325009700361304,0.0034893620809461614,9052.641011007514
1782036000,0.0034893620809461614,0.0036702931691866623,0.0034525364262283954,0.0035606038322542623,12400.371676467359
1782039600,0.0035606038322542623,0.003636911344590309,0.003482302405992513,0.003554288840737017,14429.989815343115
1782043200,0.003554288840737017,0.0035705286259554124,0.0034640076811717577,0.003494211164290271,5239.3946033396305
1782046800,0.003494211164290271,0.003566772486849409,0.003404577573905774,0.0034488775443161502,5146.488065444154
1782050400,0.0034488775443161502,0.0035182362438393893,0.0033038698139483194,0.003398317380861664,15507.760266599309
1782054000,0.003398317380861664,0.0034547643047246465,0.0032887789217290134,0.003333608373938927,10885.618212668202
1782057600,0.003333608373938927,0.0034650125915072975,0.00318194554758048,0.0034269046146103072,22572.020158170737
1782061200,0.0034269046146103072,0.0034293403018299602,0.003281429183680964,0.003282814408740885,5742.517659674087
1782064800,0.003282814408740885,0.0033971677002819244,0.0032524640654440743,0.003327724074359662,6890.117115140459
1782068400,0.003327724074359662,0.0034482932843336316,0.0032732437450096437,0.0034189215483396602,7493.47512475254
1782072000,0.0034189215483396602,0.0034602535489579793,0.003352783721490496,0.003382274390611029,2929.7175133343694
1782075600,0.003382274390611029,0.0034602735472125308,0.0033171731297886517,0.0034220204345716,18980.509710008944
1782079200,0.0034220204345716,0.0034286194811367857,0.003144641199373402,0.003280870886964606,33921.94788477453
1782082800,0.003280870886964606,0.0033175094647826873,0.0031226746744533844,0.003257958151366837,28514.40336144569
1782086400,0.003257958151366837,0.003327040356302064,0.003172983545880991,0.0033220765362094173,8071.847157851275
1782090000,0.0033220765362094173,0.0035070723759675227,0.003295270777104468,0.003489595083632428,10605.191745719005
1782093600,0.003489595083632428,0.0037027979467104564,0.0034052569969355464,0.0036484006491172925,20058.218736233175
1782097200,0.0036484006491172925,0.00384106972824812,0.0035500575344584655,0.003793323929387454,25974.099926098963
1782100800,0.003793323929387454,0.0038906151713820466,0.003625941639545884,0.0037356231221231484,42627.80366699545
1782104400,0.0037356231221231484,0.004088091210857689,0.00368339060205692,0.00396197535486708,59726.11614617715
1782108000,0.00396197535486708,0.00409188647556663,0.0038936669185344183,0.004056987797655401,32825.56860824898
1782111600,0.004056987797655401,0.0052339466664962815,0.0040239933556488125,0.004702715011904341,209267.6726446421
1782115200,0.004702715011904341,0.0048734922704491476,0.004331605686729892,0.0046355468113732645,78995.23430830525
1782118800,0.0046355468113732645,0.004716099582482213,0.00431078741852121,0.00446418381327102,87673.55829056674
1782122400,0.00446418381327102,0.004672276761310728,0.004402136115382052,0.004648958521449119,18283.56041505137
1782126000,0.004648958521449119,0.004782691692120528,0.0044960402686056375,0.004530405083390707,18653.51517972602
1782129600,0.004530405083390707,0.0047582369854728785,0.004382626357841878,0.0047582369854728785,24620.398458477757
1782133200,0.0047582369854728785,0.005343718584050149,0.004639586029398161,0.0049567863174491845,103326.04092668745
1782136800,0.0049567863174491845,0.005055114281353668,0.00445151531599584,0.004543869622380742,44609.777454685085
1782140400,0.004543869622380742,0.00458357315624331,0.004364416827843883,0.004445698660156485,21548.28301811945
1782144000,0.004445698660156485,0.004467025582343327,0.004156776260768734,0.004262412825622193,27319.261704524655
1782147600,0.004262412825622193,0.0043314770173278295,0.00409608584576145,0.004300038756419495,26280.230438948933
1782151200,0.004300038756419495,0.0044186602680687794,0.004216013074580679,0.004272506318409725,14347.993028352133
1782154800,0.004272506318409725,0.004297055246105805,0.004062284555172473,0.004085708336065958,12649.902783127596
1782158400,0.004085708336065958,0.004204964413746256,0.003895559408696316,0.004137663577894184,34459.935520187224
1782162000,0.004137663577894184,0.004388421349905621,0.004010013681775529,0.004350317077659944,25759.835522690515
1782165600,0.004350317077659944,0.004505471680440047,0.004279917937547253,0.004330761492081676,22603.922446938603
1782169200,0.004330761492081676,0.004382630470620749,0.004245784744736607,0.004295169422639378,23124.735525424545
1782172800,0.004295169422639378,0.004486761446134919,0.004289917796794421,0.004465206959236468,27678.39601941443
1782176400,0.004465206959236468,0.004978507738072259,0.004435120018767756,0.004869951973493167,79592.04965785943
1782180000,0.004869951973493167,0.005219351719982882,0.004756940414938083,0.0049359896626371665,96207.25098485581
1782183600,0.0049359896626371665,0.00575135588436876,0.004866531769654144,0.0049163330187677505,180864.13961695175
1782187200,0.0049163330187677505,0.0051594400692646465,0.004871617937662368,0.004908637722905665,42496.628797156205
1782190800,0.004908637722905665,0.004914838706585348,0.004719399394300674,0.004792334524778837,26498.38844812479
1782194400,0.004792334524778837,0.004797262798874993,0.0045710504407735835,0.00464046184557831,22485.593128635453
1782198000,0.00464046184557831,0.004788821899346386,0.004604099391299657,0.004719617246821989,18539.37216743029
1782201600,0.004719617246821989,0.004778584863160221,0.004416201785886681,0.004500220358541955,25450.233969278303
1782205200,0.004500220358541955,0.0045908346546870695,0.004480820206721535,0.004486937232601108,7464.414772084663
1782208800,0.004486937232601108,0.005245816972665538,0.0044466101575274305,0.005241320318138727,50701.26589183057
1782212400,0.005241320318138727,0.005341370346558618,0.004823246550537813,0.0048997651498526315,63819.454255018776
1782216000,0.0048997651498526315,0.005619608029841818,0.004896667148672307,0.0054228155151560915,131611.7050500851
1782219600,0.0054228155151560915,0.005513906587762205,0.0051757422780088855,0.005488554262130624,153745.87458842387
1782223200,0.005488554262130624,0.0059585191587662074,0.0050498307223999245,0.005412015276525538,198438.6808195457
1782226800,0.005412015276525538,0.006224529007773542,0.005235666251352139,0.005765090794038804,189940.64178767274
1782230400,0.005765090794038804,0.006124284444092994,0.00486079509318307,0.005127057784428076,149509.3075090279
1782234000,0.005127057784428076,0.005465276386502796,0.004952965902409191,0.005003830424722805,50640.26237572425
1782237600,0.005003830424722805,0.00551958156441104,0.005003830424722805,0.0053638843610165415,29585.43325740434
1782241200,0.0053638843610165415,0.005368673606419804,0.0048869577680365475,0.004946731393556848,26458.057625208236
1782244800,0.004946731393556848,0.005191380009423892,0.0049121156454065,0.005086026151033157,118132.11054018512
1782248400,0.005086026151033157,0.005190343706352791,0.005023311386817179,0.005155047588670063,25262.754420914232
1782252000,0.005155047588670063,0.005226429380229262,0.005044799438159356,0.005180027425265616,27936.389505475385
1782255600,0.005180027425265616,0.0051908354399890135,0.0046000265206237725,0.004659524154653417,46831.17592191198
1782259200,0.004659524154653417,0.004808171490853072,0.0045953690945644615,0.004684706757648135,39634.96530288093
1782262800,0.004684706757648135,0.004690357955988101,0.0029747886678913402,0.0044287246378415,123442.85565570788
1782266400,0.0044287246378415,0.004562707874741578,0.004250549383298082,0.004312174010261516,36049.45629464824
1782270000,0.004312174010261516,0.004679375897719948,0.004249083239583063,0.004627355824725903,23324.12103689858
1782273600,0.004627355824725903,0.004707172374178849,0.004478361190652436,0.004588696109332475,15338.628439157781
1782277200,0.004588696109332475,0.00474163540045493,0.004484444114609954,0.004587331105114089,21882.48518078916
1782280800,0.004587331105114089,0.004603722899614977,0.004322883625979957,0.004460713047852531,12883.77099681882
1782284400,0.004460713047852531,0.004591296036690353,0.004409629932655569,0.004582194919511365,7379.870199006722
1782288000,0.004582194919511365,0.004839910588862002,0.004508367774350833,0.004835004673915409,23967.592829109977
1782291600,0.004835004673915409,0.004835004673915409,0.004651118698573544,0.00466855535462361,12004.468111665401
1782295200,0.00466855535462361,0.0047068903987953605,0.0044904903919893695,0.004635939741980639,18483.068902818475
1782298800,0.004635939741980639,0.004635939741980639,0.004345347821636307,0.004470691642444937,23335.62629594543
1782302400,0.004470691642444937,0.0045817172819782705,0.004077397229110023,0.004462000683960559,95300.56889265138
1782306000,0.004462000683960559,0.004480958036593994,0.004184153479123904,0.004229788901843408,58580.69287675834
1782309600,0.004229788901843408,0.0043229716856848805,0.0041744402315030266,0.004219195664542449,50050.53549985777
1782313200,0.004219195664542449,0.004222531229487197,0.00401189503023243,0.004047671852863012,33667.579119174894
1782316800,0.004047671852863012,0.004207838539436868,0.003982406092461074,0.004012610619853962,17228.965189659342
1782320400,0.004012610619853962,0.004106316757721274,0.003739135976905881,0.003985355723199053,30114.09237192459
1782324000,0.003985355723199053,0.004327574288011385,0.003933311033056212,0.004250649082314498,23253.96565804367
1782327600,0.004250649082314498,0.004320339059797932,0.004192857313935717,0.0042546718126013515,10614.0658725881
1782331200,0.0042546718126013515,0.0054714971040638995,0.004207022872967112,0.004950534611075666,69287.08121344018
1782334800,0.004950534611075666,0.004994570713974222,0.004666751610824292,0.004716309636265484,24427.916688557107
1782338400,0.004716309636265484,0.004779864115628104,0.004653694688360212,0.004755129346699758,7637.61916691052
1782342000,0.004755129346699758,0.004865046176565907,0.004625079168765687,0.004720360035823995,12968.051533187303
1782345600,0.004720360035823995,0.004753980976224662,0.004327385965145052,0.004343706288205234,14883.028067105815
1782349200,0.004343706288205234,0.004707795630719926,0.003992775459373079,0.004101924328218449,151822.9670445669
1782352800,0.004101924328218449,0.00424223432101433,0.004026918206381078,0.004067099061587118,109030.08047763565
1782356400,0.004067099061587118,0.004260195435518518,0.00401346966796106,0.004223030556036019,48748.02198204097
1782360000,0.004223030556036019,0.004268577135059755,0.0041382370538279424,0.004264454678469423,69214.35669719844
1782363600,0.004264454678469423,0.004681896353818327,0.004152660582369045,0.004675573800235064,50236.64138523253
1782367200,0.004675573800235064,0.004756480187031101,0.004447581924034297,0.0045756871275944265,60222.886309148686
1782370800,0.0045756871275944265,0.004587949757400776,0.004236594399036062,0.004267990844258462,29655.0247239492
1782374400,0.004267990844258462,0.004492719880577731,0.004188637367954818,0.004451478813220578,21978.165567106873
1782378000,0.004451478813220578,0.004452971852008628,0.004088949589458715,0.004223998700963338,20870.187722640032
1782381600,0.004223998700963338,0.0043353093237337645,0.004157435124336351,0.004195501864082856,12295.81037240455
1782385200,0.004195501864082856,0.004264454753971312,0.004154184589593108,0.004215210515094868,6206.430248815488
1782388800,0.004215210515094868,0.004227399962117113,0.004029849345863653,0.0041296936173586115,13860.27578810522
1782392400,0.0041296936173586115,0.004166637875054286,0.003613480959162144,0.003661542875701643,51313.08728839059
1782396000,0.003661542875701643,0.003892899147929794,0.0036051907534000484,0.003677457917009716,51553.77208735867
1782399600,0.003677457917009716,0.0037222450657486954,0.0034613952607901446,0.0036852079076471244,49976.66003902941
1782403200,0.0036852079076471244,0.003770656350273605,0.003554384430066565,0.003590219818674939,17366.61152216846
1782406800,0.003590219818674939,0.0039892292257445025,0.003567694865267439,0.0037608509825366007,38199.59134250675
1782410400,0.0037608509825366007,0.003795812709901393,0.0035278846571989517,0.0036079167681068833,13623.953626621014
1782414000,0.0036079167681068833,0.003627949184782234,0.0033208659013594087,0.003384050293612725,30630.730209672693
1782417600,0.003384050293612725,0.0036405723731131804,0.003382295622038455,0.0035780018681502834,15751.55264307439
1782421200,0.0035780018681502834,0.0036801480549243436,0.0035031726587231187,0.0035643376411434676,14218.800481837872
1782424800,0.0035643376411434676,0.0038594264094577433,0.0035385484180192944,0.003772113419058457,21914.55518686765
1782428400,0.003772113419058457,0.003930043410326504,0.0037061698098690287,0.0038054817638215536,11761.39543522534
1782432000,0.0038054817638215536,0.0038597128477613667,0.003365710073400365,0.0034092172002462727,33890.881026682466
1782435600,0.0034092172002462727,0.0035655798135132014,0.0034011455123127104,0.003533098726878335,10389.072285259648
1782439200,0.003533098726878335,0.0035698879539955396,0.003346219140036543,0.0034313948208949743,13832.966984153718
1782442800,0.0034313948208949743,0.003591422592703956,0.0033918070269450956,0.0035760189546668233,6599.106211082969
1782446400,0.0035760189546668233,0.003601007830165651,0.0035004845391508562,0.0035557913830020346,9033.649049502288
1782450000,0.0035557913830020346,0.0038555024665260706,0.003511414090021943,0.0037792395000149333,14382.564617691092
1782453600,0.0037792395000149333,0.0038931629563310802,0.003718148820173425,0.0038647872530179215,11060.601056659976
1782457200,0.0038647872530179215,0.004208208510225645,0.0038073378188707005,0.003958897443610523,45161.18016575523
1782460800,0.003958897443610523,0.003958897443610523,0.0038421897207000554,0.003884186891393288,6656.918606792626
1782464400,0.003884186891393288,0.003967329619925454,0.0037780875678663124,0.003967329619925454,14030.552749534712
1782468000,0.003967329619925454,0.004056516889381236,0.0037906909373515126,0.003814557214314216,17047.053210192422
1782471600,0.003814557214314216,0.003818864925199956,0.0036226420786697215,0.0036792388708872027,11584.65948009441
1782475200,0.0036792388708872027,0.0036877195097098953,0.003582482457170935,0.0036573288342353176,12303.46762706104
1782478800,0.0036573288342353176,0.003945857005103827,0.0035595407895219356,0.003925751103213618,16844.649433534414
1782482400,0.003925751103213618,0.004035040908038918,0.0037735770360932553,0.0038182199761599,21026.41715706844
1782486000,0.0038182199761599,0.003874911442803733,0.0037323359856525386,0.003750026488104206,13168.036934488362
1782489600,0.003750026488104206,0.003818672492940705,0.0035464826246805956,0.0036019357870228307,27777.480605106215
1782493200,0.0036019357870228307,0.0038372329046891633,0.003578453418411875,0.003664825540258539,28864.80608927145
1782496800,0.003664825540258539,0.0037498415794755924,0.003632826037304052,0.0037352307141178312,10763.043675505232
1782500400,0.0037352307141178312,0.0038116125214632305,0.0036906233834536365,0.0037115389956902936,11844.440803491181
1782504000,0.0037115389956902936,0.003746318580252714,0.0035418072181264584,0.0035544278566515828,15755.686239461656
1782507600,0.0035544278566515828,0.003719777655151097,0.0035172718315636927,0.0035533860138596595,22905.976601866038
1782511200,0.0035533860138596595,0.003561052907539026,0.00337311190905641,0.0034025954996011625,18988.293628021413
1782514800,0.0034025954996011625,0.0037153867954256175,0.0034025954996011625,0.0036590871137010617,18961.33241702096
1782518400,0.0036590871137010617,0.0037462093458774295,0.003602923345944437,0.0037462093458774295,7716.618292971728
1782522000,0.0037462093458774295,0.00375502187384528,0.003649945993353356,0.0036617585586497564,6176.877686187319
1782525600,0.0036617585586497564,0.004393871202221944,0.0036617585586497564,0.004217311311696763,52500.60124296221
1782529200,0.004217311311696763,0.004275692331512778,0.004011455778223109,0.004103561331877287,91979.66185988237
1782532800,0.004103561331877287,0.004114868023616608,0.0038564641890783246,0.0039003933715359256,73230.50793005168
1782536400,0.0039003933715359256,0.0041737964443747414,0.0039002680167076393,0.004138331591438037,26581.214838290867
1782540000,0.004138331591438037,0.004174005783612578,0.003929035616054168,0.004081925958825297,26617.300956407267
1782543600,0.004081925958825297,0.004270282813590174,0.004022422998004766,0.004058837363173532,32626.481030156006
1782547200,0.004058837363173532,0.004155692603812146,0.003983277820518492,0.004026304338515761,13892.231845172639
1782550800,0.004026304338515761,0.004089779333913189,0.0039475765662206445,0.00397768537927091,18214.90359417502
1782554400,0.00397768537927091,0.004072003771139184,0.0038131326467402723,0.004050161446727306,18588.117600112128
1782558000,0.004050161446727306,0.004175006932240461,0.003975311461621913,0.004011144293791439,14118.45795573743
1782561600,0.004011144293791439,0.0040182048256535985,0.003887980288602432,0.003896521325313754,8538.632447151047
1782565200,0.003896521325313754,0.003927420897231513,0.003800191290659066,0.0038599038715351366,16693.482951777678
1782568800,0.0038599038715351366,0.003958869869545882,0.00369038727939511,0.0037762037179797066,43547.78455170016
1782572400,0.0037762037179797066,0.003776508865309524,0.003441250816975171,0.0036669280278649255,36197.68905723378
1782576000,0.0036669280278649255,0.003751522633389942,0.0036245327548413814,0.003749233250103349,19860.11159472121
1782579600,0.003749233250103349,0.0037499522004340417,0.0035396329758400707,0.0036199041605413005,12682.276446771537
1782583200,0.0036199041605413005,0.0036568010458192138,0.0035491601893662236,0.0035491601893662236,5721.072532452272
1782586800,0.0035491601893662236,0.0036894040970021206,0.0035089726049426294,0.0036214012464059306,19186.799302842417
1782590400,0.0036214012464059306,0.003636315581344108,0.003423607810957724,0.0035473518651871986,25655.573319862993
1782594000,0.0035473518651871986,0.0036713356869032946,0.003525178918361661,0.0036684395322918555,18205.518434908758
1782597600,0.0036684395322918555,0.0037444771441026174,0.003557246828642251,0.0036927629050185467,15527.291144345689
1782601200,0.0036927629050185467,0.00379434934195215,0.0036317752949971936,0.00365917281260928,28313.353499396526
1782604800,0.00365917281260928,0.003728432578326249,0.003563013183062465,0.003658303030588102,14678.663352305253
1782608400,0.003658303030588102,0.003765220137657107,0.0036308777412668585,0.0037608404384831258,5602.768255917247
1782612000,0.0037608404384831258,0.003852824852501358,0.0035392627312856636,0.0035710478275310337,13208.403087293682
1782615600,0.0035710478275310337,0.003684135967019882,0.003549184487709465,0.003592618155708706,12508.583006682038
1782619200,0.003592618155708706,0.0035926250125981308,0.0033080501010449245,0.003469710631943588,27400.039086198347
1782622800,0.003469710631943588,0.0035230569242165046,0.0033213258604468257,0.0033739761884634335,9771.482888062834
1782626400,0.0033739761884634335,0.003567778305581895,0.0033079408905411153,0.0033730057144531174,28135.432278566735
1782630000,0.0033730057144531174,0.0034199599477981383,0.0029065642437890835,0.0031177418046382317,94911.36768977394
1782633600,0.0031177418046382317,0.003262445880367339,0.0030693324343069985,0.0032542768874618973,65330.218912703436
1782637200,0.0032542768874618973,0.003270422579790752,0.0031072459450600435,0.003109534978277515,49015.682051672826
1782640800,0.003109534978277515,0.003144629867568893,0.002966215915694383,0.0030435752935215102,49020.50102856048
1782644400,0.0030435752935215102,0.0031426477490002166,0.0029566404648956246,0.002984211228458785,24335.199179400683
1782648000,0.002984211228458785,0.0031123627231994973,0.0028991878921002007,0.0030489885167453287,21437.472915138344
1782651600,0.0030489885167453287,0.0031328969336290174,0.0029424413257562497,0.0030567068056503075,23246.515697954837
1782655200,0.0030567068056503075,0.0032094149523513318,0.0030556457064551674,0.0031101212154266288,26431.71837302883
1782658800,0.0031101212154266288,0.003131739963825548,0.0028790243596269467,0.0029794676792733597,25809.486289225326
1782662400,0.0029794676792733597,0.0032448635007206656,0.002879232183536882,0.0031549813784511843,31320.398513165022
1782666000,0.0031549813784511843,0.0031612535859365997,0.002541126943023163,0.0027384678186257,69606.63499011297
1782669600,0.0027384678186257,0.0027701371600815385,0.0025237045954453552,0.0025790723404432066,29102.43810317224
1782673200,0.0025790723404432066,0.002710940882383296,0.002454447076865938,0.0026781551615963177,40058.11499453931
1782676800,0.0026781551615963177,0.0027640802155437048,0.0026393232688685987,0.0027021124084652282,18216.071323167642
1782680400,0.0027021124084652282,0.002714825364741513,0.0025450886863082047,0.0026310758786872446,23354.179863295303
1782684000,0.0026310758786872446,0.0026548909173602095,0.0024924702816652255,0.0025252495009318587,15637.89400662025
1782687600,0.0025252495009318587,0.0025830498455205898,0.002510643417050565,0.0025478240868054575,10405.373897076432
1782691200,0.0025478240868054575,0.0025634769562070943,0.0024551183901579264,0.0025238314876255418,12879.879256283522
1782694800,0.0025238314876255418,0.0025456260506929707,0.00223553053347791,0.002275271327812682,38238.61790652891
1782698400,0.002275271327812682,0.0023470985953023857,0.002132105532611095,0.0021978418653073374,30206.48933213427
1782702000,0.0021978418653073374,0.0024288735887548828,0.0021476577731869948,0.0023773296467983615,18499.50187401975
1782705600,0.0023773296467983615,0.002398104027472166,0.002106896217897816,0.002227750764589937,29041.717639479786
1782709200,0.002227750764589937,0.0023785114884824973,0.002198752065029245,0.0023518661462827457,11473.697632268757
1782712800,0.0023518661462827457,0.0024297034594776778,0.002175521773577724,0.002256902535462681,24224.96620832176
1782716400,0.002256902535462681,0.002256902535462681,0.00208892146068252,0.0022135947211450735,21289.38716928258
1782720000,0.0022135947211450735,0.0023098147890441667,0.002164269759424918,0.002276130712892036,12872.502851867626
1782723600,0.002276130712892036,0.002323739690622542,0.002203482577202337,0.002262832517038721,17623.88791253961
1782727200,0.002262832517038721,0.0025422069488763243,0.002212251728610519,0.002514454689482257,29294.744663212252
1782730800,0.002514454689482257,0.0025151237198529877,0.002405378787915965,0.00243236532660618,18988.85795455534
1782734400,0.00243236532660618,0.002542836842448259,0.0023783400375974213,0.002411427347958309,10332.645053976608
1782738000,0.002411427347958309,0.0024307861842496944,0.0022692740795352035,0.002329451475040348,14222.688454062489
1782741600,0.002329451475040348,0.0023798530016482596,0.0022682506032409575,0.0023382763934977433,11452.303491632405
1782745200,0.0023382763934977433,0.002349050833366059,0.002223012083621674,0.0022462683874856586,15195.948072260815
1782748800,0.0022462683874856586,0.0023055751429897674,0.0021748486655176432,0.002267536554439501,17906.724450185826
1782752400,0.002267536554439501,0.002422972456597554,0.0022442096106914254,0.0023982891090517317,14815.99019591426
1782756000,0.0023982891090517317,0.002726788718245992,0.002375549367076689,0.002663364954971275,43669.011866590474
1782759600,0.002663364954971275,0.002926794689468204,0.002663364954971275,0.0027700984200116343,51725.25776471415
1782763200,0.0027700984200116343,0.0029338408357528507,0.0026727702787813167,0.002909353095971766,16765.250319852086
1782766800,0.002909353095971766,0.00293925184709092,0.0027257839574473513,0.0027494933141612495,7805.476178604633
1782770400,0.0027494933141612495,0.0027494933141612495,0.0025814876859236793,0.0025822287210574262,6944.773807183248
1782774000,0.0025822287210574262,0.0026088787326369652,0.002515780199346988,0.0025423812927176737,6265.931755769312
1782777600,0.0025423812927176737,0.0025695673868805437,0.0024521078915239057,0.0025228905960496158,18598.203074084235
1782781200,0.0025228905960496158,0.0025228905960496158,0.002405687955613671,0.002495619936004723,8841.515389042152
1782784800,0.002495619936004723,0.002503944662305862,0.002398054049269381,0.002402734127343455,12672.081876795979
1782788400,0.002402734127343455,0.0024601531615438235,0.00231346623973466,0.0023500662035493267,16424.074325967475
1782792000,0.0023500662035493267,0.0024059024822534933,0.0022469997885545103,0.0023091269467158,22269.49727118952
1782795600,0.0023091269467158,0.0023338314464271897,0.0022489947156795194,0.0023062276433786968,9857.460636560945
1782799200,0.0023062276433786968,0.002307059675787926,0.0021303341101858945,0.0021854933730098385,15298.891995931013
1782802800,0.0021854933730098385,0.0022330358093867477,0.002109194831704705,0.002227735724149133,15113.408123745365
1782806400,0.002227735724149133,0.0023150301162608066,0.0021912378880852225,0.002280055496094067,13666.974592109424
1782810000,0.002280055496094067,0.0024914674299625923,0.0022113411145454594,0.0024795290443274305,32195.14431904887
1782813600,0.0024795290443274305,0.0025839544287477798,0.002455670257720263,0.002511110370501205,18150.604014516004
1782817200,0.002511110370501205,0.002511110370501205,0.002231416169741562,0.002293421136839217,30179.34688727857
1782820800,0.002293421136839217,0.002295139646321966,0.002161509775860388,0.0021765378033073942,11168.659772656278
1782824400,0.0021765378033073942,0.0022190381957683824,0.0020618371684653974,0.002148825557562469,28467.902013479226
1782828000,0.002148825557562469,0.002215263474672919,0.00206256112847701,0.0021148884531134336,14265.43317028961
1782831600,0.0021148884531134336,0.0021148884531134336,0.0017762648799627772,0.001838247039027249,43393.202531011986
1782835200,0.001838247039027249,0.001957881999273564,0.0017719534186844677,0.0019460086881983708,27236.31044873744
1782838800,0.0019460086881983708,0.0019600055962621294,0.0018226876308563707,0.001877464313871851,16474.850653657482
1782842400,0.001877464313871851,0.001943843459728642,0.0018685753180946352,0.0019218516117572733,3811.191369060311
1782846000,0.0019218516117572733,0.0019391745602125763,0.00171687638390566,0.001727252801688692,23502.664868132015
1782849600,0.001727252801688692,0.001830537306631766,0.0016266130743034593,0.0017826686037119138,25767.79708454592
1782853200,0.0017826686037119138,0.001809147578946624,0.0016716653175271818,0.00177033727161787,25496.847695115383
1782856800,0.00177033727161787,0.0019323836716529023,0.0017526426735745512,0.0018512051589236686,49977.82058370819
1782860400,0.0018512051589236686,0.0019346961897906611,0.0018246721466982615,0.0018813077275950654,43488.41607642077
1782864000,0.0018813077275950654,0.0019404394438825353,0.0018610627611717549,0.0019306608090652975,36465.20723435035
1782867600,0.0019306608090652975,0.0019667469018313623,0.0018732753034353164,0.001941794189267185,7555.838099043582
1782871200,0.001941794189267185,0.0020167562340477796,0.001893145043358508,0.001999057290985602,8902.625526752046
1782874800,0.001999057290985602,0.002156669212408868,0.0019593515734533276,0.002106394285769706,24083.22616582461
1782878400,0.002106394285769706,0.0021563891207393463,0.0019895417735780975,0.0020835823120829594,14832.832557720254
1782882000,0.0020835823120829594,0.0020859144436193556,0.0019880393063908797,0.0020308446144038177,6519.536903096606
1782885600,0.0020308446144038177,0.0020323185880092368,0.0019328383848825964,0.0019607623555322512,4467.558545071664
1782889200,0.0019607623555322512,0.002056828316151005,0.0019402821780402126,0.0020509682798959213,6661.527752324014
1782892800,0.0020509682798959213,0.002087707241330799,0.0019852532442597376,0.002045101000827906,8027.444334432508
1782896400,0.002045101000827906,0.0020657264697435613,0.0019211916997460994,0.0019738782919369894,12578.039009180244
1782900000,0.0019738782919369894,0.0021248901247923908,0.001948478154408266,0.002022848268977925,11632.433711857826
1782903600,0.002022848268977925,0.0020436509470045843,0.0019457190117292435,0.0019506389649157005,9441.463068240799
1782907200,0.0019506389649157005,0.0019770550515244784,0.0018431122408495036,0.001972632884044105,15769.392503246265
1782910800,0.001972632884044105,0.0020237882017551715,0.0019354940336507901,0.001997648473878503,11897.497014768272
1782914400,0.001997648473878503,0.0022321410966223178,0.00198834574732562,0.0022321410966223178,26057.374148454768
1782918000,0.0022321410966223178,0.002540792583405286,0.0021846873328650275,0.0024709626649838815,41342.10305613354
1782921600,0.0024709626649838815,0.0025165894755486136,0.0023101034120850223,0.002490380239842044,27945.779598737514
1782925200,0.002490380239842044,0.002525648228327827,0.002284038721806334,0.0022989761102730007,22292.927632738327
1782928800,0.0022989761102730007,0.0023484400207416426,0.0022067355342427126,0.002312579996346556,20866.692065614592
1782932400,0.002312579996346556,0.002502400039769638,0.0023032232656901575,0.002439821038120812,48511.05137174212
1782936000,0.002439821038120812,0.002444147830959501,0.0022394377813465156,0.0022565798781426817,26911.59963439259
1782939600,0.0022565798781426817,0.002369945094180508,0.0022565798781426817,0.0023139344586059767,16638.366504018602
1782943200,0.0023139344586059767,0.0023218597324608935,0.0022622737640561282,0.0022880934415381664,4314.355628255881
1782946800,0.0022880934415381664,0.002289909594645782,0.002158217840688375,0.0022067564163328595,10253.80056954014
1782950400,0.0022067564163328595,0.0022464095859317766,0.001924876350277487,0.002104292876924383,29254.34084171274
1782954000,0.002104292876924383,0.0022662555400991945,0.0020843209872484204,0.0022662555400991945,18678.08541352267
1782957600,0.0022662555400991945,0.002351693539386177,0.0022337172564089566,0.0022636666116519822,12190.996783660188
1782961200,0.0022636666116519822,0.0023159921548983053,0.0022091172138116555,0.002285959015204895,9582.776326018728
1782964800,0.002285959015204895,0.002330621128913674,0.002125926509417777,0.0021824695738089095,13721.250697994128
1782968400,0.0021824695738089095,0.002219214458304179,0.0018498431715874089,0.002154716022161341,49878.673603005
1782972000,0.002154716022161341,0.0022017133119397454,0.0020666016113764876,0.002103821123719238,12141.623210808775
1782975600,0.002103821123719238,0.0021318964128062405,0.0019991574122407386,0.002021464375255134,16365.056433034326
1782979200,0.002021464375255134,0.002021464375255134,0.0019208715394872515,0.002006692096108769,16070.392367483599
1782982800,0.002006692096108769,0.0021029713988594575,0.0019795428434088904,0.002087008153192591,10897.568325719767
1782986400,0.002087008153192591,0.002174133496189821,0.0020816200922739807,0.0021670287198913073,5407.622751497727
1782990000,0.0021670287198913073,0.0022971574223559026,0.002141190666412808,0.002215945022434352,15027.365311816631
1782993600,0.002215945022434352,0.002265509263595012,0.0021855057646208383,0.002205990644696635,8456.231252507898
1782997200,0.002205990644696635,0.0024626183836558378,0.002203330172135417,0.00242628524892518,47702.24882798909
1783000800,0.00242628524892518,0.0024810048965200355,0.0023069333617316743,0.0023596453851802493,49220.34219313235
1783004400,0.0023596453851802493,0.0023662358373217718,0.002239072818658663,0.002284771302258075,31546.628804352702
1783008000,0.002284771302258075,0.0023532247200983105,0.002209287314321152,0.002213029353196615,23217.168347577066
1783011600,0.002213029353196615,0.002256135731796487,0.002058895215197877,0.0021352735890964375,16414.48703828542
1783015200,0.0021352735890964375,0.0021505699515697945,0.002087023798748259,0.0021102169458942213,5055.210705512157
1783018800,0.0021102169458942213,0.0021112093382801606,0.002004641378533483,0.0020774175826977982,10616.397690885702
1783022400,0.0020774175826977982,0.0020902805732219815,0.001988524949414509,0.0020100915772095014,5864.42483198249
1783026000,0.0020100915772095014,0.0020947793929424773,0.0019730959521211816,0.0020613713273547538,7881.0761810473105
1783029600,0.0020613713273547538,0.002062709593029418,0.0020000138363105977,0.0020136041247378646,3290.8869624954464
1783033200,0.0020136041247378646,0.0020519366277584688,0.0019711006654009175,0.0019920229523133965,7703.712113329402
1783036800,0.0019920229523133965,0.0021213224393093377,0.001965087248972119,0.0021033152398820844,9803.629838472889
1783040400,0.0021033152398820844,0.002146881042274997,0.0020809967388450085,0.002103918667794787,22092.17014327704
1783044000,0.002103918667794787,0.002142621918749306,0.0020609574660495605,0.0021170305633848793,25324.04784375459
1783047600,0.0021170305633848793,0.0021275830374591974,0.00202633454989486,0.002122980190156989,20241.540508005106
1783051200,0.002122980190156989,0.0021309860199148403,0.001990504032881732,0.002024212042195169,14569.320309197252
1783054800,0.002024212042195169,0.0021202700379546733,0.0020021937193238724,0.0020991009400315435,3728.3052761501554
1783058400,0.0020991009400315435,0.0021420028013106906,0.002066188529518138,0.0020859695186916712,4587.271811727097
1783062000,0.0020859695186916712,0.0021208551820466417,0.002077653761206664,0.0020989931113933797,2721.325279184426
1783065600,0.0020989931113933797,0.0021017529751149256,0.002033060740140794,0.0020748862742026447,4045.299068576567
1783069200,0.0020748862742026447,0.0020960790630865232,0.0020294637578863015,0.0020539335147242562,3907.1563831581284
1783072800,0.0020539335147242562,0.002132913939531141,0.0020531666539205765,0.0021080284536426313,5048.810272045162
1783076400,0.0021080284536426313,0.002154003440307642,0.0020861264002665744,0.0021351752301251655,3628.5224352945397
1783080000,0.0021351752301251655,0.0022162496253799336,0.002134126397246395,0.002148741312137756,4964.317624619579
1783083600,0.002148741312137756,0.0021790568337301144,0.0020441380826384426,0.0020709568049661685,8436.976704871531
1783087200,0.0020709568049661685,0.0020774675427005455,0.001984310297291582,0.002039478015237173,6360.554146907406
1783090800,0.002039478015237173,0.002124706199894059,0.001955817776231302,0.0020826164376523313,11272.328930312107
1783094400,0.0020826164376523313,0.0021962512563087453,0.0019316471904621743,0.0019942647550620237,21467.82496757699
1783098000,0.0019942647550620237,0.001997601531750994,0.0019217282258037992,0.0019440439938757114,8873.272284436021
1783101600,0.0019440439938757114,0.0019440439938757114,0.0016583934529618926,0.0017185837598055215,41805.92935488104
1783105200,0.0017185837598055215,0.0017627494679797733,0.001672947140377331,0.001698034549399123,25436.087248924694
1783108800,0.001698034549399123,0.0017505707294371256,0.0016797156376627397,0.001732149165069256,17166.02255635995
1783112400,0.001732149165069256,0.0018009236724997007,0.001663726383005046,0.0017631220360520877,29216.339064449796
1783116000,0.0017631220360520877,0.0018195053869378564,0.001740781277706712,0.0017995327903440402,17748.514355788135
1783119600,0.0017995327903440402,0.0018485480161095787,0.0017933668701457454,0.001815508451319023,8783.837027033367
1783123200,0.001815508451319023,0.001818375863116766,0.0017144989995781352,0.0017144989995781352,6914.24772351305
1783126800,0.0017144989995781352,0.0017273468550192566,0.0016481315336997805,0.0017086585122691636,7452.234760487972
1783130400,0.0017086585122691636,0.0018174748750431945,0.0016840001897225024,0.0017958620085259138,7990.117120029086
1783134000,0.0017958620085259138,0.0017958620085259138,0.0017128817277176562,0.001751636517289118,10071.895652331363
1783137600,0.001751636517289118,0.0018262373348258438,0.0017326623029913046,0.0017976120283896538,4412.536234647632
1783141200,0.0017976120283896538,0.001810720313414572,0.001750668534290902,0.001764196956977009,6483.841986430742
1783144800,0.001764196956977009,0.001827725468485833,0.0017208722553673414,0.0017322428353233287,9494.395578119618
1783148400,0.0017322428353233287,0.0017528539048432463,0.001670222838931722,0.0016838966698121455,8225.098424325188
1783152000,0.0016838966698121455,0.00172815259884047,0.001648894011368487,0.0016597268984872937,10384.435354543579
1783155600,0.0016597268984872937,0.001691957833483238,0.0016439517871763946,0.001691957833483238,4730.769976574555
1783159200,0.001691957833483238,0.0017280701553269425,0.0016576201410617533,0.0017238852597898425,3397.679107066491
1783162800,0.0017238852597898425,0.0017350611581912773,0.0016886755648141513,0.0017305948881146242,5701.738983389847
1783166400,0.0017305948881146242,0.001731722676328175,0.0016643237561082833,0.0017051586337167679,7641.57158503039
1783170000,0.0017051586337167679,0.0017084901137039371,0.001566009713039278,0.0016528950791517892,15702.547721661203
1783173600,0.0016528950791517892,0.001653302505566999,0.00135583389133179,0.0014539150751399718,69399.29331407971
1783177200,0.0014539150751399718,0.0015018219884176843,0.0013701933244790235,0.00149544064692362,20765.71358975005
1783180800,0.00149544064692362,0.0015316577617392783,0.0014183092058996,0.0014775386774309729,12162.803107737718
1783184400,0.0014775386774309729,0.0014784832610491012,0.0014058945052940633,0.0014193597333812323,6207.901715641063
1783188000,0.0014193597333812323,0.0014429560276643183,0.0013340912146628235,0.001348811290599027,12153.616698360767
1783191600,0.001348811290599027,0.001348811290599027,0.0011872385473443879,0.0012002572380042313,53343.47757435519
1783195200,0.0012002572380042313,0.0013392367441065508,0.0011967634324129522,0.0013322209475795882,22389.996220022473
1783198800,0.0013322209475795882,0.0013903170931299949,0.0012996008041447954,0.0013253578876766432,14858.434983013962
1783202400,0.0013253578876766432,0.001336029240739093,0.0012631025300948956,0.0013198849388624042,7705.398486665043
1783206000,0.0013198849388624042,0.0013346304460707971,0.0012619568490035002,0.0013107485124004433,9313.626876284747
1783209600,0.0013107485124004433,0.0014215972281424343,0.001304270649808793,0.0014070276062127817,9396.868654183569
1783213200,0.0014070276062127817,0.001455200639763342,0.0013623650236958811,0.0013806294718972886,12978.602605803984
1783216800,0.0013806294718972886,0.0014893668318516186,0.0013806294718972886,0.0014188272509488686,14523.378520328852
1783220400,0.0014188272509488686,0.0014324941502318542,0.0013867094832756516,0.0014324941502318542,5208.852379492481
1783224000,0.0014324941502318542,0.0014390685808052415,0.0013834123488163242,0.0014045313360184582,4422.652619892596
1783227600,0.0014045313360184582,0.0014310024463379998,0.001400739783441093,0.0014070503001160086,2332.849630061652
1783231200,0.0014070503001160086,0.0014171418945960483,0.001229597425100378,0.001280185011236738,19582.7758196164
1783234800,0.001280185011236738,0.0013795099330298653,0.0012674469479275244,0.0013288059388443815,13105.108726635923
1783238400,0.0013288059388443815,0.0013473380291367275,0.0012939935445122517,0.0012939935445122517,4557.487614741578
1783242000,0.0012939935445122517,0.0013099489951400249,0.0012584173907153656,0.0012829290982800106,7283.111803293702
1783245600,0.0012829290982800106,0.0012866334809139976,0.001259227420254246,0.0012646901946638373,5664.3915570406725
1783249200,0.0012646901946638373,0.0013005429412230739,0.001202470464142777,0.0012848643363071526,12462.957159734973
1783252800,0.0012848643363071526,0.0013732746733981444,0.0012807308384773176,0.0013558312472234488,16542.69430562415
1783256400,0.0013558312472234488,0.001407523863785343,0.0012963653756978336,0.0013934021774095237,19204.3080324655
1783260000,0.0013934021774095237,0.0014913512647580325,0.0013782443797832667,0.0014219146165083078,32433.487013221562
1783263600,0.0014219146165083078,0.0015603951434941302,0.001371899167320052,0.0015583789293183161,27149.935123139876
1783267200,0.0015583789293183161,0.0015908225869889908,0.0014201346837776196,0.00149882492403214,34127.133107878086
1783270800,0.00149882492403214,0.0019681683293281326,0.001479495167275482,0.0018157730599150802,128575.39811956923
1783274400,0.0018157730599150802,0.0020201192192514676,0.001704533624242904,0.0017278584553742217,84445.49636759995
1783278000,0.0017278584553742217,0.0017668469958084753,0.0016518674702272857,0.001739892395464474,25297.245110021166
1783281600,0.001739892395464474,0.001793153653582506,0.0016378351595950091,0.001681888852253865,27226.74601031429
1783285200,0.001681888852253865,0.001681888852253865,0.001535996383327714,0.0015855695647565887,18110.11512384698
1783288800,0.0015855695647565887,0.0015904767807778852,0.0014838061833675634,0.0015246296764848974,10788.054241385542
1783292400,0.0015246296764848974,0.001551568376501714,0.0015040718684130275,0.0015109040215749612,4880.884061348363
1783296000,0.0015109040215749612,0.0015155965295253345,0.0013406100184537289,0.0014377871892763774,23988.09009584369
1783299600,0.0014377871892763774,0.001440765008086158,0.0013938576932837723,0.0014236385784856351,4460.385371970918
1783303200,0.0014236385784856351,0.0014358911101332058,0.0013480214258544214,0.0013862883838325465,11751.950706530199
1783306800,0.0013862883838325465,0.0014453663813520264,0.0013649768263820988,0.0014339141217589448,7285.7281853990535
1783310400,0.0014339141217589448,0.0015068466656107705,0.0014181848652139312,0.0014886275513378649,6334.784808297893
1783314000,0.0014886275513378649,0.0014893784357796834,0.0014102576232971242,0.0014362469218426577,5560.985422916304
1783317600,0.0014362469218426577,0.0015016276456954745,0.0014204682640770632,0.0014901854785978508,6295.432513835843
1783321200,0.0014901854785978508,0.001533980614014193,0.0014609693944475804,0.0015204126729851113,5781.433995627815
1783324800,0.0015204126729851113,0.0019330090798134623,0.0014869998194811285,0.0017568021123187043,58058.16034632007
1783328400,0.0017568021123187043,0.0018347824834017547,0.0016418723263246433,0.001660114458990086,21778.915178894276
1783332000,0.001660114458990086,0.0016687348288301942,0.001559404193922955,0.001596466307219546,12194.802310725796
1783335600,0.001596466307219546,0.0016236772967599818,0.0015282404120335884,0.001541847391615267,10303.264953084059
1783339200,0.001541847391615267,0.0015743240254289706,0.0014661905099590806,0.0015122071751196692,13344.014184641084
1783342800,0.0015122071751196692,0.0015658718136579688,0.0014650357694504339,0.0015089263888378498,11394.286054680362
1783346400,0.0015089263888378498,0.001522950197308694,0.001449202971879944,0.0014719449711848227,6594.284910076395
1783350000,0.0014719449711848227,0.0015471603977606128,0.0014064999932938596,0.0015397487317110588,13111.709109866706
1783353600,0.0015397487317110588,0.001620535083495772,0.001517152701238638,0.0016124367996209598,8056.840813681993
1783357200,0.0016124367996209598,0.0016246934626994913,0.001530228842292097,0.0015502915412316629,9803.976845118588
1783360800,0.0015502915412316629,0.0017527345486398913,0.0014835742433753235,0.0017082172207419561,45150.545325668056
1783364400,0.0017082172207419561,0.0017617894361894085,0.001503584436120719,0.001544046613325325,51076.76554458388
1783368000,0.001544046613325325,0.0015464337786346622,0.0014921120198807542,0.0015327357778168436,22788.84286932436
1783371600,0.0015327357778168436,0.0016842864521080195,0.0014982190382347512,0.0016475561435864644,32018.260394823425
1783375200,0.0016475561435864644,0.001660905994799424,0.0015022183271977117,0.0015281365128899012,19527.61304528474
1783378800,0.0015281365128899012,0.001549829361184845,0.0014751816012157457,0.0014758807432074573,8021.208939005649
1783382400,0.0014758807432074573,0.0016330614387263815,0.0014742465509580507,0.0016216694728614074,14472.455433205068
1783386000,0.0016216694728614074,0.0016692856888088558,0.0015639835697902017,0.00163657719029835,9953.832366650871
1783389600,0.00163657719029835,0.0018064146520329397,0.0015985501961359096,0.0017702143022576883,17286.919367198312
1783393200,0.0017702143022576883,0.0017723404328893824,0.0013903837846138576,0.0014401806207447701,30193.223478390602
1783396800,0.0014401806207447701,0.0014872441205475075,0.0014087623759531012,0.0014539131830335907,8574.238179790187
1783400400,0.0014539131830335907,0.0015284081844670258,0.001385028224007248,0.0015010889884474773,14911.412766355923
1783404000,0.0015010889884474773,0.0015459307828482613,0.0014362984634707255,0.0015258693402844595,11131.98488962622
1783407600,0.0015258693402844595,0.0015493077864744385,0.0014932800050747375,0.0015096731695351461,6332.019072000855
1783411200,0.0015096731695351461,0.001812363368057645,0.001477312549185331,0.0017045296760887572,31719.06528403708
1783414800,0.0017045296760887572,0.001737974136030091,0.0016027797852252521,0.0016176709477719855,7519.046400974087
1783418400,0.0016176709477719855,0.001678865222553133,0.0016026031518038856,0.0016641886472779273,4727.950305246857
1783422000,0.0016641886472779273,0.0016790373955432741,0.0015678590295127772,0.001590608453175905,7433.3586020711045
1783425600,0.001590608453175905,0.0016736330587021559,0.0015733523019648742,0.0016437892925059662,59876.992622971644
1783429200,0.0016437892925059662,0.0017537944086881306,0.0016242758529187579,0.0016601148009991835,24960.658646568154
1783432800,0.0016601148009991835,0.001683733675780078,0.0015123864486802799,0.0016516712669758277,19098.78598983538
1783436400,0.0016516712669758277,0.0016698356914076572,0.0016063474595838488,0.0016246003957210505,5761.247856501282
1783440000,0.0016246003957210505,0.001759812034516948,0.0016084491928864545,0.0016784636513781758,9663.99303488582
1783443600,0.0016784636513781758,0.0017327734152021788,0.001608761953408419,0.0016366620339004526,10085.765049387965
1783447200,0.0016366620339004526,0.0016382956907155025,0.001506632676264744,0.0015170236630993067,8986.918083642782
1783450800,0.0015170236630993067,0.001519433671106659,0.0013772188520778576,0.0014031386446874392,11485.558905132448
1783454400,0.0014031386446874392,0.001422722486221537,0.0013481846109972646,0.0014070662048263584,11029.5636975734
1783458000,0.0014070662048263584,0.0014504925682030587,0.001382710940483613,0.0013997891610138939,7009.514311944243
1783461600,0.0013997891610138939,0.0014017365347631316,0.001301565495219177,0.0013274583308756777,10127.57363151854
1783465200,0.0013274583308756777,0.001370109278902987,0.0012727099519769759,0.001289330574540026,9599.64661602175
1783468800,0.001289330574540026,0.0013316671095498053,0.001276099218785283,0.0013006164572390688,6487.110444275787
1783472400,0.0013006164572390688,0.0013389260750758228,0.0012676637435612556,0.0013301163639898909,6219.677002665807
1783476000,0.0013301163639898909,0.001337996177162711,0.001260003915853865,0.0012703348377253833,4659.772635022327
1783479600,0.0012703348377253833,0.0013222438754575572,0.0012703348377253833,0.0012899057494844598,3274.5595496765695
1783483200,0.0012899057494844598,0.001319607712342177,0.0012534040120764406,0.0012579282490853038,4314.257888998275
1783486800,0.0012579282490853038,0.0012709487017965634,0.0012231662024590828,0.0012333339812448255,6741.678277795583
1783490400,0.0012333339812448255,0.0012462752589824046,0.001160038874143428,0.001183462712210633,7985.676453332027
1783494000,0.001183462712210633,0.001235962746274251,0.001182138805953884,0.0012162172650151833,5097.2056854054945
1783497600,0.0012162172650151833,0.0012482769613563643,0.0012077114379935756,0.001226723738101176,3380.990677766286
1783501200,0.001226723738101176,0.001343807675586314,0.0012083924634287355,0.001319087851481844,11719.220592651945
1783504800,0.001319087851481844,0.0013212873751935854,0.001163230438278759,0.0011970933814628906,10120.065853641196
1783508400,0.0011970933814628906,0.001300404158296945,0.001166727584367107,0.0012994353497584685,11941.310084252626
1783512000,0.0012994353497584685,0.001311180688078041,0.0012110577593648323,0.0012470118874003489,7328.931479796425
1783515600,0.0012470118874003489,0.0012659851604027144,0.0012222908062209542,0.001259443489719824,4099.879506406941
1783519200,0.001259443489719824,0.0012690781647634309,0.0012265447467206445,0.0012571138086866288,5752.9533039592325
1783522800,0.0012571138086866288,0.0012581185080693667,0.0012009233695084605,0.001222429751905343,6663.124230191861
1783526400,0.001222429751905343,0.001276798310326137,0.0011857187650360648,0.0012765670886879664,9549.070552204252
1783530000,0.0012765670886879664,0.0012936101578276404,0.0012291541218964592,0.001234816201566301,7850.4427502859
1783533600,0.001234816201566301,0.0012635009020854104,0.0012046843350967053,0.001225437670522549,4311.841928450844
1783537200,0.001225437670522549,0.0012813817365131949,0.0012238509416457842,0.0012680110235931208,3661.121872081497
1783540800,0.0012680110235931208,0.0012748324016712933,0.0012321216123106502,0.001252442315139303,2887.1209743787936
1783544400,0.001252442315139303,0.0012925430125678183,0.001252442315139303,0.0012757488975723632,5157.16920289834
1783548000,0.0012757488975723632,0.0013334743546162,0.0012757488975723632,0.0013112550349271797,5764.794554769616
1783551600,0.0013112550349271797,0.0013683696303787344,0.0012973815053336723,0.0013287256989469563,5392.0974028657865
1783555200,0.0013287256989469563,0.001435460774579927,0.0013141361285244249,0.001340616790901922,25769.798142087202
1783558800,0.001340616790901922,0.0013643870098466702,0.0013213007375212857,0.0013389899299953844,18364.95190652116
1783562400,0.0013389899299953844,0.0013533953733312273,0.0012996600670193246,0.0013133477805123406,19003.85290749658
1783566000,0.0013133477805123406,0.0013180015352786069,0.0012066980194002856,0.0012374077376232737,33743.21245184473
1783569600,0.0012374077376232737,0.001263097780357265,0.0011793319998686185,0.0012384226903635839,26562.26133356402
1783573200,0.0012384226903635839,0.0012587922323925823,0.0012055631310966097,0.0012587902900797982,21402.358846839714
1783576800,0.0012587902900797982,0.0013412056091235797,0.0012447278635549783,0.0013407895284357671,15329.331479900775
1783580400,0.0013407895284357671,0.0013773128965910866,0.0013119011899257527,0.001331830783475698,9875.015822437612
1783584000,0.001331830783475698,0.001341431412923907,0.0012734209774387013,0.0012980640975190382,7814.100172792636
1783587600,0.0012980640975190382,0.0012990019464268838,0.0012136226887658672,0.0012328578273445943,10992.25635252338
1783591200,0.0012328578273445943,0.0012558396326104544,0.0012093412355631968,0.0012546634331186478,10172.604901645695
1783594800,0.0012546634331186478,0.0012554652204260282,0.0011914020150154288,0.0012445309843615044,9202.367767369124
1783598400,0.0012445309843615044,0.0013468665365789806,0.001220317320980206,0.0013171004731304782,14243.430278621838
1783602000,0.0013171004731304782,0.001323746121078389,0.0012711226836560178,0.0012985961586320434,7190.016820276501
1783605600,0.0012985961586320434,0.0013015045394266034,0.0011822206506156543,0.001244827475390611,11785.548727876741
1783609200,0.001244827475390611,0.001293882240099051,0.0012194069604939798,0.0012750059431359026,11101.920114029639
1783612800,0.0012750059431359026,0.0013036603066417566,0.0012155963211557409,0.0012692067025668276,11715.46137751185
1783616400,0.0012692067025668276,0.001271377897430866,0.0011664918031807049,0.0012118596472775907,19922.51791415871
1783620000,0.0012118596472775907,0.0013173677765050756,0.0011687220798802603,0.0011982957821068487,38226.367339179196
1783623600,0.0011982957821068487,0.0013005371855520172,0.0011557799504094495,0.001204368640709815,32085.76930014604
1783627200,0.001204368640709815,0.001208574682937269,0.0011269931544026586,0.001170118809359791,17572.87059257895
1783630800,0.001170118809359791,0.0011726021879926386,0.0011414131668681371,0.001158343370233176,2537.2735288240383
1783634400,0.001158343370233176,0.0011686773313287454,0.0010964656183014706,0.001112310286966454,7037.37241873376
1783638000,0.001112310286966454,0.0011135674306793526,0.0010392422795904284,0.0010914394509610069,8751.510819162038
1783641600,0.0010914394509610069,0.0011905742388294463,0.0010547594889584015,0.0011846914915580222,9415.242836406322
1783645200,0.0011846914915580222,0.001240291344023834,0.0011505512458388836,0.0012376044711785942,18589.695971424204
1783648800,0.0012376044711785942,0.001614790058861747,0.0012178264969206704,0.0014298282282816975,167073.70657680288
1783652400,0.0014298282282816975,0.0014662919584778448,0.0012803994399141648,0.001310958366611476,76648.90493192444
1783656000,0.001310958366611476,0.001389188824314689,0.0012815891790265853,0.0013121153230410975,18084.360685887423
1783659600,0.0013121153230410975,0.0013741162180931296,0.0012901073630382281,0.001344377621826863,15258.077269243728
1783663200,0.001344377621826863,0.0013464131355584647,0.0012798599361466521,0.001313446908323651,12282.029244934594
1783666800,0.001313446908323651,0.001367939883117265,0.0012956750309238499,0.001367939883117265,11723.160950037498
1783670400,0.001367939883117265,0.0016886983306192154,0.0013541544955687206,0.0015983610510073485,42584.73180031662
1783674000,0.0015983610510073485,0.0016415347337424891,0.0015157812638222229,0.0016388884082936552,32231.084928048986
1783677600,0.0016388884082936552,0.0016598432663862675,0.0015242387909835367,0.0015955957441790025,30611.90912967572
1783681200,0.0015955957441790025,0.0015968340261605575,0.0014281307879044317,0.0015229136709000262,26005.098604385454
1783684800,0.0015229136709000262,0.0016045092158317909,0.001486522603633342,0.0015186311050923796,10391.247132442311
1783688400,0.0015186311050923796,0.0015198360642579446,0.0013719233502352335,0.001421022334099943,14090.25056349032
1783692000,0.001421022334099943,0.0014653427299868046,0.0013806894090945183,0.0014068520236159424,10645.502065943001
1783695600,0.0014068520236159424,0.0014278708793890806,0.00132666714250003,0.001343543957151453,24022.24332140264
1783699200,0.001343543957151453,0.001370615615197797,0.0013219089946824461,0.001367786683871752,19473.668087316677
1783702800,0.001367786683871752,0.001381246683164937,0.0013147800049737532,0.0013238759346100909,16987.418960420764
1783706400,0.0013238759346100909,0.0013474029989818921,0.00129586674835389,0.0013472472753956928,3200.887275136397
1783710000,0.0013472472753956928,0.001355361719933129,0.0013298842937151747,0.0013455854070160709,2261.7609364813834
1783713600,0.0013455854070160709,0.0013487041227380125,0.0013228409398568402,0.0013377831368656431,1528.4951750115329
1783717200,0.0013377831368656431,0.001499660265162591,0.0013202732712873384,0.001475495560218669,12034.276832753201
1783720800,0.001475495560218669,0.001477978681011023,0.0013080853939025654,0.0013319378297652776,8787.684129319121
1783724400,0.0013319378297652776,0.001337878915746939,0.0012717875439579147,0.0012952603225503065,3536.9167222116507
1783728000,0.0012952603225503065,0.0013386845811643208,0.001183632474885453,0.0012365971821548356,20529.062125722696
1783731600,0.0012365971821548356,0.0012655377725547248,0.0011877940901120398,0.0012336228184873757,9677.79400725645
1783735200,0.0012336228184873757,0.001235990008188405,0.001173728139396401,0.001218085359243888,9865.466974820685
1783738800,0.001218085359243888,0.0012948400784652263,0.0011724048668732426,0.0012902204416508434,54890.48945714803
1783742400,0.0012902204416508434,0.0012915395601696684,0.0012467853327899196,0.001254598956066189,4052.4442150887344
1783746000,0.001254598956066189,0.001267144430200695,0.0012272483072875173,0.0012428342932556998,3276.095026561402
1783749600,0.0012428342932556998,0.0013451872722816305,0.0012310845297879563,0.0013192841428534994,16663.943505525753
1783753200,0.0013192841428534994,0.001353518239751913,0.001294604188665576,0.0013429095006384454,20909.88909506573
1783756800,0.0013429095006384454,0.00135444946004178,0.0012516253464022182,0.0013050100918397662,23683.916056910577
1783760400,0.0013050100918397662,0.0013114496690776517,0.0012584089027119997,0.0012701843706008184,11132.534974360819
1783764000,0.0012701843706008184,0.0013099308572121506,0.0012301183435824853,0.0012932399348699896,11622.424084059212
1783767600,0.0012932399348699896,0.0013277312386647548,0.0012760659749912868,0.0013055957298390498,3810.1850683537004
1783771200,0.0013055957298390498,0.0013082473641636556,0.001259312190293437,0.0012673237465617559,2547.63996695706
1783774800,0.0012673237465617559,0.001333213161646516,0.00122722558506592,0.001267552878999943,10327.67111855939
1783778400,0.001267552878999943,0.0013136537083914583,0.0012509726756305352,0.0012848296486169869,4211.044850544261
1783782000,0.0012848296486169869,0.0013712108328922982,0.0012580464203932518,0.0012960662210980741,13635.322779346778
1783785600,0.0012960662210980741,0.0013699372499061447,0.00126469223553175,0.0013062189109394006,7090.092755089959
1783789200,0.0013062189109394006,0.0013369266039761495,0.001299572298490971,0.0013186582471001332,2963.4696255455306
1783792800,0.0013186582471001332,0.0013410831074296295,0.001279420278651919,0.0013303067314691054,4838.195195645943
1783796400,0.0013303067314691054,0.0013303067314691054,0.001273677983129715,0.0013015015683516575,6255.781016511681
1783800000,0.0013015015683516575,0.001599348875970947,0.0012854727599740491,0.0015193950920798043,43262.93228246956
1783803600,0.0015193950920798043,0.0015193950920798043,0.0014186083634973035,0.0014349503270679996,20529.683495176723
1783807200,0.0014349503270679996,0.0014385771407113568,0.0013723247293785813,0.0013903825677770495,11167.511698329263
1783810800,0.0013903825677770495,0.001399806823507122,0.0013356105512497775,0.0013512616395951768,11272.283761819053
1783814400,0.0013512616395951768,0.0013591404205792858,0.0013250591627671368,0.0013394562169338905,10674.453102519137
1783818000,0.0013394562169338905,0.00134524653685821,0.0013147883066781853,0.001325286114529615,4762.176182274274
1783821600,0.001325286114529615,0.001331959424310537,0.0012169600735585195,0.001278961312395015,7737.657033383322
1783825200,0.001278961312395015,0.0014126095416895125,0.0012523855334162313,0.0014126095416895125,8593.768654339558
1783828800,0.0014126095416895125,0.0014515778282122563,0.0013594148667535888,0.0014501222213460362,7486.440302540382
1783832400,0.0014501222213460362,0.0017768414457369223,0.0013548430638883442,0.0016145498446012135,59508.7815397562
1783836000,0.0016145498446012135,0.0016435660437054422,0.0015235753911882512,0.0015424944495856705,10974.669022527227
1783839600,0.0015424944495856705,0.0016025056133426587,0.0013946422978186898,0.0014071168068899367,20976.841392873837
1783843200,0.0014071168068899367,0.0014957383646766226,0.0014053769667855894,0.001466683193855381,8436.342870795404
1783846800,0.001466683193855381,0.0015638431684896217,0.0014357747918255354,0.0015510196438430707,8151.8152673636205
1783850400,0.0015510196438430707,0.0015510196438430707,0.0014863042848660478,0.001500329497016649,4543.993789485535
1783854000,0.001500329497016649,0.0015507287551801625,0.0014617401153491692,0.001545424761773397,11345.89246728799
1783857600,0.001545424761773397,0.001712083462715288,0.0015274843864794378,0.001647848513311975,32147.962170856685
1783861200,0.001647848513311975,0.001875236307164668,0.001608686505759687,0.0017855281093783054,80683.34443322023
1783864800,0.0017855281093783054,0.0020716161760727003,0.0017606923984112973,0.0019648738480676957,73273.04202768295
1783868400,0.0019648738480676957,0.002027938056659127,0.0016950060632020386,0.0017233412137467369,58407.55879766718
1783872000,0.0017233412137467369,0.0017458190236011664,0.001618466488326505,0.0017374744787322424,27510.43294206661
1783875600,0.0017374744787322424,0.0017675462660242003,0.0016870751609662769,0.0017056936388319907,9775.50057965494
1783879200,0.0017056936388319907,0.0018497028937683828,0.001680584685412562,0.0018042524334165439,17041.911431842273
1783882800,0.0018042524334165439,0.001994262867830464,0.001771010916395759,0.001789495338343191,30469.89543348231
1783886400,0.001789495338343191,0.0018021996135710655,0.0016759428098096691,0.0017769729175737652,10315.027227373059
1783890000,0.0017769729175737652,0.001790826605906633,0.0016851199160839026,0.0017100736401533402,4783.715887121708
1783893600,0.0017100736401533402,0.0017114957229875374,0.001636438571162044,0.0016687297333609246,5475.192313159938
1783897200,0.0016687297333609246,0.0016785533630617802,0.0014664209793313267,0.0015163637116344883,18894.56157118972
1783900800,0.0015163637116344883,0.0015968612630307348,0.0014885888557279567,0.0015817749319176233,13609.71448679806
1783904400,0.0015817749319176233,0.0016055870361037507,0.0015365634250210675,0.0015654976736045384,14055.532095438506
1783908000,0.0015654976736045384,0.0016755141016355085,0.0015369112587739545,0.0016706486853171668,14279.882772457184
1783911600,0.0016706486853171668,0.0017165459654537633,0.001533150738140752,0.0015612184181273705,24176.56159293879
1783915200,0.0015612184181273705,0.001562528298562538,0.0014752829064766998,0.0015013313700664038,11881.518621526817
1783918800,0.0015013313700664038,0.001621934688764222,0.0014730369622636536,0.0015160173242903588,19437.421437608617
1783922400,0.0015160173242903588,0.0015224908855452053,0.0014853159404247217,0.0015073734964827607,6578.096627822342
1783926000,0.0015073734964827607,0.0016102015250295827,0.0014724363813712075,0.001602781736282234,11543.565587589674
1783929600,0.001602781736282234,0.0016958579056224634,0.0015808832444592037,0.0016949668111541966,11998.808899383377
1783933200,0.0016949668111541966,0.0016951231090976226,0.001588675171666399,0.001627411030645281,10045.68792376053
1783936800,0.001627411030645281,0.0016983993213005141,0.0016108368506365523,0.001624589323337104,13948.674508732347
1783940400,0.001624589323337104,0.0017553635879086935,0.001616347801938206,0.0017191593802158272,21027.878824187246
1783944000,0.0017191593802158272,0.0017197473961433163,0.0015558164835967566,0.0016207057013247928,13370.806691308871
1783947600,0.0016207057013247928,0.001622232600262479,0.0014914204925267915,0.0015599705485335618,13227.86667599256
1783951200,0.0015599705485335618,0.001576234955922047,0.001514968716335351,0.0015717513134463873,7468.876721243452
1783954800,0.0015717513134463873,0.001572789143465632,0.001479506083774896,0.0015083777063009244,10465.886701208972
1783958400,0.0015083777063009244,0.0015234759419573303,0.0014460763599538282,0.0015201514263899648,11298.035401292731
1783962000,0.0015201514263899648,0.0015237937881207378,0.0014648707752872548,0.0014807193172210991,7506.793740400533
1783965600,0.0014807193172210991,0.0015013097493407335,0.0014642017491469112,0.0014853001999861285,8346.963295144906
1783969200,0.0014853001999861285,0.001571144329529769,0.0014067164611940126,0.0014370644483389543,24303.78292907672
1783972800,0.0014370644483389543,0.0014779364313079935,0.0013833156947307493,0.0014154806013595106,15481.050545976339
1783976400,0.0014154806013595106,0.001440334386696719,0.0013591586850999792,0.0013870976713580725,12483.400528966942
1783980000,0.0013870976713580725,0.0014341343778503767,0.0013713283158849475,0.0014268050063665947,10975.972248939408
1783983600,0.0014268050063665947,0.0014796634589588232,0.0014098285652387585,0.0014757101041050586,11379.996645347654
1783987200,0.0014757101041050586,0.0015119310802707469,0.0014542333147023764,0.0014970236033196435,9220.956896447424
1783990800,0.0014970236033196435,0.0015234553643591077,0.0014846485027360187,0.0015132282977957838,2750.4954737530625
1783994400,0.0015132282977957838,0.001519374246709673,0.0014378052152722268,0.0014613198811900688,3179.257325685822
1783998000,0.0014613198811900688,0.0014619695171905445,0.0013554291469524543,0.0013803893414782178,6472.304062167895
1784001600,0.0013803893414782178,0.0013899405635220022,0.001312823746109795,0.001377275688263707,10075.951111593133
1784005200,0.001377275688263707,0.0013892441863805863,0.0013523298449053117,0.0013845105907450595,4029.1076332641737
1784008800,0.0013845105907450595,0.0017274898392567518,0.0013015777759642101,0.0016734232732578695,75793.80292855737
1784012400,0.0016734232732578695,0.0018082771042701043,0.0015941465483488226,0.0016181977298006772,67402.62959905573
1784016000,0.0016181977298006772,0.001627548995379477,0.0015377257256957856,0.0016170406506536596,32074.724327860065
1784019600,0.0016170406506536596,0.004989182666353174,0.0015633652866373828,0.003852894167168227,822675.3904931169
1784023200,0.003852894167168227,0.004859249822472636,0.002998026545217764,0.0032077448228147276,1148280.0841916325
1784026800,0.0032077448228147276,0.0036173526471008554,0.0026187213200175863,0.0027872881063237594,327505.0030423888
1784030400,0.0027872881063237594,0.0028566954570428964,0.0024568457464947983,0.0025106439375527038,131656.83307880684
1784034000,0.0025106439375527038,0.002739649848479354,0.002257482146380454,0.002458472560541699,138682.72997058905
1784037600,0.002458472560541699,0.0029044121657802835,0.0023516763792020513,0.0023807704474225165,123886.4231658073
1784041200,0.0023807704474225165,0.002535785607346616,0.0020394890012168845,0.002159555779898161,165178.6866781649
1784044800,0.002159555779898161,0.0023917762405748343,0.001997904598199552,0.0022716369813073735,133776.88132834423
1784048400,0.0022716369813073735,0.002295217246881458,0.0019348355666631237,0.0020371064712960507,106155.26763260823
1784052000,0.0020371064712960507,0.0021737920306316746,0.0019957394075644057,0.0021705380994337677,30907.80182447082
1784055600,0.0021705380994337677,0.002285036345610972,0.002107777675366637,0.0021722799877228857,51549.15071418928
1784059200,0.0021722799877228857,0.0023885284652246904,0.00214955706567717,0.0023601827757050112,51820.98997614039
1784062800,0.0023601827757050112,0.0023827832534927557,0.0021665821946788783,0.0023169770359377615,42322.85693586327
1784066400,0.0023169770359377615,0.002584391911408143,0.0022950062412478408,0.0023915372477177556,40208.002980476376
1784070000,0.0023915372477177556,0.0027819820104597616,0.00234375654395033,0.0025873344679678803,54701.669277208835
1784073600,0.0025873344679678803,0.0028068093776953294,0.0024698239562735394,0.0028057922313313643,30938.822957701334
1784077200,0.0028057922313313643,0.0041340511907757066,0.0026648026428331443,0.00305386474313679,514534.8389873667
1784080800,0.00305386474313679,0.0032147603183441775,0.002565931646456118,0.002648560595900078,64709.77530735887
1784084400,0.002648560595900078,0.002808632544102374,0.002604986096462754,0.002777807289667063,16558.02042430413
1784088000,0.002777807289667063,0.0030723641534536055,0.0027767929599627106,0.00287683165272176,28534.08122621591
1784091600,0.00287683165272176,0.0028792917042593617,0.002349055184401699,0.0023503003965975643,79726.62124954638
1784095200,0.0023503003965975643,0.002748041270249948,0.0023503003965975643,0.0026930459799513013,34074.04453117423
1784098800,0.0026930459799513013,0.0027066404800480887,0.0025356313416306495,0.002595348947077391,27290.42894397393
1784102400,0.002595348947077391,0.002770930730162117,0.0025463781570086146,0.00275044258016493,14875.535602556323
1784106000,0.00275044258016493,0.0029964238430619976,0.0026119235772070724,0.0029709250410908765,67356.85997116136
1784109600,0.0029709250410908765,0.0031222644913993856,0.0029341343372715125,0.003011437325938037,79064.62951150833
1784113200,0.003011437325938037,0.003026482875392345,0.0026574190113339722,0.00300424351172042,94933.78148796005
1784116800,0.00300424351172042,0.003040892363305353,0.0028564888837402666,0.0030228320921742453,31405.36308283545
1784120400,0.0030228320921742453,0.003271195447373525,0.002994360035856178,0.0030910496684564766,36034.54019267193
1784124000,0.0030910496684564766,0.0032027493851194797,0.0027679050465383957,0.0028151209653420367,38058.881779692834
1784127600,0.0028151209653420367,0.003075371720340625,0.002788901006284465,0.0028064710912018235,37399.38521125186
1784131200,0.0028064710912018235,0.0029721563737619577,0.002607369916441048,0.0027490924367881446,60395.93399572905
1784134800,0.0027490924367881446,0.0027490924367881446,0.0024954853141108345,0.002608625729067692,39569.57734385087
1784138400,0.002608625729067692,0.0027812856968641,0.0024749347664270185,0.0025045482495500283,33892.616196973526
1784142000,0.0025045482495500283,0.0026040606339959656,0.00239849525833413,0.0025919367684377028,25636.207185717056
1784145600,0.0025919367684377028,0.002615734514283271,0.002548216545780401,0.0025960748754156582,8307.771619736042
1784149200,0.0025960748754156582,0.0029110043460244548,0.0025697522395539,0.002748188470965238,32204.07460073909
1784152800,0.002748188470965238,0.0028097751684961775,0.0026909090254367404,0.0026909090254367404,7074.536446857661
1784156400,0.0026909090254367404,0.0026909090254367404,0.0024534397910932733,0.0025761982591611153,40440.31399507595
1784160000,0.0025761982591611153,0.0026740307804556523,0.0025422777820468764,0.0026444076718165196,15223.926963469828
1784163600,0.0026444076718165196,0.00264673862280735,0.002554296722057003,0.0025687618308038304,8015.126049658078
1784167200,0.0025687618308038304,0.002569035709217763,0.0024200919585682904,0.0024450567013096403,11663.423374242757
1784170800,0.0024450567013096403,0.002457595569956675,0.0023675755662535608,0.00236852617616382,4774.737338393616
1784174400,0.00236852617616382,0.002519966872847747,0.0023639439249239173,0.002519966872847747,4977.911232135711
1784178000,0.002519966872847747,0.002594529650722764,0.002487492576795927,0.0025497148317759058,7998.92572213428
1784181600,0.0025497148317759058,0.0025603611260943218,0.002462920601693263,0.0024646650775972992,3666.2046690447396
1784185200,0.0024646650775972992,0.002573536445366148,0.0024646650775972992,0.0025638928802661845,5901.138770080549
1784188800,0.0025638928802661845,0.002631701914213699,0.002562532895191921,0.0025760619533624447,4851.283749969528
1784192400,0.0025760619533624447,0.002633951102358396,0.0025110469507675036,0.0025160511892026783,4714.369997406442
1784196000,0.0025160511892026783,0.0025821167345424197,0.0025115728019265496,0.0025293714748267295,4372.439316738428
1784199600,0.0025293714748267295,0.0025452374960782814,0.002393437872939103,0.002393437872939103,5880.103265827137
1784203200,0.002393437872939103,0.0024229486036701736,0.002352880924526918,0.0023803773627894126,3882.5336682759466
1784206800,0.0023803773627894126,0.0023803773627894126,0.002238748504876002,0.0022514233987710013,7229.222186797973
1784210400,0.0022514233987710013,0.002316033457527185,0.002247267768903933,0.002277792162537575,5614.140578103059
1784214000,0.002277792162537575,0.0022990585513599417,0.0021851640745194894,0.002189755090997105,8234.912311374552
1784217600,0.002189755090997105,0.0022045789305172197,0.0019101921613290571,0.0020419897199284416,43848.932935923636
1784221200,0.0020419897199284416,0.002075991544560289,0.00199236858109708,0.0020296589323461163,25132.10227239131
1784224800,0.0020296589323461163,0.0020935698527871846,0.0019186388639120305,0.0020842384448976365,34536.83729267731
1784228400,0.0020842384448976365,0.0022263738973382647,0.0020643440333259783,0.0022186544367269355,35437.41948467011
1784232000,0.0022186544367269355,0.0022846810900691455,0.0021705045536179013,0.0022810072699130635,29077.784887257374
1784235600,0.0022810072699130635,0.0022813002254635333,0.0021696222707824017,0.0022165488296439855,21271.612789638704
1784239200,0.0022165488296439855,0.002335385123628879,0.0021401541613528256,0.0023319457515509974,17647.065327610442
1784242800,0.0023319457515509974,0.002500833209548178,0.002211641415919787,0.0024941002956628384,26135.31262125319
1784246400,0.0024941002956628384,0.0025341064969904613,0.0024244960008050183,0.0024707329432231517,28487.750377420132
1784250000,0.0024707329432231517,0.0024824728153291144,0.0023385294171738534,0.002375616107389192,18853.680090498958
1784253600,0.002375616107389192,0.0025083640117478873,0.0023471064936949814,0.0024767513031358187,25530.89502107833
1784257200,0.0024767513031358187,0.002530026523707322,0.00242356222581961,0.0024558928120857575,17008.76821910534
1784260800,0.0024558928120857575,0.0024757327178967156,0.0024036767435731956,0.002446409934858828,15006.009933617139
1784264400,0.002446409934858828,0.0024484011340213563,0.002342772627034626,0.002373141731658803,14454.579797299702
1784268000,0.002373141731658803,0.002385379337828632,0.0023099499493162297,0.002364884324155108,13998.561379575951
1784271600,0.002364884324155108,0.0024077301532624204,0.002274496662254018,0.0023062451184761683,15854.316920765215
1784275200,0.0023062451184761683,0.0023186677432684784,0.002180905577586442,0.002238330334155049,20030.540822650004
1784278800,0.002238330334155049,0.002354176633618994,0.002237059040418246,0.0023437359862291717,16778.025161975944
1784282400,0.0023437359862291717,0.0023569343389865504,0.0023097616712883765,0.0023424233812482454,9760.979208436074
1784286000,0.0023424233812482454,0.002342836098251466,0.0022267363823634256,0.00224651124151777,9359.306309021327
1784289600,0.00224651124151777,0.0023002410757802585,0.002199494160646515,0.002221632142263446,11255.56644751176
1784293200,0.002221632142263446,0.002239445172994482,0.002052238044135751,0.0022340533444891505,38346.44625658736
1784296800,0.0022340533444891505,0.0022726141622114995,0.0019374810522316491,0.002005108518679757,75306.44142669308
1784300400,0.002005108518679757,0.0020374744322772453,0.0019365346902082948,0.001984160375783408,28679.03525952049
1784304000,0.001984160375783408,0.0020099014748599076,0.001735987306528099,0.0019477491621166915,41860.68286839591
1784307600,0.0019477491621166915,0.0019689615623824,0.001812506339189805,0.0018684297441463632,16101.747992926372
1784311200,0.0018684297441463632,0.0019097565894296926,0.0018618172529555397,0.0018813000557731097,8214.07982133453
1784314800,0.0018813000557731097,0.0018975131704736196,0.0017198504287330187,0.0018047375552258304,25062.899437531494
1784318400,0.0018047375552258304,0.0018562299175785013,0.0017691226514681428,0.0018258904558845163,28284.13628400324
1784322000,0.0018258904558845163,0.0018458607156636231,0.0017929444000744348,0.0018119632872611617,24444.24901968081
1784325600,0.0018119632872611617,0.0018872924466158132,0.0017857277863885573,0.0018839573383077602,25902.06589765967
1784329200,0.0018839573383077602,0.0019454940546541162,0.0018467687404886593,0.001924895939913888,20316.95433458685
1784332800,0.001924895939913888,0.0020092582275898787,0.00190444122841904,0.0019304881773351851,11303.78345513128
1784336400,0.0019304881773351851,0.0019817953827186174,0.0018927232418438837,0.001916434521362105,4204.7372384291975
1784340000,0.001916434521362105,0.001917283100837036,0.0017807248954159222,0.0018042553285421306,7691.518734210743
1784343600,0.0018042553285421306,0.0018630933518644446,0.0017599248468320096,0.0018530836770415476,8625.2441901229
1784347200,0.0018530836770415476,0.0018534614023967284,0.0017982957756389193,0.001842316701649192,5409.001493058253
1784350800,0.001842316701649192,0.002085341645290567,0.001825975273708548,0.002022938462274179,20035.212043163374
1784354400,0.002022938462274179,0.0020529653194269757,0.0019771465266886228,0.0019970791782871456,4419.655953502042
1784358000,0.0019970791782871456,0.002004982959898296,0.0019391675521002584,0.0019896534070204547,4278.8311950745
1784361600,0.0019896534070204547,0.002010639736964702,0.001961698610327362,0.0019863809499157427,2725.62386943891
1784365200,0.0019863809499157427,0.002121724988500038,0.0019862228533350052,0.002026177946122109,15093.58908787216
1784368800,0.002026177946122109,0.0020503577002260473,0.0019701755244925876,0.002002652394809731,4455.48214404922
1784372400,0.002002652394809731,0.002295907780266653,0.001994184229999273,0.0022744284594013206,18384.206352866066
1784376000,0.0022744284594013206,0.002288752649099194,0.0021679550852252445,0.0021679550852252445,4988.759768635861
1784379600,0.0021679550852252445,0.002179698536052644,0.0020977463860605496,0.002119667110578211,5749.821278571935
1784383200,0.002119667110578211,0.0021502854238820116,0.0020822090814424524,0.002128138478621382,5513.369047830109
1784386800,0.002128138478621382,0.0022974328049613323,0.0021225799323277682,0.002241997243713311,15786.298484826784
1784390400,0.002241997243713311,0.0022643163531284346,0.002164386559054993,0.002254597783017218,8292.229630410739
1784394000,0.002254597783017218,0.002336811967637136,0.002180169824076078,0.002199427596528609,11647.138137499687
1784397600,0.002199427596528609,0.0022421820444074067,0.0021354214851018573,0.0021585742074098045,4663.50022295097
1784401200,0.0021585742074098045,0.0021701058911915653,0.0020867206476500345,0.002087911830169943,6447.5221490934355
1784404800,0.002087911830169943,0.002125025768135626,0.0020846492331744976,0.0021042022444718585,2326.2189691958392
1784408400,0.0021042022444718585,0.0021360995978572574,0.002095691255520713,0.002122088461298359,1411.6729908798416
1784412000,0.002122088461298359,0.0021382011870493024,0.00209602639262593,0.0021333763647208835,1978.00613318009
1784415600,0.0021333763647208835,0.0021494774008011977,0.0021025423040741086,0.002135499399685194,2110.978336363665
1784419200,0.002135499399685194,0.0022100966622193626,0.0021133731823553504,0.002198272425740612,5189.826191165372
1784422800,0.002198272425740612,0.002299645773251508,0.0021759202783027177,0.0022996214782199866,6158.182617481763
1784426400,0.0022996214782199866,0.002354840831233614,0.0022497766905063624,0.0022766147529123468,5078.229798477171
1784430000,0.0022766147529123468,0.0022838915106401306,0.0022004565043674384,0.002226114010682581,2103.6309995320153
1784433600,0.002226114010682581,0.0022278750577005204,0.0021757853601934683,0.0022011285178346897,3650.218587173229
1784437200,0.0022011285178346897,0.0022089143186049282,0.002141274092966901,0.0021566187593072363,3605.796786378227
1784440800,0.0021566187593072363,0.0021581599804431444,0.0021205091940574706,0.0021330691105504044,847.017475630302
1784444400,0.0021330691105504044,0.0021592157695859847,0.0020710606240723507,0.0021407858070195177,4856.233912653346
1784448000,0.0021407858070195177,0.0021713330226657834,0.0020758961733313985,0.002096829863961093,4681.011537328877
1784451600,0.002096829863961093,0.002116556646760372,0.0020523455044865525,0.0021019690076729,5181.193089601423
1784455200,0.0021019690076729,0.0021065592395568145,0.0020704214290012493,0.0021054959603446703,1127.8533912642733
1784458800,0.0021054959603446703,0.002162248206692816,0.0021054938827928644,0.0021221518992949927,3957.5885811076
1784462400,0.0021221518992949927,0.0021531545664733283,0.002075001820745908,0.002110240042614766,5912.440149732662
1784466000,0.002110240042614766,0.002134705003902818,0.0019963883786778217,0.0020335599727417204,5401.0857027325155
1784469600,0.0020335599727417204,0.0020390473926571962,0.0019220654967250191,0.0019639244368560007,7675.923424475975
1784473200,0.0019639244368560007,0.002158252083472012,0.001927728589547425,0.0020567614302800376,17953.334861751824
1784476800,0.0020567614302800376,0.002078581285338506,0.002014681307080466,0.0020651013930669338,4360.120408711529
1784480400,0.0020651013930669338,0.0020673267216726227,0.002015356285185815,0.0020371877442979538,1509.2751282776717
1784484000,0.0020371877442979538,0.0020371950168422237,0.001954819131799927,0.001996739288756615,2916.041632841107
1784487600,0.001996739288756615,0.0020105523256697855,0.001885355821777031,0.0019495158738855032,6687.448584052457
1784491200,0.0019495158738855032,0.001978011520020759,0.0019302448105322219,0.001956129447825247,1868.5208082411884
1784494800,0.001956129447825247,0.0019661610537619082,0.0019058981436235504,0.0019623233236395667,2540.2276091665854
1784498400,0.0019623233236395667,0.002011671902914251,0.0019376695302827558,0.0020104560326596687,2447.338494184582
1784502000,0.0020104560326596687,0.002079120303515539,0.0019840780790337876,0.0020767712121258605,4115.36300933128
1784505600,0.0020767712121258605,0.0021011219313064244,0.0020483037224219808,0.0020998969968912496,1856.4875177879185
1784509200,0.0020998969968912496,0.0021288037117107622,0.00205712749535186,0.002077900912855877,2677.427368191752
1784512800,0.002077900912855877,0.0021009616707572433,0.0020514753384227274,0.0020514753384227274,2794.788779975676
1784516400,0.0020514753384227274,0.002080045919938137,0.0020442657568362976,0.002066149029417692,1543.0862624025574
1784520000,0.002066149029417692,0.0020813903418242406,0.0020339821250083797,0.002053663837530094,987.8819015177066
1784523600,0.002053663837530094,0.002053663837530094,0.0019868686821685215,0.0019881754518368327,1990.337170665479
1784527200,0.0019881754518368327,0.0019881754518368327,0.0019472282286613935,0.001967174298532837,1222.5491657422751
1784530800,0.001967174298532837,0.001990040041946704,0.0019471699215523337,0.001990040041946704,2125.4333117718375
1784534400,0.001990040041946704,0.001990040041946704,0.0019045389146516106,0.0019132634981859039,3434.7750968444475
1784538000,0.0019132634981859039,0.0020532217474421265,0.0019132205782344148,0.0020532217474421265,6355.26789645456
1784541600,0.0020532217474421265,0.0020532217474421265,0.0018149863360862853,0.001857975071595863,9826.579095201087
1784545200,0.001857975071595863,0.0018829837038645636,0.0017246938955798148,0.0018272279140022062,18581.618191342644
1784548800,0.0018272279140022062,0.0018610967101100563,0.0018004368300027606,0.001845763918148558,5687.042184303037
1784552400,0.001845763918148558,0.0018497601973194871,0.0017361212054139315,0.0017841961646642528,11823.590552582746
1784556000,0.0017841961646642528,0.0017947828812985586,0.001750986051816092,0.001772091572878346,4621.795044815626
1784559600,0.001772091572878346,0.0018219594878789145,0.001724732137877523,0.0017385513955391577,7009.600708645692
1784563200,0.0017385513955391577,0.001790067573579607,0.0017195556640098662,0.0017677569326249123,6624.090618370126
1784566800,0.0017677569326249123,0.00180369284446401,0.0017531396136714844,0.0017872355308204571,5184.446312995544
1784570400,0.0017872355308204571,0.0018238763972164994,0.0017757009853024458,0.0017933788988516621,1289.4897746309039
1784574000,0.0017933788988516621,0.0018006039972733156,0.001747551907201989,0.0017778256823127714,3868.7630070438427
1784577600,0.0017778256823127714,0.0017785789171420382,0.0017224722345710816,0.0017550099425589379,3475.6635795738657
1784581200,0.0017550099425589379,0.0017614345491050011,0.001719847165081412,0.001741754151100475,1912.3799833049625
1784584800,0.001741754151100475,0.001741754151100475,0.001602971349561637,0.001690723814392245,24385.84367425662
1784588400,0.001690723814392245,0.0017114923612901272,0.001628829601490879,0.0016961993880292773,7143.229181961462
1784592000,0.0016961993880292773,0.0017240719005281776,0.0016650627465564312,0.001708733106889416,4607.308558217884
1784595600,0.001708733106889416,0.0017284036656640756,0.0016305288761690655,0.001633924556329152,5562.877439496304
1784599200,0.001633924556329152,0.001695729822246002,0.0016160970968277003,0.0016948920954502056,3315.7622520529308
1784602800,0.0016948920954502056,0.0018575056215556474,0.0016768549349372597,0.0017402722657771446,52142.109883252575
1784606400,0.0017402722657771446,0.0018218930789386037,0.0017142990462704671,0.0018207530090811601,6037.649157685295
1784610000,0.0018207530090811601,0.0018226265738457436,0.0017444743337118797,0.0018159242534745153,10137.937042882088
1784613600,0.0018159242534745153,0.001840993327217547,0.0017841603437121667,0.001812770761049133,3128.9782400497534
1784617200,0.001812770761049133,0.0018373988688676398,0.0017656464576689323,0.0018266760683036192,5963.9315632057705
1784620800,0.0018266760683036192,0.0018477825904010439,0.0017955896130318904,0.001830446772938941,5245.967106303053
1784624400,0.001830446772938941,0.0018617439328400163,0.001798641491467669,0.0018401086106138674,6492.9849184152
1784628000,0.0018401086106138674,0.0018420852815147913,0.0017982138290070883,0.0018180928163082086,4577.536509834024
1784631600,0.0018180928163082086,0.0018243807931734046,0.0017881768803689742,0.0018083379479990904,2866.120176196347
1784635200,0.0018083379479990904,0.001839522391182265,0.0017729385851331003,0.0017983424328124962,5988.463216070721
1784638800,0.0017983424328124962,0.0018483228068468787,0.0017576027186746628,0.0018437376148518947,6325.788826279064
1784642400,0.0018437376148518947,0.00184889910969866,0.0017240921930403645,0.0017558954171824838,9384.380509044564
1784646000,0.0017558954171824838,0.0017846097739622,0.0017115028645731671,0.0017838599180556726,5726.006780545881
1784649600,0.0017838599180556726,0.0017848682707349353,0.0016950705159217876,0.0017811755930936593,14174.019701307006
1784653200,0.0017811755930936593,0.0018586834772753712,0.0017382294893692884,0.0018280251537064849,9220.765031219304
1784656800,0.0018280251537064849,0.0018628762907570084,0.001756303995798377,0.0018145738446023012,11225.515690612823
1784660400,0.0018145738446023012,0.0018322104322471197,0.0017754516865620823,0.0018207002378091237,4953.710235939743
1784664000,0.0018207002378091237,0.0018223868108556544,0.0017749196533462354,0.001822377364609008,4613.335391702474
1784667600,0.001822377364609008,0.001914227869445692,0.0018005965523125687,0.0019019722241975512,9170.341518133699
1784671200,0.0019019722241975512,0.0019033282271139133,0.0017675383616841068,0.0018434802393469522,8911.886294788095
1784674800,0.0018434802393469522,0.0018492612532798737,0.0018118530652748543,0.0018344886368849426,3659.8402449955356
1784678400,0.0018344886368849426,0.0018612562551917262,0.001816114656628574,0.0018510948524241505,3207.938846506907
1784682000,0.0018510948524241505,0.0019640010240734272,0.0017513395141415405,0.001927965902561809,18745.73746874642
1784685600,0.001927965902561809,0.0019306534470838617,0.001799085622944486,0.0018198536038775514,8785.433084221839
1784689200,0.0018198536038775514,0.001824688132872718,0.0017553012035938672,0.001781318990190261,7941.269271951324
1784692800,0.001781318990190261,0.001796771324912592,0.0017445816935363289,0.001763658187416097,3855.8650911302957
1784696400,0.001763658187416097,0.001783944262519496,0.0017270555078627882,0.0017522835467336504,5924.26157436204
1784700000,0.0017522835467336504,0.0017534792893712024,0.001712765540970785,0.0017340501675379926,3707.9634422749023
1784703600,0.0017340501675379926,0.0017829382077700965,0.0017089447307006764,0.0017826615738833743,7543.9081785105345
1784707200,0.0017826615738833743,0.0017831891055720194,0.0016941172757774768,0.0017045491019152337,6032.765236671569
1784710800,0.0017045491019152337,0.001719999613927457,0.0016770357974493332,0.001712226868268256,2100.627111891343
1784714400,0.001712226868268256,0.001712226868268256,0.001514406414496162,0.0016275537448842538,21579.396252656756
1784718000,0.0016275537448842538,0.0016862558475072616,0.0016115274032415623,0.0016642987618426545,5438.072451046692
1784721600,0.0016642987618426545,0.0016681737814478272,0.0015295005189035083,0.0015685392539973309,12751.995415897673
1784725200,0.0015685392539973309,0.0016791988326652887,0.0015480071186642986,0.0016575103709597185,8887.444831088938
1784728800,0.0016575103709597185,0.0016755972217643669,0.00159013069767017,0.0016479047291363365,11385.189115982314
1784732400,0.0016479047291363365,0.0016722261432240964,0.0016173027724684453,0.0016586886982505413,3818.7455578108634
1784736000,0.0016586886982505413,0.0016768009200504822,0.0016400927425426761,0.0016515796758759867,2744.6115460445553
1784739600,0.0016515796758759867,0.0016515796758759867,0.0015948484769153263,0.0016146970662554952,3089.662647041299
1784743200,0.0016146970662554952,0.0016146970662554952,0.0015766610574628956,0.0015977074252306466,1606.7788513964113
1784746800,0.0015977074252306466,0.0016178275714690171,0.001583493864082763,0.0016063392726019183,1624.2121804604692
1784750400,0.0016063392726019183,0.001615901119260564,0.0015763225319694182,0.0015988796235853816,5143.860506894355
1784754000,0.0015988796235853816,0.0016041358547913488,0.001539469298157367,0.0015854437434979322,4826.055817092178
1784757600,0.0015854437434979322,0.0015854466263130436,0.0015309592164197193,0.0015546919079969714,1477.0625047691506
1784761200,0.0015546919079969714,0.0015546919079969714,0.0015096073722929702,0.001534266628479691,1857.8625739055467
1784764800,0.001534266628479691,0.0015974214139612586,0.0015274401819556287,0.0015963997994781127,6485.597140510453
1784768400,0.0015963997994781127,0.0016290195926192328,0.0015445729767201031,0.001560820143820115,6672.37852334169
1784772000,0.001560820143820115,0.0015880723265591257,0.0015414802762726838,0.0015880722634984037,3839.730391861533
1784775600,0.0015880722634984037,0.001590060461988857,0.001541765818001422,0.001558298253973886,1554.3295659396624
1784779200,0.001558298253973886,0.0015687161598266037,0.0014731028820462932,0.0015285486109252375,8999.11594314925
1784782800,0.0015285486109252375,0.0015835379684475013,0.00150953172837874,0.00156393552351795,6296.469567991773
1784786400,0.00156393552351795,0.0015926713925998011,0.0015286084130895707,0.0015926713925998011,4105.468284950895
1784790000,0.0015926713925998011,0.0015947796184645957,0.0014868987409205638,0.001509006889490314,9108.935008802157
1784793600,0.001509006889490314,0.0015174764646584027,0.0014893341656428295,0.001511460858618991,4521.405940950921
1784797200,0.001511460858618991,0.0015812554227843288,0.0014919874610670894,0.0015369764081253582,10219.093011336996
1784800800,0.0015369764081253582,0.0015928754720356882,0.0014946737548126817,0.001516323487369981,10830.493940976536
1784804400,0.001516323487369981,0.001552316418319795,0.0014897553799763988,0.001549845286353916,6957.264455436352
1784808000,0.001549845286353916,0.0015691889274834555,0.0014922236388583538,0.0015180385198859823,9234.541789810213
1784811600,0.0015180385198859823,0.001561715568084321,0.0014958668132419905,0.0015560613262198717,7368.851022164217
1784815200,0.0015560613262198717,0.0015597522809455051,0.0014654706257742256,0.0015104164659428929,11303.84730843349
1784818800,0.0015104164659428929,0.001515614091294605,0.0014376935865341534,0.0014729171748749485,10997.482802518012
1784822400,0.0014729171748749485,0.0014729171748749485,0.001398577957154897,0.001460566280776912,10816.896524387801
1784826000,0.001460566280776912,0.0014632429028809985,0.0013949136716497647,0.0014118169978210658,7266.206540991988
1784829600,0.0014118169978210658,0.0014645625629847061,0.0013574849182649612,0.0014581001001658862,13476.396740550792
1784833200,0.0014581001001658862,0.001458877681991804,0.0013947028697145253,0.0013947028697145253,3519.2120059569443
1784836800,0.0013947028697145253,0.0014166232247005918,0.0013778846089498417,0.0013983392139053903,3377.135538253373
1784840400,0.0013983392139053903,0.001403945146974468,0.0013675762243653333,0.001400772203285909,2923.4897146987123
1784844000,0.001400772203285909,0.001400772203285909,0.0013727600514477614,0.0013849990994903238,1376.4452053351254
1784847600,0.0013849990994903238,0.0014083383415155995,0.0013693835811035282,0.0013927315277145005,3107.1487850716967
1784851200,0.0013927315277145005,0.0014264503852481206,0.0013805436421336277,0.0014108478765233376,2298.5955567749997
1784854800,0.0014108478765233376,0.001438919427362227,0.0013680844171269978,0.0013966041126517131,5243.777424526507
1784858400,0.0013966041126517131,0.0014591882644071222,0.001380454075825655,0.0014424792027052159,4979.1176406638815
1784862000,0.0014424792027052159,0.001490006275489502,0.0014385941197840666,0.001476915637677791,3961.7020374577487
1784865600,0.001476915637677791,0.0014948742688529059,0.0014515562021812543,0.0014774440739550455,1397.3546180547364
1784869200,0.0014774440739550455,0.0015384544437426545,0.0014769820299730487,0.0015374042673754545,3435.41108488974
1784872800,0.0015374042673754545,0.0015536286429222775,0.00147791224012759,0.001494640088991679,1744.13479320179
1784876400,0.001494640088991679,0.0015043625127643713,0.0014580674725170894,0.0014902911484125651,1953.7091698565987
1784880000,0.0014902911484125651,0.0016902401569737092,0.0014893178003986044,0.0016038906949057113,14294.745887076642
1784883600,0.0016038906949057113,0.0016831824218117499,0.0015811875363958374,0.0016623606233177172,5810.8321297670855
1784887200,0.0016623606233177172,0.0016625674956458546,0.0015719691721196665,0.0016014924437456504,4875.403412760698
1784890800,0.0016014924437456504,0.0016546436764325197,0.0015819756078807058,0.001654637225061318,3114.0190176211217
1784894400,0.001654637225061318,0.001768847217648343,0.0016362152456274011,0.0016878219947275984,13227.234012027286
1784898000,0.0016878219947275984,0.0016902004773822654,0.0016029901496712917,0.0016343096908583601,4095.1021576864873
1784901600,0.0016343096908583601,0.0016350764176837585,0.0013036328108127291,0.0014502191040956871,54955.99494829242
1784905200,0.0014502191040956871,0.0014663303965923,0.001410379339208498,0.0014573970592971516,7037.036787983245
1784908800,0.0014573970592971516,0.0014933339563859202,0.0014395678144062732,0.001483548640645279,6067.592391459533
1784912400,0.001483548640645279,0.0015254975309080617,0.0014465144000660236,0.0015228203184955327,11817.917218177085
1784916000,0.0015228203184955327,0.0015241405323529647,0.0014879363721410229,0.001510404608923529,17179.42821412185
1784919600,0.001510404608923529,0.0015516801609684338,0.0014867107340715698,0.0015378645896488774,16616.31396613352
1784923200,0.0015378645896488774,0.0015486009736559786,0.0014967678530606976,0.001510769882422884,11761.35665478182
1784926800,0.001510769882422884,0.0015242406104349277,0.0014773386969355784,0.0015118986304812716,2734.8183806988814
1784930400,0.0015118986304812716,0.0015151327350431364,0.0014859489358211562,0.001501496951570634,736.93893443432
1784934000,0.001501496951570634,0.0015387139288904569,0.0014862123390470413,0.0015295656298463234,1440.9571326228356
1784937600,0.0015295656298463234,0.0015505923972893392,0.0014864790829787827,0.0015400368434820442,3221.376982785404
1784941200,0.0015400368434820442,0.0015613193129112458,0.001511502646782715,0.0015275694526974497,2073.4173180421208
1784944800,0.0015275694526974497,0.0015382950298300528,0.0014971952311658564,0.0015058604356568844,1713.008870821404
1784948400,0.0015058604356568844,0.0015161332830704605,0.0014632577006143661,0.0014825043632959323,3684.6336956277078
1784952000,0.0014825043632959323,0.0014913469358469379,0.0014367680335592285,0.0014529926803939063,4604.778701758565
1784955600,0.0014529926803939063,0.0014554778064585394,0.0014334430369285,0.0014512118144658006,1372.7249825800943
1784959200,0.0014512118144658006,0.0014663234910788068,0.0014359088478809595,0.001445361841347754,2319.627931330641
1784962800,0.001445361841347754,0.0014720756900776317,0.0014388885387158542,0.0014652223833880893,1297.018399459181
1784966400,0.0014652223833880893,0.0015026939153091278,0.0014460058624623413,0.001497925878270709,13949.375580621436
1784970000,0.001497925878270709,0.0016190382320688877,0.001478963113184439,0.0015671422707509847,27053.487401411527
1784973600,0.0015671422707509847,0.0016784926227428095,0.0015474229029118654,0.0016475535877394803,30293.360565876694
1784977200,0.0016475535877394803,0.001681790850877169,0.0016005581581658406,0.0016300549434667456,17497.957144451582
1784980800,0.0016300549434667456,0.0016867274298937053,0.0016068928388108324,0.0016571579019436279,13159.370064159784
1784984400,0.0016571579019436279,0.00167548938103265,0.0015601689697969214,0.00158887520618828,14921.472776133232
1784988000,0.00158887520618828,0.0015927010830042326,0.0015528372056673894,0.001585308396737146,9801.702972182402
1784991600,0.001585308396737146,0.0016638300579276198,0.0015649831684169213,0.0016450011221698481,13363.776027208187
1784995200,0.0016450011221698481,0.001865761601263502,0.0016436046960690263,0.001818116137491491,29784.126087935932
1784998800,0.001818116137491491,0.0018622247533086195,0.0018020152962150938,0.0018218850705341752,6209.788459555664
1785002400,0.0018218850705341752,0.0018294759791885487,0.0017399632716987316,0.0017680081745051477,4957.119545865185
1785006000,0.0017680081745051477,0.0017793021408403485,0.001742297463083892,0.001777366863691559,2182.546977930958
1785009600,0.001777366863691559,0.0018150806306265576,0.001747302558284813,0.0017655179892163873,6126.985065307452
1785013200,0.0017655179892163873,0.0017655179892163873,0.0017037424688704048,0.0017136094330279636,3978.3819317987345
1785016800,0.0017136094330279636,0.0017224358002281837,0.0016703347407169397,0.0016703347407169397,2162.2224204970466
1785020400,0.0016703347407169397,0.0016907288936406021,0.0016457911130756924,0.0016457911130756924,1526.397316788336
1785024000,0.0016457911130756924,0.0017349569559634308,0.0016369606401076073,0.0017081265230525443,4465.301141759553
1785027600,0.0017081265230525443,0.001734751570650692,0.0016799535002518689,0.0016826181129631895,3566.538806895256
1785031200,0.0016826181129631895,0.0017001143742793583,0.0016500248621589605,0.0016879321664064072,2930.7331559850786
1785034800,0.0016879321664064072,0.0017037906348760059,0.0016607008676086717,0.0017029466691368502,2233.1399451062775
1785038400,0.0017029466691368502,0.0017880133123850928,0.0017010175254829323,0.0017564514436603945,4728.45641625718
1785042000,0.0017564514436603945,0.0017564514436603945,0.001686481414114973,0.0017131895722816374,4533.235290977188
1785045600,0.0017131895722816374,0.0017739829704687524,0.0016905487412342797,0.0017229811967072735,4708.653041365826
1785049200,0.0017229811967072735,0.0017311031638707266,0.0017044269381620313,0.0017044269381620313,900.9081075632977
1785052800,0.0017044269381620313,0.001725541857637507,0.0016988976885761152,0.0017052550621293057,1430.8473153072082
1785056400,0.0017052550621293057,0.0017154863509720477,0.0016752030316226788,0.0016778047893482616,3324.6755909728513
1785060000,0.0016778047893482616,0.001681997511051781,0.0016437479588016152,0.0016506199997621453,2384.645620122778
1785063600,0.0016506199997621453,0.00168237477431096,0.0016439827204117463,0.001659923210170725,1754.628299498052
1785067200,0.001659923210170725,0.0016789994296260075,0.0015999276095190814,0.0016044083460587462,4066.304356546571
1785070800,0.0016044083460587462,0.0016276245861698477,0.0015704112512434293,0.0015970457842475142,4805.047890462247
1785074400,0.0015970457842475142,0.001610622083901715,0.0015817137729459256,0.0015877619689654075,1658.059697141429
1785078000,0.0015877619689654075,0.0016135578366376195,0.0015740470810835113,0.0015969375157403054,1880.230326605622
1785081600,0.0015969375157403054,0.0016315525097261242,0.00159121371213005,0.0016135775791828496,1838.0482698599826
1785085200,0.0016135775791828496,0.0016147847797597494,0.0015517994501547852,0.001580784298718736,2042.8190950450953
1785088800,0.001580784298718736,0.001606250877936766,0.001564437481878101,0.001593003518050888,2226.8883570801772
1785092400,0.001593003518050888,0.0015960670128932711,0.0015453596256701488,0.0015613823690687088,3130.659921109811
1785096000,0.0015613823690687088,0.0015897760728639002,0.001534512695540547,0.0015522184730555719,5206.11321966325
1785099600,0.0015522184730555719,0.0015564477799011047,0.0015125257164914604,0.0015264894042287516,2317.2965502344427
1785103200,0.0015264894042287516,0.0015785718536500653,0.0015227193548029091,0.0015588170548331674,3061.9071971715857
1785106800,0.0015588170548331674,0.0015731351339652701,0.0015297968496419667,0.0015362179130424041,4440.911259081673
1785110400,0.0015362179130424041,0.0015417636339148133,0.0015082639729369605,0.00153923526390715,2257.0570167201854
1785114000,0.00153923526390715,0.0015447395073490398,0.0014954342222772807,0.0014968734602063601,2488.238521403931
1785117600,0.0014968734602063601,0.0015239113527269368,0.0014683096809481825,0.0014766888078992272,3085.804718831724
1785121200,0.0014766888078992272,0.001503494838677004,0.001464742626920462,0.0015023905659685803,4186.052395683145
1785124800,0.0015023905659685803,0.0015128155225940497,0.0014815237095792786,0.0014815237095792786,704.1299915799858
1785128400,0.0014815237095792786,0.001508105241696708,0.0014745258881235645,0.0014745258881235645,2092.2476745917834
1785132000,0.0014745258881235645,0.001518234418779072,0.0014745258881235645,0.0015038067631476097,1718.2144231726395
1785135600,0.0015038067631476097,0.0015140181903431687,0.0014397831181796844,0.0014861134693885845,4014.3431919350387
1785139200,0.0014861134693885845,0.0014895821185384134,0.0014619826660377771,0.0014619826660377771,1400.5285774249583
1785142800,0.0014619826660377771,0.0015610812285927868,0.0014619826660377771,0.0015329365173605974,4543.380961838683
1785146400,0.0015329365173605974,0.0015501652429652662,0.0014795183330596946,0.0014883948394956025,4571.874402232253
1785150000,0.0014883948394956025,0.0015155927958960301,0.001456256348133394,0.0014844814934151895,4692.294018137262
1785153600,0.0014844814934151895,0.0015414467068149442,0.001421169423464551,0.0015287173613028771,10268.625000496397
1785157200,0.0015287173613028771,0.001529545133484323,0.0014518209172653188,0.0014518209172653188,7030.721692938613
1785160800,0.0014518209172653188,0.0014689551022323917,0.001394472594370153,0.0014091567818583233,4960.162564085371
1785164400,0.0014091567818583233,0.0014091567818583233,0.0012828982758779025,0.0013282783624015294,13954.5226600389
1785168000,0.0013282783624015294,0.0013372288413418302,0.0011876253236047392,0.0012119471942826994,24339.720000711084
1785171600,0.0012119471942826994,0.0012647536135608696,0.0011174307497323556,0.0012637141040883117,11234.749489243328
1785175200,0.0012637141040883117,0.001281164419531236,0.0012323949340418128,0.0012688856500447077,7343.823618742551
1785178800,0.0012688856500447077,0.0013091723329892624,0.0012535930778090443,0.001304398281558062,3367.404757294628
1785182400,0.001304398281558062,0.0013075932343397526,0.001269495758747601,0.0012911569363138187,2502.6417901069094
1785186000,0.0012911569363138187,0.0013019262715219283,0.0012466787895458304,0.0012735259333760897,3282.1201831907974
1785189600,0.0012735259333760897,0.0012735262037827458,0.0012216080775692233,0.0012561797697834094,3349.1785612640906
1785193200,0.0012561797697834094,0.0012834673357848938,0.0012304242360762887,0.001280143306639764,3932.9408403453945
1785196800,0.001280143306639764,0.0012803767357059703,0.0012357302821328043,0.0012608075743228621,3189.0246782914805
1785200400,0.0012608075743228621,0.0012683375897925432,0.0012157942081220212,0.0012669442911193256,2943.2050224909203
1785204000,0.0012669442911193256,0.0012756216916578547,0.0012490830278866348,0.0012745592238103459,2369.036748057764
1785207600,0.0012745592238103459,0.0012996892505658076,0.0012609880755045115,0.0012991373588236226,3161.590809002095
1785211200,0.0012991373588236226,0.0012997435350609139,0.0012565930787358532,0.0012683999490859606,2037.3197256192657
1785214800,0.0012683999490859606,0.0012694230458782133,0.0012393473708161029,0.001255114408069834,1224.2366495619124
1785218400,0.001255114408069834,0.0012740980685352946,0.0012452794976164328,0.0012542135709075926,3236.187743609968
1785222000,0.0012542135709075926,0.0012804693468122818,0.0012267395721257857,0.0012640666891555923,3028.2521479426064
1785225600,0.0012640666891555923,0.001286381042739507,0.0012404594160078124,0.001241113910651111,4559.166174541053
1785229200,0.001241113910651111,0.001248836161395531,0.0012305653798825892,0.001236352280485869,744.13929169389
1785232800,0.001236352280485869,0.001259497435988741,0.001236352280485869,0.001244461846730766,960.0139375945702
1785236400,0.001244461846730766,0.0013007753017588088,0.0012400344635414078,0.0013007753017588088,2193.0273138782773
1785240000,0.0013007753017588088,0.001338602810326759,0.0012890519644955705,0.0013228277188693947,3649.469362353339
1785243600,0.0013228277188693947,0.0013542684257196699,0.0013149865788761811,0.0013407595670594655,2841.1168872459507
1785247200,0.0013407595670594655,0.0013407595670594655,0.001291211980840143,0.001304568463063423,2569.8222802845194
1785250800,0.001304568463063423,0.0013205878652617893,0.0012464706111379562,0.0012464706111379562,6108.744428043056
1785254400,0.0012464706111379562,0.0012614043436369085,0.001231422658251476,0.0012588524262761114,2338.2363067215915
1785258000,0.0012588524262761114,0.00127566783486145,0.0012316122605669137,0.0012723271088968776,2085.4365053429433
1785261600,0.0012723271088968776,0.0012789673333901516,0.0011573243585902059,0.0012065918088783219,11687.685043518155
1785265200,0.0012065918088783219,0.001229291858690081,0.0011810017551733187,0.0012117999011809445,3606.3542382472333
1785268800,0.0012117999011809445,0.0012155801713163766,0.0011644947902760226,0.0012044519083116898,1042.268905220237
1785272400,0.0012044519083116898,0.001220650404665096,0.00113404662824898,0.001178368491650653,6865.39988751207
1785276000,0.001178368491650653,0.001842759501749687,0.0011665556895417862,0.0016060024034344014,219076.14284790782
1785279600,0.0016060024034344014,0.0017516953357151006,0.0014127080745619579,0.0015291658864552478,90536.81341067464
1785283200,0.0015291658864552478,0.001682165995028745,0.0015084210125440379,0.0016245286447192015,53557.13945398647
1785286800,0.0016245286447192015,0.001630348926063613,0.001390086508600417,0.001513301987645281,59717.9238887248
1785290400,0.001513301987645281,0.0015414713746264624,0.0014424981161243722,0.0014937617348903434,23496.246099078096
1785294000,0.0014937617348903434,0.001583194413786786,0.001472590375047779,0.001522869607897999,23593.232457601567
1785297600,0.001522869607897999,0.0015428318306496202,0.0013999083568952354,0.001450577807622393,23134.985814520747
1785301200,0.001450577807622393,0.0014571987567685298,0.0013777051673696417,0.0014090400002697893,6941.571836581128
1785304800,0.0014090400002697893,0.0014629535359920332,0.0013623174677005684,0.00141267720363335,9643.152281453185
1785308400,0.00141267720363335,0.0015149791213225415,0.0013975798441774922,0.0014716229437904931,7185.771709732112
1785312000,0.0014716229437904931,0.0015303281596124145,0.0014556562636969465,0.0015161229741085553,7071.409241463064
1785315600,0.0015161229741085553,0.0015161376410771437,0.0014090710070272688,0.0014260762122523386,6658.825241960913
1785319200,0.0014260762122523386,0.0014441680031546046,0.0014035059968001444,0.0014249602177850062,3188.8093517369384
1785322800,0.0014249602177850062,0.001437970219540824,0.0013950791167491176,0.001437970219540824,4347.154513442528
1785326400,0.001437970219540824,0.0014380142860349948,0.0013893909345882999,0.0014133312522388074,1707.4950402513964
1785330000,0.0014133312522388074,0.0014134084704342294,0.0013646488502184187,0.0013833462174235682,4201.2739600189
1785333600,0.0013833462174235682,0.0014024879189362867,0.0013548625924523696,0.00138468415719621,4781.984668143043
1785337200,0.00138468415719621,0.0015384921593748853,0.0013655113559924467,0.0015116465243844638,17613.626105671512
1785340800,0.0015116465243844638,0.0016101396783962537,0.0014539054448080698,0.0014730207480097705,43590.05429267388
1785344400,0.0014730207480097705,0.0014939182247315178,0.0014291362329222007,0.0014939182247315178,4620.7997767539855
1785348000,0.0014939182247315178,0.0015163467931904153,0.0013202834108041416,0.0013583207522176698,18333.576047492836
1785351600,0.0013583207522176698,0.0014179473740600335,0.001211052597555633,0.0013712667737652193,6315.366997217652
1785355200,0.0013712667737652193,0.0014088482804431506,0.0013533161939964986,0.0013925153375555321,3518.623844299386
1785358800,0.0013925153375555321,0.0014262730742588487,0.001375031480763293,0.0014060930591833945,2553.2388484458415
1785362400,0.0014060930591833945,0.0014235494059110113,0.0013820118898059675,0.001415451077959903,2786.737182524639
1785366000,0.001415451077959903,0.0014277411624098535,0.001395032714110286,0.0014218909999010394,3324.2845296007777
1785369600,0.0014218909999010394,0.0014614198632797845,0.0014026454321139025,0.0014282984540778699,3961.2537262627748
1785373200,0.0014282984540778699,0.0014406661528777156,0.0014075535953062077,0.0014361203734598448,1446.653657125562
1785376800,0.0014361203734598448,0.001439504605155824,0.0013815476121081948,0.0014188890823769052,7545.418850082826
1785380400,0.0014188890823769052,0.0014324197551342608,0.0013993980320963408,0.0014156177202365484,1857.7098824290235
1785384000,0.0014156177202365484,0.0014407504824316783,0.0014090942461031817,0.0014316559845143617,1497.3736964967297
1785387600,0.0014316559845143617,0.0014637131968319355,0.0014107124142223096,0.0014458288000652954,3140.177563034675
1785391200,0.0014458288000652954,0.0014614208377215108,0.0014239501649962061,0.0014471801473708887,1633.5846266835267
1785394800,0.0014471801473708887,0.001447183863233458,0.0013886096173578457,0.001404816538849168,3436.5844058297625
1785398400,0.001404816538849168,0.001418489621143528,0.0013871620383507461,0.0013874374332764092,5641.397023013199
1785402000,0.0013874374332764092,0.0014199879998541734,0.0013862014620898695,0.0013971935704048845,1977.339028429862
1785405600,0.0013971935704048845,0.0014361393565261497,0.0013971935704048845,0.0014035640934105262,2812.2843849767587
1785409200,0.0014035640934105262,0.001441142989358435,0.0014035640934105262,0.0014143273838979847,2089.6185124002695
1785412800,0.0014143273838979847,0.0014702208235239478,0.001409495852097355,0.0014702208235239478,7451.616665658736
1785416400,0.0014702208235239478,0.0014770110484880184,0.001449912652613569,0.001459597137319254,2203.055688462971
1785420000,0.001459597137319254,0.0015194260451058136,0.0014544784688882994,0.0015194260451058136,4146.612553636779
1785423600,0.0015194260451058136,0.0015973614693731825,0.0014846790034876761,0.0015936515691439893,8200.979840431908
1785427200,0.0015936515691439893,0.001629302715474682,0.0015410668107901336,0.0015941321791064483,5587.9851921527825
1785430800,0.0015941321791064483,0.001650394058136769,0.00158403314043875,0.001639891164209351,4805.306483927155
1785434400,0.001639891164209351,0.0016429481051140164,0.0015312274447451585,0.001548602607798332,3917.0660160924313
1785438000,0.001548602607798332,0.0015495813752289163,0.0015125135756697073,0.0015464818075922742,1411.6015091630209
1785441600,0.0015464818075922742,0.0015954460823378416,0.001514483799226072,0.0015744544243272655,5946.079677800982
1785445200,0.0015744544243272655,0.002127347348934268,0.0015559922444299565,0.0018859673632968946,62871.74298200775
1785448800,0.0018859673632968946,0.0019114915209104283,0.0016597457973015935,0.00171083602852161,19940.44886928656
1785452400,0.00171083602852161,0.0017120826931675405,0.0016554426295076017,0.001673486067791503,3733.1423706570986
1785456000,0.001673486067791503,0.001752209671174313,0.0016593799619803173,0.0017275415055411233,6121.329354626611
1785459600,0.0017275415055411233,0.0017592193050028598,0.001715308024153169,0.001732379940263848,1734.5781609495748
1785463200,0.001732379940263848,0.0020115543714038257,0.0017237657718843667,0.0018089336066879687,36673.57884714985
1785466800,0.0018089336066879687,0.0018254325485309588,0.0017050069885865419,0.0017244219991163462,7975.766071215062
1785470400,0.0017244219991163462,0.0017372743167611965,0.0016931707948069114,0.001725466270594599,3499.989984535081
1785474000,0.001725466270594599,0.0017494537545510896,0.0017018392140526195,0.001747043929432682,3686.479960807297
1785477600,0.001747043929432682,0.001868919146774532,0.0017132574144826961,0.0017936353800117211,10561.851142882906
1785481200,0.0017936353800117211,0.0017936742251166895,0.0016543305240336063,0.0016772196845984172,7209.904967445671
1785484800,0.0016772196845984172,0.0016772196845984172,0.0015922584395728497,0.0016259016080346245,5068.429027112813
1785488400,0.0016259016080346245,0.001629414324208029,0.0015652487602927697,0.0015850899371863934,3489.867831341026
1785492000,0.0015850899371863934,0.0015961064681378416,0.0015641207538921876,0.0015930633326176793,1426.587891096608
1785495600,0.0015930633326176793,0.0015970089389870292,0.0015398297822045836,0.001553860612485053,4819.220958638745
1785499200,0.001553860612485053,0.0016094237559565816,0.0015186438929903877,0.0016079632480802684,5317.340146026172
1785502800,0.0016079632480802684,0.0016124477635701445,0.0015664171564706527,0.0015870776880187309,5932.37551783092
1785506400,0.0015870776880187309,0.0015877164028710443,0.0014917130380790746,0.0015186980427511578,4786.22552239873
1785510000,0.0015186980427511578,0.001519816953177882,0.001395666790561729,0.0014742321139700793,6783.509393072298
1785513600,0.0014742321139700793,0.0015278473602588771,0.0014319543300589995,0.001506877090720551,11024.899890325843
1785517200,0.001506877090720551,0.0016682695804313358,0.001489544879107275,0.0016588560518894274,26944.924093469064
1785520800,0.0016588560518894274,0.001750698556100091,0.0016411685390133495,0.0017363233101235131,9460.512958766261
1785524400,0.0017363233101235131,0.0018170570567786544,0.0017065725183606293,0.0018055387287384866,11039.303996770603
1785528000,0.0018055387287384866,0.0018082863392878184,0.0017216737109834227,0.0017349617101134402,8318.371241501138
1785531600,0.0017349617101134402,0.0017436681891227236,0.0016950902526800542,0.0017059753928949926,2692.248076770941
1785535200,0.0017059753928949926,0.0017107163552875905,0.0016361537984858367,0.0017001112748615756,5225.77724147777
1785538800,0.0017001112748615756,0.0017012145845010087,0.0015998663904175164,0.0016165558977632366,5242.8422630769555
1785542400,0.0016165558977632366,0.0016274248396210757,0.0015408170903275225,0.0015561904776300655,4740.221762800679
1785546000,0.0015561904776300655,0.0015811892530201205,0.0015415178920078786,0.001574623878316942,1423.92969350795
1785549600,0.001574623878316942,0.0016008179830299238,0.0015340119792423062,0.001597596002182047,3800.956492396903
1785553200,0.001597596002182047,0.0016243756949953247,0.001579935901523645,0.0016189036503806266,1814.795268174553
1785556800,0.0016189036503806266,0.0016271601372276597,0.001597936934495565,0.0016167485269293037,1458.840379127428
1785560400,0.0016167485269293037,0.001616752347804511,0.001569338986857993,0.001594768045582641,1220.5501006500695
1785564000,0.001594768045582641,0.0015981575233793453,0.0015529629963371878,0.0015692836555592162,1902.936414178816
1785567600,0.0015692836555592162,0.0015940621900443948,0.001555045617414633,0.0015752506264564013,1711.2693509309363
1785571200,0.0015752506264564013,0.0015752506264564013,0.0015169753077260214,0.0015365748950721934,3699.7826609493145
1785574800,0.0015365748950721934,0.0015486342735784853,0.0015218911038805585,0.0015473306283988366,1154.4393756891563
1785578400,0.0015473306283988366,0.0015473306283988366,0.0015102094144112327,0.0015297938648952394,1671.86079939149
1785582000,0.0015297938648952394,0.0015460287220394327,0.0015036750779615568,0.001528149455578586,1506.5332802782584
1785585600,0.001528149455578586,0.0015454647206618961,0.001496188770331181,0.0015108729187019775,2902.7483430070474
1785589200,0.0015108729187019775,0.0015224393346894016,0.0014955244782885488,0.0015099136165859738,588.9930735489406
1785592800,0.0015099136165859738,0.0015359960023047527,0.0014924442007687405,0.001534953008331908,2612.02035746767
1785596400,0.001534953008331908,0.0016238524992478538,0.001534953008331908,0.0016238524992478538,5929.497340428611
1785600000,0.0016238524992478538,0.0016300098977996644,0.0015907157414506747,0.0015922906516760275,1820.419696540987
1785603600,0.0015922906516760275,0.0016132275023161007,0.0015657401019348492,0.0015918327871873477,2604.8503861667305
1785607200,0.0015918327871873477,0.0015918327871873477,0.0015052769435291752,0.001531045437538795,4202.0431907319535
1785610800,0.001531045437538795,0.0015613583308238656,0.0015256763717464569,0.0015613583308238656,3189.7602309110553
1785614400,0.0015613583308238656,0.0015695889453416956,0.0015189877311396675,0.0015636912140059986,3788.2542306390624
1785618000,0.0015636912140059986,0.0015971039694746365,0.0015461702937420373,0.001586662984834202,1858.6829194121817
1785621600,0.001586662984834202,0.0016349463121859663,0.001570679475617254,0.001625245592555572,2511.9819991804425
1785625200,0.001625245592555572,0.0016297187717694275,0.0015887513399574684,0.0015969484427700135,2140.6815573816443
1785628800,0.0015969484427700135,0.0016009092045369863,0.0015598802811085581,0.0015777127943870988,1154.2327616098426
1785632400,0.0015777127943870988,0.001581752413415176,0.0013665035815508153,0.0015398142220387238,5283.249756469504
1785636000,0.0015398142220387238,0.0015422501270954624,0.0014501760624375383,0.0015013642793865675,5878.373439984583
1785639600,0.0015013642793865675,0.0015030093675373723,0.00147774741415683,0.0015007545578801856,1396.1950340689007
1785643200,0.0015007545578801856,0.0015078116145376351,0.001290437373329813,0.0014951370680795506,1685.323369104939
1785646800,0.0014951370680795506,0.0015163980955345629,0.0013424043823648528,0.001515376151246539,4965.5649340101245
1785650400,0.001515376151246539,0.0015553853698455984,0.001493156004722651,0.0015385182546104523,2788.303927977999
1785654000,0.0015385182546104523,0.0015395202359617273,0.0012803994791223408,0.001486942608481012,14014.084939691425
1785657600,0.001486942608481012,0.0014913919571368595,0.001451352025825564,0.001467500698711451,3547.293846838181
1785661200,0.001467500698711451,0.0014724330158112904,0.0014433034689498277,0.0014724330158112904,1015.5154207933331
1785664800,0.0014724330158112904,0.001479256465993459,0.0014512029557191494,0.0014512029557191494,1567.6889546897808
1785668400,0.0014512029557191494,0.0015295097897764865,0.0014501486745081469,0.0014903582379115537,12462.627688786875
1785672000,0.0014903582379115537,0.0015581876538690077,0.0014843648325573947,0.0015282524757745583,4475.9911605709885
1785675600,0.0015282524757745583,0.0015541786094971726,0.0015206669595861312,0.001547578194357771,1551.2659789265151
1785679200,0.001547578194357771,0.0015623350103124113,0.001524847038087181,0.001542900246488883,858.7327837416614
1785682800,0.001542900246488883,0.0016700456155642448,0.0015343844507839824,0.001624317494906913,16624.80403390777
1785686400,0.001624317494906913,0.001625373788361798,0.0015074281218702414,0.0015471101458519212,7450.294261802698
1785690000,0.0015471101458519212,0.0015699793549648821,0.0015369619885971558,0.0015673903912748525,3441.880245904694
1785693600,0.0015673903912748525,0.0015778886434113962,0.001519021450082507,0.0015560259882309222,4627.87788105929
1785697200,0.0015560259882309222,0.0015594477172956992,0.0015394196317983634,0.0015577380879681665,355.43245148322666
1785700800,0.0015577380879681665,0.0015676638305555529,0.0015338820482756071,0.0015516663935724237,2663.0472125596034
1785704400,0.0015516663935724237,0.0016100603867290253,0.001539391855799067,0.001596610356101724,3466.3646272460737
1785708000,0.001596610356101724,0.001605884190638665,0.0015466653308054167,0.001557799355296249,4118.219766697618
1785711600,0.001557799355296249,0.0017154817681126321,0.0015250230680584683,0.001652387932477176,13500.58696155201
1785715200,0.001652387932477176,0.0016523928234158426,0.0015676018804929408,0.0015904731335921718,3324.8440785249463
1785718800,0.0015904731335921718,0.0017908865279906046,0.0015618382797824685,0.0017232931143650418,18894.840441545413
1785722400,0.0017232931143650418,0.0017243278449598,0.0015988512568288035,0.0016247224787582356,6407.734302391762
1785726000,0.0016247224787582356,0.001627047519075048,0.0015699295698413732,0.0015699295698413732,3113.098727579538
1785729600,0.0015699295698413732,0.0016271033911187996,0.0015699295698413732,0.0016221676566378189,1911.0939622911806
1785733200,0.0016221676566378189,0.0016926329853807311,0.0016156053958467334,0.0016824635345604401,5391.271620769772
1785736800,0.0016824635345604401,0.001724700104561323,0.0016281200652417554,0.0016281200652417554,6633.4468075868945
1785740400,0.0016281200652417554,0.0016573135402628862,0.0016192294414740325,0.0016327792003312594,2007.1185213448423
1785744000,0.0016327792003312594,0.0016375379655435925,0.0015440167991104497,0.0015743905079378764,7478.730335766235
1785747600,0.0015743905079378764,0.0016137315014463616,0.0015436094946956191,0.0016137315014463616,5695.175295012406
1785751200,0.0016137315014463616,0.0016568087786413253,0.0015981963689162292,0.0016353784496095283,5232.908559873839
1785754800,0.0016353784496095283,0.001687213773092705,0.0016282197431115276,0.0016398956264612149,2952.073022400631
1785758400,0.0016398956264612149,0.001668009276382262,0.0015857880217450028,0.0016037395254767796,5354.632994343403
1785762000,0.0016037395254767796,0.0016224031946280503,0.00159004645092993,0.001609128884385753,3710.124199768465
1785765600,0.001609128884385753,0.0016343086964897126,0.0015369030830066186,0.0016147434898641253,7890.265982258612
1785769200,0.0016147434898641253,0.0016342007472298205,0.001597674049996183,0.0016074354013751332,1757.9042660335756
1785772800,0.0016074354013751332,0.0016551090404987707,0.0016027407648921547,0.0016551090404987707,4072.07234561952
1785776400,0.0016551090404987707,0.001666948826787513,0.0015834253693465601,0.001590413578462062,4176.145289332225
1785780000,0.001590413578462062,0.0016089346674262824,0.0015381482317370775,0.0015576614486478727,7516.892375574294
1785783600,0.0015576614486478727,0.0015810329992495056,0.0015425861571577838,0.001547863402574357,4713.454724572611
1785787200,0.001547863402574357,0.0015929517930467114,0.0014950272516643828,0.0015644174355493293,19534.565649994394
1785790800,0.0015644174355493293,0.0016626187169385752,0.0015244498307718556,0.0015423751553983165,15354.329470898123
1785794400,0.0015423751553983165,0.0015528201071961674,0.0015138076175925381,0.0015295647149292258,3395.298505568329
1785798000,0.0015295647149292258,0.0015575211619734206,0.0015002435164442468,0.0015481154399744025,5175.434564281178
1785801600,0.0015481154399744025,0.0015561086893074879,0.0014861293196609673,0.0015346530382432373,8042.73233802834
1785805200,0.0015346530382432373,0.0015508496503415336,0.0015075342445239497,0.001550636086868011,2240.5042132656163
1785808800,0.001550636086868011,0.0016143809693417485,0.0015323754787738778,0.0016039872027063416,4954.251645342673
1785812400,0.0016039872027063416,0.001660805229942603,0.001584131343204069,0.001646995667289766,7140.037971142052
1785816000,0.001646995667289766,0.0016990952114738756,0.0016344419427310962,0.001654112215137893,5756.605609983407
1785819600,0.001654112215137893,0.0017267502028137835,0.0016114800553924222,0.0017073477354428552,6768.362651114956
1785823200,0.0017073477354428552,0.0017720828311491694,0.0016590187308007961,0.0017558118413174848,14095.333025202752
1785826800,0.0017558118413174848,0.0017558175833552693,0.0016630329046806141,0.0017034580498664466,9763.604749469012
1785830400,0.0017034580498664466,0.001714035584444745,0.0016645990677992665,0.0016814726042886513,3474.9876246019053
1785834000,0.0016814726042886513,0.001773401747367737,0.0016677594336315304,0.0016893800754405695,9796.491243659248
1785837600,0.0016893800754405695,0.0017072937011166425,0.0016665493121327236,0.0016954539085690553,1879.415268598236
1785841200,0.0016954539085690553,0.0016954539085690553,0.0016060252800671946,0.0016224021836186645,6643.679205885656
1785844800,0.0016224021836186645,0.0016567173798714713,0.001609175780625446,0.0016258831858668608,3062.463900035631
1785848400,0.0016258831858668608,0.0016258831858668608,0.0015262516046653236,0.001568312620232227,8252.706823262895
1785852000,0.001568312620232227,0.0016770733346440716,0.0015487697060719626,0.0015870577942780225,15432.136658169196
1785855600,0.0015870577942780225,0.0016028192102510387,0.0015298646734158144,0.0015423494129299202,5150.267212988061
1785859200,0.0015423494129299202,0.001571323268361032,0.0014891227407078994,0.0015168957812936705,10071.33866621326
1785862800,0.0015168957812936705,0.0015427794892059023,0.001479405850504678,0.0015367790580948387,10328.728335564067
1785866400,0.0015367790580948387,0.0017428074558648726,0.0015023651394278463,0.0017088239365740103,92366.1914681318
1785870000,0.0017088239365740103,0.001751078078980872,0.001585656338106574,0.0016263656333244416,29916.63817719607
1785873600,0.0016263656333244416,0.0016811741504871795,0.0015913901273310058,0.0016539025964846842,17936.55818560693
1785877200,0.0016539025964846842,0.002223880440687446,0.0016276553257903714,0.0019184941883788646,93006.73700128561
1785880800,0.0019184941883788646,0.0019923234619162386,0.001838916176081185,0.0019634944537686265,46367.869315566
1785884400,0.0019634944537686265,0.002132604443736555,0.0018499369803419892,0.001976525827763399,43764.48008841417
1785888000,0.001976525827763399,0.0019771873863359637,0.0018846292703331876,0.0019033044002696384,6093.151863540784
1785891600,0.0019033044002696384,0.0019044776408923619,0.0017796921849067401,0.0018698515502340322,13500.840404936172
1785895200,0.0018698515502340322,0.0021057677034008637,0.0018383005251237925,0.0019960291767579493,75604.77822855614
1785898800,0.0019960291767579493,0.0020225092844000335,0.001824934560434438,0.0018313114192234328,26312.607474602268
1785902400,0.0018313114192234328,0.0019213122780922542,0.0018313114192234328,0.0018969410434291271,12348.899788086257
1785906000,0.0018969410434291271,0.0019299360178731825,0.001770793559411335,0.001790207542336733,18260.362217091242
1785909600,0.001790207542336733,0.0018153708786242575,0.001769242251024698,0.0018068321191743075,12891.625872072333
1785913200,0.0018068321191743075,0.0018102264592582623,0.001769840374862213,0.0018102264592582623,8518.52416712623
1785916800,0.0018102264592582623,0.00185204068860493,0.0017902727957446619,0.0018517247495376398,3489.088064403814
1785920400,0.0018517247495376398,0.001912279714727857,0.0018207339208638283,0.0018832701712242924,7060.054894351834
1785924000,0.0018832701712242924,0.0018993798956091165,0.0018271079704966072,0.00184404139601153,2675.0166373459747
1785927600,0.00184404139601153,0.0018457537930979904,0.0017597996074949164,0.00181909357017001,6405.597898810048
1785931200,0.00181909357017001,0.0018224573651058776,0.0017228053645258741,0.0017733824486039571,6553.093545829247
1785934800,0.0017733824486039571,0.0018166461398372953,0.001745063374464399,0.0018155116906971593,2610.0552327775863
1785938400,0.0018155116906971593,0.001832055206614077,0.0017681436280280723,0.0017835351711755374,3861.8132316573065
1785942000,0.0017835351711755374,0.001806888715039926,0.0017683843641721102,0.0017966301810701094,2615.7377305550776
1785945600,0.0017966301810701094,0.0019160006051248863,0.0017775243174678107,0.001882524709636131,9256.811148864155
1785949200,0.001882524709636131,0.001932098941311663,0.0018695261279659092,0.0019038514544922197,4154.44762351624
1785952800,0.0019038514544922197,0.0019393105283485033,0.001809966619180924,0.0018578815294939112,21338.602066322146
1785956400,0.0018578815294939112,0.001887341940248531,0.0017780863809008605,0.0018164655885634874,23273.99303472984
1785960000,0.0018164655885634874,0.0018931437879419594,0.001799775089423874,0.0018657924815062915,21998.716979081684
1785963600,0.0018657924815062915,0.0019582243428723674,0.001838210593427819,0.0019563895549469107,19541.943971492314
1785967200,0.0019563895549469107,0.0019563895549469107,0.0018984026614894385,0.00191748814643647,6733.93956842146
1785970800,0.00191748814643647,0.0019293890619710066,0.0017487515031633484,0.001784505797349161,10141.258147601704
1785974400,0.001784505797349161,0.0018631803401018337,0.0017657944816190888,0.0017926600491158825,6694.959740729795
1785978000,0.0017926600491158825,0.0018072691789170856,0.0017598081550376681,0.0017906615977518402,3752.9259595773
1785981600,0.0017906615977518402,0.0017959973890242513,0.0017339498972076966,0.001751904890535907,1949.7696428627216
1785985200,0.001751904890535907,0.0018288307378939192,0.001750524177620035,0.0018101205319035994,5387.544619154281
1785988800,0.0018101205319035994,0.0018330242323807673,0.0017905248385165708,0.0018213941353720593,2366.112723957301
1785992400,0.0018213941353720593,0.0018554266935815445,0.0018213941353720593,0.0018350929302060532,424.6785304288039
1785996000,0.0018350929302060532,0.0018538393924344009,0.0018216754034342364,0.0018406470001259524,1951.104667917498
1785999600,0.0018406470001259524,0.0018668325816236246,0.0018234345158395237,0.0018234345158395237,3389.1102407104436
1786003200,0.0018234345158395237,0.001856719963561976,0.0018037715209251203,0.001856719963561976,1627.3807284540517
1786006800,0.001856719963561976,0.001856719963561976,0.0017907972996307744,0.001812680018202945,4347.88476452726
1786010400,0.001812680018202945,0.001831967146041099,0.001754281452265299,0.0017814709830701865,4551.317283191818
1786014000,0.0017814709830701865,0.0019775108297890613,0.0017716739525153328,0.001957053515611402,12379.758735140658
1786017600,0.001957053515611402,0.0021343924965640747,0.001956799858148703,0.001995014348880392,25208.8910511645
1786021200,0.001995014348880392,0.002232091689206771,0.001994846504940424,0.0020342835107765673,23518.781161249583
1786024800,0.0020342835107765673,0.0020942356611126536,0.002014505082295704,0.002032856157650101,10127.794703472853
1786028400,0.002032856157650101,0.002061897592710319,0.001998494950450981,0.0020196478033191047,6381.064835961314
1786032000,0.0020196478033191047,0.0020999932512316016,0.0019612731467550503,0.002086595590462502,9958.376060762015
1786035600,0.002086595590462502,0.0021954925504003246,0.002022772282111316,0.0021291325009766588,15583.162942122039
1786039200,0.0021291325009766588,0.002449653468062431,0.002128862811439262,0.002278388419384637,37935.347967991205
1786042800,0.002278388419384637,0.00232328744605318,0.002160631179581588,0.002172041915117724,17722.92557150571
1786046400,0.002172041915117724,0.002172041915117724,0.0019892318343112943,0.0020772660351781064,10987.090820112047
1786050000,0.0020772660351781064,0.0020799147833698867,0.002031595363782862,0.0020460232912377645,3698.5958896262337
1786053600,0.0020460232912377645,0.002109135021024267,0.0020151240994298594,0.002109135021024267,5840.222615917576
1786057200,0.002109135021024267,0.002179666833062695,0.002082186794358657,0.0021532878959412494,11577.193031451665
1786060800,0.0021532878959412494,0.0021725303562188368,0.00209505376053598,0.002112933093877376,3750.400921599187
1786064400,0.002112933093877376,0.002158248008866202,0.0020035905477264046,0.0020406482135971998,13043.387893800522
1786068000,0.0020406482135971998,0.0020838357229534883,0.0020125213801663426,0.0020458063985246246,4046.158744766899
1786071600,0.0020458063985246246,0.002062679919528908,0.0020213971674412226,0.0020430591677680176,577.0900036827885
1786075200,0.0020430591677680176,0.002048787993607135,0.0019889890982718052,0.002048787993607135,3746.3531516371327
1786078800,0.002091508558005741,0.002091508558005741,0.0020364302618226747,0.002091508558005741,1926.523463784642
1786082400,0.002091508558005741,0.002129868122734845,0.0020532520954435057,0.0020701059540379676,6347.960517717577
1786086000,0.0020701059540379676,0.0021266988518427754,0.002068431628527326,0.0021266988518427754,3175.013707205302
1786089600,0.0021266988518427754,0.0021266988518427754,0.0020883748323956212,0.0021117923717252555,4052.9133412143146
1786093200,0.0021117923717252555,0.0021390311319831818,0.002089499399605207,0.002125514881614976,9547.611153046913
1786096800,0.002125514881614976,0.0021502730826041426,0.0020786515003812654,0.0021502707318423572,12979.332695731286
1786100400,0.0021502707318423572,0.0024528040500442277,0.0021048910994469596,0.0023480748720264948,37151.199292693665
1786104000,0.0023480748720264948,0.002442480788988244,0.002260741650636882,0.002300123827764935,37658.67936530514
1786107600,0.002300123827764935,0.002518475906792531,0.0022500501743430044,0.0024569088480625996,40110.88030440363
1786111200,0.0024569088480625996,0.0025415229563798478,0.0023610455326417822,0.0024393422295558606,41562.02992247451
1786114800,0.0024393422295558606,0.00283875345156074,0.002201774473544969,0.0024001550537074133,163768.19110707616
1786118400,0.0024001550537074133,0.002730198189957883,0.0023815987628342085,0.0024517608674838164,67324.87116032075
1786122000,0.0024517608674838164,0.0024531549363074993,0.0023358825642250006,0.002376331835478509,10964.972969022463
1786125600,0.002376331835478509,0.002380895058812307,0.002177684401534374,0.002221410035375744,18322.713709975822
1786129200,0.002221410035375744,0.002253942374522271,0.0018468140055239127,0.0019237964078773493,46631.63999598879
1786132800,0.0019237964078773493,0.0020680869759462884,0.0018606534587456277,0.001998943481447552,14163.82624545695
1786136400,0.001998943481447552,0.002023934270185001,0.001939903798546096,0.001967256231728297,8852.911621387228
1786140000,0.001967256231728297,0.0019688340953243184,0.001866278259555879,0.0018998572689866656,7906.230615312967
1786143600,0.0018998572689866656,0.0019504059624923162,0.0018797817279515498,0.0019295562607648375,4232.574340805849
1786147200,0.0019295562607648375,0.0019346273055186828,0.0018886504204405521,0.0019069215046743412,5566.313105523661
1786150800,0.0019069215046743412,0.001971882450756822,0.001897326398144646,0.001924573525445174,4593.543596694963
1786154400,0.001924573525445174,0.0019510649528670372,0.0019091840168712335,0.0019097963867150114,2752.9112337807433
1786158000,0.0019097963867150114,0.0019321341647268824,0.0018540866330480474,0.0018933331766106708,8292.044721112288
1786161600,0.0018933331766106708,0.0018985791378518292,0.0017769479183708829,0.0018039508692799233,15578.288762101025
1786165200,0.0018039508692799233,0.0018531581832915496,0.0017897545739793076,0.0018332080012660645,6080.192204662779
1786168800,0.0018332080012660645,0.0018822769139852766,0.0018324238161951528,0.0018631375725524262,4908.141003565717
1786172400,0.0018631375725524262,0.001912343273283724,0.0018503099150046852,0.001908084977091491,4333.11557149281
1786176000,0.001908084977091491,0.001908084977091491,0.001858366102740703,0.001858366102740703,2648.896153698191
1786179600,0.001858366102740703,0.0019068070462667241,0.0018534742023215624,0.0018864044321840686,2816.095298120565
1786183200,0.0018864044321840686,0.001910388305432964,0.0018745504233005055,0.0018817421268360244,2304.1745475865278
1786186800,0.0018817421268360244,0.001905556414842539,0.0018627157045986139,0.0018836445902897154,2095.8245006350603
1786190400,0.0018836445902897154,0.0019081010335995727,0.0018714575879435376,0.001882678968117805,3199.0568407715214
1786194000,0.001882678968117805,0.0018978788754971602,0.0018395508035008595,0.0018768463282831597,6254.066943651365
1786197600,0.0018768463282831597,0.0019223161451084759,0.0018637495361481977,0.0019137137313985312,3001.572682747274
1786201200,0.0019137137313985312,0.0019229674710148632,0.001865840921416978,0.0018954551945699239,1622.7494720455284
1786204800,0.0018954551945699239,0.0018975616029493834,0.0016520487608557303,0.0018266444624918394,8532.25126538564
1786208400,0.0018266444624918394,0.0018479145719207158,0.0017721701482472402,0.0017914791765034274,7912.401543862985
1786212000,0.0017914791765034274,0.0017953549520421713,0.001536311172000981,0.0017622159113098517,3838.965044083772
1786215600,0.0017622159113098517,0.0017785848585283187,0.0016898625281282238,0.001745826736456611,4545.018438005095
1786219200,0.001745826736456611,0.0018404665155741158,0.0017195323959424828,0.001769367571246321,16880.8368355296
1786222800,0.001769367571246321,0.0017937784602569163,0.0017420227837772382,0.0017721076071168615,3783.5572809691625
1786226400,0.0017721076071168615,0.0017914571015098277,0.0017082449868899164,0.0017325301884813758,4476.299799998568
1786230000,0.0017325301884813758,0.001743583492408705,0.001703476852472826,0.0017195206137656353,2030.4621476244656
1786233600,0.0017195206137656353,0.0017608185942775455,0.0017157742929954374,0.0017399051093334914,3483.7841194641937
1786237200,0.0017399051093334914,0.0017606192712698412,0.0017027168485189707,0.0017415534959590497,3849.707242730691
1786240800,0.0017415534959590497,0.0017415534959590497,0.0016883401607277195,0.0016953627201279217,5026.197853942497
1786244400,0.0016953627201279217,0.0017177887943995425,0.0016878817296772962,0.0016945529125503378,1974.226774315709
1786248000,0.0016945529125503378,0.0017212125254815322,0.0016845667036313422,0.0017202512538738424,3001.661586105761
1786251600,0.0017202512538738424,0.0017312115186551896,0.0017040716147505256,0.0017106727910886344,1802.629166721802
1786255200,0.0017106727910886344,0.0017371885658162176,0.0017097141851680773,0.0017181144462386935,1200.794910974826
1786258800,0.0017181144462386935,0.0017378923300668597,0.0017077379390988431,0.0017205006323061129,1239.9104689825956
1786262400,0.0017205006323061129,0.001739163495554773,0.00170157356779778,0.0017219214549799948,2042.8205765703738
1786266000,0.0017219214549799948,0.001727594678108198,0.0016913336094431112,0.001710650515806839,1363.0877643806443
1786269600,0.001710650515806839,0.0017745734505281885,0.0016953291456290077,0.0017684475000494565,4045.04862200038
1786273200,0.0017684475000494565,0.0018284538551202806,0.0017498063684135642,0.0018164756589247755,4606.145065822993
1786276800,0.0018164756589247755,0.00182015782602308,0.0017735849350968057,0.0017791719859282613,3436.19664206368
1786280400,0.0017791719859282613,0.0017962609524810986,0.0017462576071132698,0.0017853430168101561,2769.4697040695214
1786284000,0.0017853430168101561,0.001785343635485512,0.001753591615290412,0.0017807292231610604,1474.193317502576
1786287600,0.0017807292231610604,0.0017842416321121985,0.0017350454420316046,0.0017713008413470848,2254.7869755611127
1786291200,0.0017713008413470848,0.0017774341904424943,0.0017371817155140135,0.0017669923555412041,2925.9310327328644
1786294800,0.0017669923555412041,0.00185150893329562,0.00176592370969657,0.001846070894797369,5312.048280193351
1786298400,0.001846070894797369,0.0018506301913717431,0.0017943374429871292,0.0018326573394936766,5640.840146735895
1786302000,0.0018326573394936766,0.0018374868005030557,0.0017863395788262706,0.0018319078512719156,3767.6210354310756
1786305600,0.0018319078512719156,0.001832888974858892,0.0017642719114640095,0.0017840522630022805,2301.6042725046814
1786309200,0.0017840522630022805,0.0017882120085035765,0.0016986362762073423,0.0017336659004982072,7602.120955037387
1786312800,0.0017336659004982072,0.0017768042514816717,0.0017218693652261865,0.0017218693652261865,4397.179745771287
1786316400,0.0017218693652261865,0.001736756899449112,0.0016298902180144602,0.0016419148895864411,4350.535525801003
1786320000,0.0016419148895864411,0.0016731703191601168,0.001523797139408624,0.0015679211252111092,11802.17063976873
1786323600,0.0015679211252111092,0.0015887563189638653,0.00152115450969565,0.0015744400265398455,5694.272698853251
1786327200,0.0015744400265398455,0.0015900092097574825,0.0015281364718240271,0.0015445020311963642,4504.119125727819
1786330800,0.0015445020311963642,0.001595640342526962,0.0015400222797562271,0.0015823911540011012,3593.0360669458346
1786334400,0.0015823911540011012,0.001597261981244928,0.0015642387208122217,0.0015919398297924705,2176.155698221978
1786338000,0.0015919398297924705,0.0016125968979199465,0.001558124266996003,0.00159113182751509,4757.292946121485
1786341600,0.00159113182751509,0.0016298234514547304,0.001577465555026696,0.0016189359170896136,3263.260174923853
1786345200,0.0016189359170896136,0.0016189359170896136,0.0015389501504139416,0.0015676544104215471,5895.573368972723
1786348800,0.0015676544104215471,0.0016155520333850204,0.0015549741709999048,0.001602776721160219,3831.7815839137197
1786352400,0.001602776721160219,0.0016364969887695973,0.0015887340477012933,0.0016121546657096985,2700.8656402934957
1786356000,0.0016121546657096985,0.0016154089011258764,0.0015863009897617475,0.0015964907632634152,2573.1713965263066
1786359600,0.0015964907632634152,0.0016345515910376586,0.0015930478454556233,0.0016145254085671468,2032.3899750583178
1786363200,0.0016145254085671468,0.0016152383819890374,0.0015785748143216237,0.0015791969844874043,2049.8706330575264
1786366800,0.0015791969844874043,0.0015791969844874043,0.0015315258200119435,0.001566565180199561,5734.058000058562
1786370400,0.001566565180199561,0.0015835833340817505,0.0015468799187401655,0.0015479050281478914,3540.420488988246
1786374000,0.0015479050281478914,0.001549803047822943,0.0014390172089278634,0.001521141134952194,10402.938958345474
1786377600,0.001521141134952194,0.0015405956177522214,0.0014824451728354551,0.0015070846362505233,6289.752535199015
1786381200,0.0015070846362505233,0.001508948205433367,0.0014235988947156458,0.0014709162520649421,9896.159244284316
1786384800,0.0014709162520649421,0.0014971023810645637,0.0014544058637501202,0.0014734951278326592,2837.9895503579
1786388400,0.0014734951278326592,0.0014968978613372386,0.0014506744048118192,0.0014892457520111005,2571.3061499475434
1786392000,0.0014892457520111005,0.0015180649217374572,0.001471293892691169,0.0014991817291389832,6515.352539857511
1786395600,0.0014991817291389832,0.001517616594273742,0.0014607087120607916,0.001479995263595926,5327.520531565212
1786399200,0.001479995263595926,0.0014991781316741782,0.0014495416782564945,0.0014674656683716766,5317.469159997608
1786402800,0.0014674656683716766,0.0015136891552087106,0.0014570765353319906,0.0015126880055570298,3142.2270760177285
1786406400,0.0015126880055570298,0.0015242097721194566,0.0014783317192634737,0.0015237949155485905,2269.6245350179124
1786410000,0.0015237949155485905,0.0015394615124633068,0.001495996817439874,0.0015393454630294881,2921.2472170159344
1786413600,0.0015393454630294881,0.0016047655459139089,0.001523107695701935,0.0015663304531255487,9389.86065051291
1786417200,0.0015663304531255487,0.0015753048577934374,0.001546400421764564,0.0015661754611472163,1404.935430435278
1786420800,0.0015661754611472163,0.0015671760188360902,0.0015314814289064107,0.0015450113552055488,816.2097056980863
1786424400,0.0015450113552055488,0.0015834528011111188,0.0015434146148549954,0.0015539470103240786,2569.972976648106
1786428000,0.0015539470103240786,0.0015726115374678962,0.0015328156506344238,0.0015406744271653724,2839.6719784591246
1786431600,0.0015406744271653724,0.001560156463912132,0.0015275536958852672,0.0015416951943239144,2151.737898434109
1786435200,0.0015416951943239144,0.0015893358043479907,0.0015371568977580036,0.0015689743397378816,3657.0225021590486
1786438800,0.0015689743397378816,0.0015807560105698094,0.0015501017838645112,0.0015555678479099552,958.3526484061244
1786442400,0.0015555678479099552,0.0015829248628745774,0.0015511151553365254,0.0015829248628745774,1891.113099146937
1786446000,0.0015829248628745774,0.0015890697228830586,0.0015333733854902215,0.0015496411565450688,1919.2521523234234
1786449600,0.0015496411565450688,0.001575355863835364,0.0015364517897422237,0.0015483962204135813,2879.3975104434126
1786453200,0.0015483962204135813,0.001631833012745902,0.0015483962204135813,0.0016142732290160004,5615.66048463956
1786456800,0.0016142732290160004,0.0016216476434393853,0.001578064325244587,0.0015835014325301599,4606.384051695034
1786460400,0.0015835014325301599,0.0016274517019005711,0.0015507117714093747,0.0016274517019005711,6023.78131793589
1786464000,0.0016274517019005711,0.0016640468541075607,0.0015985208607521204,0.0016406784094101315,6813.04374276176
1786467600,0.0016406784094101315,0.0016582904581232054,0.0015932272851433282,0.0016002284324472442,5561.63137514081
1786471200,0.0016002284324472442,0.0017336514572532451,0.0015977916175720123,0.0016485955478649362,11035.215673466339
1786474800,0.0016485955478649362,0.00173969723004458,0.0016265119419739877,0.0017173628562237493,6210.225950889495
1786478400,0.0017173628562237493,0.0017527621092252516,0.0016792087262071263,0.001714708229388792,4633.799146766363
1786482000,0.001714708229388792,0.0017231477706766086,0.0016932828306617331,0.0017207165783488171,945.1415310177194
1786485600,0.0017207165783488171,0.0017328240397737568,0.0017037327448233208,0.00172609479764827,982.5772156482441
1786489200,0.00172609479764827,0.00172609479764827,0.0016705027462642352,0.0016855231224397955,1593.823358065504
1786492800,0.0016855231224397955,0.0017073792620787601,0.0016662842025372097,0.0016902892954362527,2549.3109835228192
1786496400,0.0016902892954362527,0.001693696548066296,0.0016510353679991161,0.0016746302281580062,1550.2970677823728
1786500000,0.0016746302281580062,0.0017196151393760299,0.0016512436219534206,0.0016512436219534206,3816.2988021705187
1786503600,0.0016512436219534206,0.0016589543882674688,0.001632373416703357,0.0016474811365121815,901.5786644133536
1786507200,0.0016474811365121815,0.0017289229647746776,0.0016474811365121815,0.0017102264948423828,8262.361454521666
1786510800,0.0017102264948423828,0.0017150105923358669,0.0016825214081680612,0.0017147460796719334,920.9888468227283
1786514400,0.0017147460796719334,0.0017193442748760185,0.0016938271316573102,0.0017180300468616877,833.8058306744883
1786518000,0.0017180300468616877,0.001843349376106351,0.0016971834482401285,0.0018303214778873738,7933.0212198305
1786521600,0.0018303214778873738,0.0018427709739842633,0.0017272708551645138,0.0017431695378677806,4143.470747563164
1786525200,0.0017431695378677806,0.0017642819987521451,0.0017245239545992286,0.0017618146635054682,1465.3396483033107
1786528800,0.0017618146635054682,0.001781437317190735,0.0017335545546865406,0.0017531226241178205,2008.7467659038612
1786532400,0.0017531226241178205,0.0017577229109790203,0.001725439268978601,0.0017472174573233614,1370.51909394203
1786536000,0.0017472174573233614,0.0017574027402356416,0.0016793717405164073,0.0017025401064920214,2341.217068670427
1786539600,0.0017025401064920214,0.001705396151977777,0.0016498058582323093,0.0016968282396320833,3337.62498375073
1786543200,0.0016968282396320833,0.0017179187660211314,0.0016550655385464044,0.001676346417113386,4324.183585223985
1786546800,0.001676346417113386,0.0017064660341935638,0.0016580980782422235,0.0016988617587565954,3551.832376052977
1786550400,0.0016988617587565954,0.0017005558552774065,0.001629762854825713,0.0016505947487554821,4680.991463838056
1786554000,0.0016505947487554821,0.0016588745035560702,0.001570673019306521,0.0016050941812117854,6662.638991245698
1786557600,0.0016050941812117854,0.0016806982698547887,0.001588160101433079,0.0016433229918847848,3842.0178803671324
1786561200,0.0016433229918847848,0.0016624787749846919,0.0016183659246646399,0.001662233742044956,2360.7067186370678
1786564800,0.001662233742044956,0.0016636689298454009,0.0015892514954064262,0.0016014399383638524,3078.7027842916873
1786568400,0.0016014399383638524,0.001644702222368178,0.0016004053169563943,0.0016239536589511593,3574.569785693235
1786572000,0.0016239536589511593,0.0016617525392633244,0.0016064537821516994,0.0016406397148074612,2011.0662797306015
1786575600,0.0016406397148074612,0.0016553901555284726,0.0016219803333741576,0.0016513965556974898,923.698836887485
1786579200,0.0016513965556974898,0.001656494619476836,0.001602645497440788,0.0016272518419047702,2238.8324714806595
1786582800,0.0016272518419047702,0.0016588609206500155,0.0015923167415104898,0.0016417054605189216,3216.0550964910694
1786586400,0.0016417054605189216,0.0016464503609237705,0.001554972763061995,0.0016262196085313745,7771.266058645716
1786590000,0.0016262196085313745,0.0016567295531479671,0.0016084379470785676,0.001655653691629726,1431.2497060332712
1786593600,0.001655653691629726,0.0016570342034214476,0.0016134746640650293,0.0016394067044572674,1551.6236374194298
1786597200,0.0016394067044572674,0.001830594895544526,0.0016377446763863315,0.0017904837135334752,11706.589118736518
1786600800,0.0017904837135334752,0.0018651705591166173,0.0017753725731080349,0.0018640280407571626,9653.709368571912
1786604400,0.0018640280407571626,0.0019075803244901013,0.0018333058264665182,0.0018627746655741826,5962.029976735006
1786608000,0.0018627746655741826,0.0018962937210625687,0.0017979387210120886,0.0018163981163723728,6217.10918539418
1786611600,0.0018163981163723728,0.0018523278475195343,0.0017943743810090397,0.0018205404478990213,3505.0894061799904
1786615200,0.0018205404478990213,0.0018232511704382825,0.0017933573738100575,0.0018232503829137285,940.1228974325061
1786618800,0.0018232503829137285,0.0019167116553008101,0.0017781142304720621,0.0019167010977382763,10720.804220078035
1786622400,0.0019167010977382763,0.0020090607661011044,0.001860859741197625,0.001891390900490128,12571.345350181242
1786626000,0.001891390900490128,0.0019280521342857758,0.0018451805862658133,0.0018665958341551692,5528.580069476143
1786629600,0.0018665958341551692,0.0018957525038412859,0.001837183000716363,0.0018544970626755035,4647.662215112149
1786633200,0.0018544970626755035,0.0018741771311986623,0.0017153837548787136,0.001755609371307696,9899.395600806036
1786636800,0.001755609371307696,0.0017823313024070233,0.0016479788384147777,0.001707190867365525,9476.448853192482
1786640400,0.001707190867365525,0.0018065071331028791,0.0016891256184371744,0.0017745972395018003,3920.596175796093
1786644000,0.0017745972395018003,0.0018582994604811368,0.001742887036889066,0.0018581521773492753,4518.630746002033
1786647600,0.0018581521773492753,0.0019142253955598393,0.0018002398802374107,0.0018412427570679325,5721.30265558227
1786651200,0.0018412427570679325,0.0018636087943311908,0.0018217911848610758,0.0018397961312117763,3085.371071556239
1786654800,0.0018397961312117763,0.0019233221356084024,0.0018245121903052333,0.00189879780590231,4677.7903078081
1786658400,0.00189879780590231,0.001979868384296318,0.001878913087284934,0.0019374324312788965,5937.359603732886
1786662000,0.0019374324312788965,0.0019378055629624517,0.0018704734886310066,0.0018986019439409673,1903.270970605823
1786665600,0.0018986019439409673,0.0019001433336880828,0.0018259241309130036,0.0018445321620702605,2497.851868679809
1786669200,0.0018445321620702605,0.001856363981367028,0.0018246119494314383,0.0018438988268370453,1288.6018201598672
1786672800,0.0018438988268370453,0.0018585780525015333,0.001823092864454041,0.0018451520770422854,225.49685914402937
1786676400,0.0018451520770422854,0.0018508741002928168,0.001822655685373162,0.0018493549103722755,652.9284992407586
1786680000,0.0018493549103722755,0.0018715720472256441,0.0018145641559237243,0.0018279852166905332,3076.9805546525326
1786683600,0.0018279852166905332,0.0018369658080465534,0.001758244632975114,0.0017838622177697694,3641.6584767673016
1786687200,0.0017838622177697694,0.0017850251020271725,0.0017372993272051,0.001762707963915413,2476.140866839582
1786690800,0.001762707963915413,0.001762707963915413,0.001726001178091019,0.0017461361713484592,1597.339376613993
1786694400,0.0017461361713484592,0.0017661669627193467,0.0017283473974085122,0.0017397080752985083,1002.9090887862785
1786698000,0.0017397080752985083,0.0017537790552330592,0.0017235884526921339,0.0017313880003224972,2084.781542740964
1786701600,0.0017313880003224972,0.0018032130414860478,0.0017313880003224972,0.0018032130414860478,2777.9251904252515
1786705200,0.0018032130414860478,0.0018150558617561646,0.0017841922341617854,0.0017892320732584529,645.0921356179626
1786708800,0.0017892320732584529,0.0018251166135221813,0.0017651517075905811,0.0017651517075905811,2215.616125970617
1786712400,0.0017651517075905811,0.0017708348666950725,0.001714655727784087,0.0017385279198112971,5111.084119080421
1786716000,0.0017385279198112971,0.0017816720430563631,0.0017385279198112971,0.0017816720430563631,1732.7188085167695
1786719600,0.0017816720430563631,0.0017928632995645741,0.0017645229355345744,0.0017775504980401874,1489.5602727122532
1786723200,0.0017775504980401874,0.0017972906606982132,0.0017567926749642374,0.0017774964798479237,1122.4920445437424
1786726800,0.0017774964798479237,0.002296620289491122,0.0015620277586384844,0.0017879146270944218,152241.54994479817
1786730400,0.0017879146270944218,0.0018125024396075868,0.0017683675898000476,0.0017963004638954345,4358.70824506661
1786734000,0.0017963004638954345,0.0017972651538865451,0.0016929989740408905,0.0017236098432964737,6010.5107074449015
1786737600,0.0017236098432964737,0.0017702762556949245,0.0017039203835785349,0.0017408572258684552,4624.676232474574
1786741200,0.0017408572258684552,0.0017523697119878675,0.001721718785283163,0.0017493652932630943,1471.7926382636024
1786744800,0.0017493652932630943,0.0017851598449973535,0.001728533497862373,0.0017542246177777695,2948.39282749514
1786748400,0.0017542246177777695,0.001776136136777792,0.001726654805729624,0.0017668908194692326,3766.689272957135
1786752000,0.0017668908194692326,0.0018738286751776858,0.0017466461615528288,0.0018284113519518403,7726.958716159242
1786755600,0.0018284113519518403,0.001829601265707285,0.0017671758053867167,0.001786577525444367,1772.0975338196188
1786759200,0.001786577525444367,0.0018724133948324602,0.0017749440551255453,0.0018526298156518915,3653.969289352251
1786762800,0.0018526298156518915,0.0018859444039114523,0.0018422282121513085,0.001855652960441317,897.336635057463
1786766400,0.001855652960441317,0.0018635657791202032,0.0017732262470571063,0.0018598934194298908,6560.332179411676
1786770000,0.0018598934194298908,0.001864066833061182,0.001825201958522154,0.0018460989924652886,521.6315166096706
1786773600,0.0018460989924652886,0.0018575759049909667,0.0018213234046405304,0.0018441157228925415,1151.215627122085
1786777200,0.0018441157228925415,0.0018640429511154106,0.0018145871396320658,0.0018575940239495355,2321.9698045177292
1786780800,0.0018575940239495355,0.0019384474068610653,0.0018273078160290256,0.0019170442210733622,5616.5052594077815
1786784400,0.0019170442210733622,0.0019266987657267718,0.001873887171915591,0.0019179224419451153,2448.4991021291457
1786788000,0.0019179224419451153,0.0019218183614721541,0.0018709127177294583,0.0018929943327567042,1738.2554391580459
1786791600,0.0018929943327567042,0.0019095519938806885,0.001873812078568252,0.0018990660823082757,1614.720299675183
1786795200,0.0018990660823082757,0.0018993485055189016,0.001830170275888417,0.0018561642298484322,2240.9487271885255
1786798800,0.0018561642298484322,0.0018661207587143546,0.001832020128805202,0.0018657210381030805,898.0974474094229
1786802400,0.0018657210381030805,0.001866952058760922,0.0017977809000757278,0.0018197682769552355,3327.1761337165517
1786806000,0.0018197682769552355,0.0018211902878560499,0.0017748607417665428,0.0018195920051373487,1869.1635404922913
1786809600,0.0018195920051373487,0.0018195968977479386,0.0017874240216261,0.0018075244683768096,648.1675697157764
1786813200,0.0018075244683768096,0.0018149492571292228,0.0017235967394937032,0.0017445870307793414,4918.042939238876
1786816800,0.0017445870307793414,0.0017536405105654338,0.0017178964842981934,0.0017392140127663205,2128.764214060125
1786820400,0.0017392140127663205,0.001740301702577235,0.0016641120096869317,0.0017036013448962074,3979.780591545628
1786824000,0.0017036013448962074,0.001727408327195548,0.001685114864651611,0.0017025098280084932,1931.9903316314692
1786827600,0.0017025098280084932,0.001725280133646861,0.0016979496177328048,0.00172239439756998,1274.3451550770387
1786831200,0.00172239439756998,0.0017242676083913647,0.0016947360153476774,0.001703828381064097,830.3218058441845
1786834800,0.001703828381064097,0.001705542164635323,0.001667081771099702,0.0016925182227270873,956.9139276571535
1786838400,0.0016925182227270873,0.0016948998180385544,0.001591484742660492,0.001684755182080061,1743.6264530841015
1786842000,0.001684755182080061,0.0017049797874072383,0.0016674816377063447,0.001689064232441045,1531.9758810514415
1786845600,0.001689064232441045,0.00170336488283926,0.001666554925210339,0.001695678387745416,652.2573419257232
1786849200,0.001695678387745416,0.0017101674652912106,0.001672019780764673,0.0016961922852776375,1288.898687244855
1786852800,0.0016961922852776375,0.0017174210392530012,0.001678352313372541,0.0017057010222022602,1203.447749109072
1786856400,0.0017057010222022602,0.0017491295566422732,0.0016626247729610458,0.001729056679808301,6629.10498269958
1786860000,0.001729056679808301,0.0017444560479304037,0.0017117822653887843,0.00172768655599437,1231.0534672390495
1786863600,0.00172768655599437,0.0017369735063519581,0.0017113780215070316,0.0017201526683532416,926.939067877536
1786867200,0.0017201526683532416,0.0017426978373579045,0.0017136182071349172,0.0017426978373579045,1078.6622777859038
1786870800,0.0017426978373579045,0.0017613514749610791,0.001718925213676663,0.001718925213676663,1504.3907140145006
1786874400,0.001718925213676663,0.001726589627013644,0.0016984742401221983,0.0016984742401221983,998.5450436773052
1786878000,0.0016984742401221983,0.0017169856798743886,0.0016708040234367175,0.0016804785752066167,2094.5205718637367
1786881600,0.0016804785752066167,0.0016841504090653373,0.0016489423549280293,0.001654402856082855,2313.4378416059944
1786885200,0.001654402856082855,0.001656396841808665,0.0015843338895276955,0.0015937136045713024,5786.187325840947
1786888800,0.0015937136045713024,0.001622557880239437,0.0015874869725717613,0.0016145977192800465,2021.9168101121181
1786892400,0.0016145977192800465,0.0016331848440673718,0.0015931154081008903,0.001603554741497588,1634.5837126471185
1786896000,0.001603554741497588,0.0016328895715275033,0.001590872813763358,0.0016328895715275033,2227.6613384643365
1786899600,0.0016328895715275033,0.0016338065854859525,0.0015590813922281026,0.0015807056548394335,3010.3320037561884
1786903200,0.0015807056548394335,0.0016087987730159297,0.0013949645861677218,0.0016073603453506343,2448.7704535010193
1786906800,0.0016073603453506343,0.0016123666538716919,0.0015814048249078267,0.0016019909625260812,663.9589545234492
1786910400,0.0016019909625260812,0.0016183475560129085,0.0015516300477070623,0.0015854654274382108,3852.577113004036
1786914000,0.0015854654274382108,0.001614195356575521,0.001568305648639499,0.001586599101832201,1580.3259461791356
1786917600,0.001586599101832201,0.00159669442691427,0.0015638890603878915,0.0015867673594541485,690.8187154401982
1786921200,0.0015867673594541485,0.0016215281790863654,0.0015730716534344989,0.0016163718399545477,1478.0603031883409
1786924800,0.0016163718399545477,0.001624342958479478,0.001595601963199828,0.001623616724700856,714.0947879228011
1786928400,0.001623616724700856,0.001694548409687631,0.0015912637029596515,0.0016931554567038815,3850.9578412851465
1786932000,0.0016931554567038815,0.001796659496543875,0.0016712828081340584,0.0017851681835810225,6604.546536229922
1786935600,0.0017851681835810225,0.001820668795291533,0.00177280007512847,0.0018164497141341825,6050.125313318365
1786939200,0.0018164497141341825,0.0018522246261663633,0.001741703922846982,0.001762836803847749,7511.250195734943
1786942800,0.001762836803847749,0.001773455822095284,0.0017216503746302614,0.0017398966253932247,1702.6697221033048
1786946400,0.0017398966253932247,0.0017596341947232052,0.0017244264268569697,0.0017566183697422643,1401.0588023084717
1786950000,0.0017566183697422643,0.0017599019268455043,0.0016626692637553794,0.0016807192099959508,5714.495509829398
1786953600,0.0016807192099959508,0.001692286482413065,0.0016290043071039524,0.0016458194150270823,3935.3401852566235
1786957200,0.0016458194150270823,0.001662840408652819,0.0016112174205294965,0.0016351320608788862,3509.51757973195
1786960800,0.0016351320608788862,0.0016380575138322411,0.0016118833815078719,0.0016302153934599582,1394.2870213846768
1786964400,0.0016302153934599582,0.001632615134517374,0.001588182650637778,0.0016164393435871337,1873.3412956870502
1786968000,0.0016164393435871337,0.0016347082381657667,0.001595376026702766,0.001619285583802352,1789.5335911093423
1786971600,0.001619285583802352,0.0016259744993826597,0.001581291357233638,0.0015986445865219833,2674.0173562799255
1786975200,0.0015986445865219833,0.001621726554083513,0.0014843337745689598,0.0015514151925421897,10866.795541547022
1786978800,0.0015514151925421897,0.0015693115551898692,0.0014995794327240862,0.0015478076072607408,5792.518727622064
1786982400,0.0015478076072607408,0.001587734027725828,0.001496513613416723,0.0015875542091694356,7901.458590013518
1786986000,0.0015875542091694356,0.0015877531858662036,0.001507733563357341,0.0015263630799030444,2435.8427861951745
1786989600,0.0015263630799030444,0.0015327067329520556,0.001435236734994328,0.0015104439497077495,7479.1141994190075
1786993200,0.0015104439497077495,0.001523666961093295,0.0014912334124538443,0.0015100085749528717,3006.3695605765815
1786996800,0.0015100085749528717,0.0015179461321531296,0.0014838553371227209,0.0015007170228203148,1022.6703902169214
1787000400,0.0015007170228203148,0.0015217196272939281,0.0014742637668351873,0.0014913669956978447,3966.5551632827255
1787004000,0.0014913669956978447,0.0015099006097229945,0.0014698423483986407,0.001506005093712168,2650.6645681807813
1787007600,0.001506005093712168,0.001506005093712168,0.0014736875205850852,0.0014972396068109839,1486.5050369138235
1787011200,0.0014972396068109839,0.0014977279412938368,0.001441347962154059,0.00147264010682434,2573.1880569813657
1787014800,0.00147264010682434,0.0014920161249778277,0.0014551933452870184,0.0014778005575880988,2436.884620883468
1787018400,0.0014778005575880988,0.0014788365495067058,0.0014541196175997322,0.0014697627380421043,601.5605845565123
1787022000,0.0014697627380421043,0.001485090096886518,0.001455015447584869,0.0014760491208049829,925.5496690368044
1787025600,0.0014760491208049829,0.0014762712949307967,0.0014408220670583697,0.0014487081618265885,2791.0657016324312
1787029200,0.0014487081618265885,0.0014968057277189,0.0014345228757860833,0.0014835291258015611,3908.208324529871
1787032800,0.0014835291258015611,0.0015081371524487428,0.0014747330021644502,0.0014926596669787412,904.7321666647598
1787036400,0.0014926596669787412,0.001502600111412543,0.0014830873122812854,0.001502600111412543,618.5559638351118
1787040000,0.001502600111412543,0.0015062353347811126,0.0014824440352844356,0.0014957557797978165,678.9161055174862
1787043600,0.0014957557797978165,0.0015024914028190887,0.0014805631080753662,0.0014951853285338304,726.2592774765656
1787047200,0.0014951853285338304,0.001499263926582855,0.0014516998058494968,0.0014640814451305447,2622.4757152483967
1787050800,0.0014640814451305447,0.0014880224905731534,0.0014600150470910186,0.0014746569364856292,1850.5499824895787
1787054400,0.0014746569364856292,0.0014827462862244082,0.0014466800378764503,0.0014598862892337221,1792.1671513671442
1787058000,0.0014598862892337221,0.0014926808101419194,0.0014575588377024249,0.0014575588377024249,3115.830849024693
1787061600,0.0014575588377024249,0.0014894695082705058,0.0014521556342032196,0.0014761422275899278,1022.0614209378838
1787065200,0.0014761422275899278,0.0014944062056489334,0.0014484676886903527,0.0014832122585114796,2134.2078080196698
1787068800,0.0014832122585114796,0.0014915247136399173,0.0014038936100325662,0.0014131182184973635,4940.466651784115
1787072400,0.0014131182184973635,0.001414298498835294,0.0013084482645156568,0.0014091933709437516,5027.130002382824
1787076000,0.0014091933709437516,0.0014919252770604061,0.0014084221626259488,0.0014803740918943576,2986.084426786866
1787079600,0.0014803740918943576,0.0014940069655581252,0.0014509912466260768,0.0014509912466260768,1726.2996150598242
1787083200,0.0014509912466260768,0.0014702763630319712,0.001444941582133971,0.0014529109318620502,1417.3500868256187
1787086800,0.0014529109318620502,0.001506493357396884,0.0014509281733866201,0.0014903586650439143,2048.3954613757282
1787090400,0.0014903586650439143,0.001503792580637601,0.0013207753741091828,0.0014274141319505446,2331.496809332303
1787094000,0.0014274141319505446,0.0014424730829501128,0.0013889665471999814,0.0014164853662570675,4393.089471744297
1787097600,0.0014164853662570675,0.0015309775729117063,0.0014164853662570675,0.0014957846127875154,6127.0455802266815
1787101200,0.0014957846127875154,0.0014975991895446515,0.0014753380695926317,0.001487733703837578,797.7195922834062
1787104800,0.001487733703837578,0.0015001846227727118,0.0014745979684310379,0.0014831429802181595,796.5751574160523
1787108400,0.0014831429802181595,0.0014947092172351963,0.0014727086037126659,0.0014938402156328265,879.1160208583701
1787112000,0.0014938402156328265,0.0014947712357229626,0.0014657036136133431,0.0014720786624267646,1379.6958633023908
1787115600,0.0014720786624267646,0.0014975990298600624,0.0014720786624267646,0.0014924184589355126,1296.9579906775914
1787119200,0.0014924184589355126,0.0014927384880722967,0.0014321834964986973,0.0014474519840869996,2095.2950327689678
1787122800,0.0014474519840869996,0.0014474519840869996,0.0014031014320414524,0.0014209458550884723,2159.533028401455
1787126400,0.0014209458550884723,0.0014299127442734645,0.0013953293265589316,0.0014299127442734645,1788.1973595056163
1787130000,0.0014299127442734645,0.0014299127442734645,0.0013864256893359077,0.0014087274336997586,2957.9524035136646
1787133600,0.0014087274336997586,0.0014247849732105472,0.0014084477011540781,0.0014245135568082003,722.7454614814642
1787137200,0.0014245135568082003,0.0014347616866323657,0.0013864926958405241,0.001387290932290035,4587.566353669098
1787140800,0.001387290932290035,0.0014212587010818728,0.001387290932290035,0.0014155907032689062,3929.9847739250863
1787144400,0.0014155907032689062,0.001435466406329326,0.0014106110287547206,0.0014125879411070058,1502.1070612234125
1787148000,0.0014125879411070058,0.001517200106149688,0.0014125879411070058,0.0015103680390851327,2666.8230813851333
1787151600,0.0015103680390851327,0.0015717790082070352,0.0014878015361109987,0.001534543857166504,8338.921605679108
1787155200,0.001534543857166504,0.0015407337731112246,0.0015070659894190935,0.0015209684791138575,2270.4773176535373
1787158800,0.0015209684791138575,0.0015458174140327416,0.0015023643210248787,0.001543754188238264,2774.4966325403525
1787162400,0.001543754188238264,0.0015538059034248001,0.0015197889016565814,0.0015384865784962966,1668.7473148422023
1787166000,0.0015384865784962966,0.0015705210020615329,0.00153230220973334,0.0015705210020615329,2976.9377266465576
1787169600,0.0015705210020615329,0.00157100705082251,0.0015397721172416769,0.00155304250657949,1668.5476547837
1787173200,0.00155304250657949,0.00162547262373583,0.00155304250657949,0.001613175954640714,1095.7912346919456
1787176800,0.001613175954640714,0.001617826650700497,0.0015684898121689414,0.0015973339285298225,2721.254203094413
1787180400,0.0015973339285298225,0.001599719519229415,0.0015723442635256146,0.0015912157767324277,253.1945863047073
1787184000,0.0015912157767324277,0.0015976836584069719,0.0015581096702809733,0.0015731579612189915,664.279549988711
1787187600,0.0015731579612189915,0.0015882253539184616,0.0015526789023337757,0.0015882253539184616,657.4150949465268
1787191200,0.0015882253539184616,0.0015915017727796206,0.0015112639560088607,0.0015275066648384628,3660.1994031594595
1787194800,0.0015275066648384628,0.0015603509936133327,0.0015059335235014148,0.0015556282873236443,1363.3346496130134
1787198400,0.0015556282873236443,0.0015699195095102403,0.0015364213512260919,0.0015522363547294344,856.8290027793277
1787202000,0.0015522363547294344,0.0015658377171577885,0.0015346161626695184,0.0015650667518608639,892.6799611903772
1787205600,0.0015650667518608639,0.0016164043367020596,0.001544988720689566,0.0016150955195263883,1364.3862766148027
1787209200,0.0016150955195263883,0.001639257177486448,0.0015973515639172214,0.001639257177486448,1710.0771463001156
1787212800,0.001639257177486448,0.0017661515590316913,0.0016216356559784922,0.0017387602543771953,10313.37219947137
1787216400,0.0017387602543771953,0.0017443964368746626,0.0016705739195628621,0.001689860062912937,3150.6719211148525
1787220000,0.001689860062912937,0.0016974309504819698,0.0016512945012309762,0.0016688024023748195,2464.573423507977
1787223600,0.0016688024023748195,0.0017160195482476056,0.0016688024023748195,0.0016937837948623454,3593.836987063156
1787227200,0.0016937837948623454,0.0016937837948623454,0.0016279740990334933,0.0016284334657562273,2632.030930114244
1787230800,0.0016284334657562273,0.0016669671179663542,0.0016123983976077986,0.0016370264383332171,3677.9883177420893
1787234400,0.0016370264383332171,0.0016434012797131034,0.0016139871760372643,0.001635496340533054,805.175436394015
1787238000,0.001635496340533054,0.0016726004994567574,0.001620033553704631,0.0016642711267282927,1660.6063024143434
1787241600,0.0016642711267282927,0.0016767136722182488,0.0016413542084344806,0.0016745536022160369,1763.2075654480323
1787245200,0.0016745536022160369,0.001722250263497525,0.0016573975594853328,0.0017170618399008312,2663.574119817212
1787248800,0.0017170618399008312,0.0017196192675919318,0.0016623152546420999,0.0016942218317158304,2099.446756368481
1787252400,0.0016942218317158304,0.0017572595149496237,0.0016889280219037545,0.0017445467448660894,3220.79968152246
1787256000,0.0017445467448660894,0.0017796950345244768,0.0017214957653293797,0.0017796950345244768,4219.686235316553
1787259600,0.0017796950345244768,0.0017816249992406144,0.0017422611336841592,0.0017588315457594495,693.118252211428
1787263200,0.0017588315457594495,0.0017877144719194915,0.0017367468460140984,0.0017722049551860304,1892.289207581279
1787266800,0.0017722049551860304,0.0018387103512374108,0.001755353407686801,0.0018346377158889684,3578.4237614959716
1787270400,0.0018346377158889684,0.001872808057213785,0.0018015941895804537,0.0018352907133988485,2812.8653003036884
1787274000,0.0018352907133988485,0.0018352907133988485,0.0017456882844823984,0.0017730519461058127,4291.184176123662
1787277600,0.0017730519461058127,0.0018006122693294015,0.001758672800329786,0.00176672999602516,410.78452578137336
1787281200,0.00176672999602516,0.0017867598451473865,0.0017306465281695044,0.0017542579819942482,3755.4412638643453
1787284800,0.0017542579819942482,0.0017542579819942482,0.0016059990687479733,0.0016622214473419152,13492.286275405242
1787288400,0.0016622214473419152,0.0017249120979796347,0.0016622214473419152,0.0017249120979796347,7236.636062995076
1787292000,0.0017249120979796347,0.001738128941832271,0.0016900166220979807,0.001691131857280628,2201.8855453667
1787295600,0.001691131857280628,0.0017295850281472066,0.001691131857280628,0.0017160822886291103,3839.9552080859175
1787299200,0.0017160822886291103,0.001774240410515543,0.0017047993665178355,0.0017729575190042278,2468.6230218292117
1787302800,0.0017729575190042278,0.0017729575190042278,0.0017042825135117298,0.001732625145897385,2887.545479265018
1787306400,0.001732625145897385,0.0017430714537268442,0.0016673582713065053,0.0016952344741189976,4169.625685562581
1787310000,0.0016952344741189976,0.0017133258547578564,0.0016821062904518766,0.00171228421965228,1424.696858034917
1787313600,0.00171228421965228,0.0017382638876376694,0.0016853618676058917,0.0017153887646568341,1313.4595766118578
1787317200,0.0017153887646568341,0.0017564971452078745,0.0017045487481520403,0.0017402193071714405,2059.442751169006
1787320800,0.0017402193071714405,0.0017886492756628485,0.0017220901314999103,0.00176504138279358,11998.997571082653
1787324400,0.00176504138279358,0.0017691440316104637,0.001689136181541302,0.001742924410049251,13445.901515409489
1787328000,0.001742924410049251,0.0017659571515581064,0.001711692038668985,0.0017368283272108842,11982.50361256309
1787331600,0.0017368283272108842,0.0017463772970259777,0.001680089866308178,0.0017031713729263411,11681.062827653128
1787335200,0.0017031713729263411,0.001718672243946391,0.0016450269488385617,0.0016752803055796214,11652.97477835531
1787338800,0.0016752803055796214,0.0016765680442822868,0.0016305264640501097,0.001653862955122927,8706.44071527742
1787342400,0.001653862955122927,0.0017043594526556852,0.0016310482897278291,0.001697356170876796,5273.6488256080365
1787346000,0.001697356170876796,0.0017327338922251035,0.0016938243847143195,0.0017313358053651954,326.6262204463747
1787349600,0.0017313358053651954,0.001915907232558856,0.0017198503625747352,0.0018999539589069925,22389.853171493316
1787353200,0.0018999539589069925,0.0019006742247330386,0.0017756901087695911,0.0018280628474931899,10648.56852877146
1787356800,0.0018280628474931899,0.0018338572030449278,0.001731635403879177,0.0017630062532650597,4687.210822075371
1787360400,0.0017630062532650597,0.0017970322213744798,0.0017352078510588242,0.0017618520866707031,7025.7526798587905
1787364000,0.0017618520866707031,0.0018956447899586893,0.0017321213483186717,0.0018824014212544629,9291.17271015373
1787367600,0.0018824014212544629,0.001894346101902831,0.0018362895390268245,0.0018687392765020497,4362.46786831635
1787371200,0.0018687392765020497,0.0019604051930225876,0.001831803799020806,0.0018844850566470592,2952.8918545854626
1787374800,0.0018844850566470592,0.0019013112747806287,0.001740024730693274,0.0017578264843255262,13847.787780530369
1787378400,0.0017578264843255262,0.0017985849360792748,0.0017289285791626864,0.0017946216031436786,2020.936080536574
1787382000,0.0017946216031436786,0.0018110000533460495,0.0017660925973942896,0.0017812672915073346,1114.1423093088006
1787385600,0.0017812672915073346,0.001785159735943476,0.0017227617288079634,0.0017562794154530714,827.2512604764645
1787389200,0.0017562794154530714,0.001770844839407732,0.0017296620823895822,0.0017598891359600632,771.9165217067782
1787392800,0.0017598891359600632,0.001760927501481135,0.0017023150168519777,0.001743604186480807,1206.3502070093775
1787396400,0.001743604186480807,0.0017690422596995912,0.001735691612614102,0.0017626654018688564,1773.5891865097317
1787400000,0.0017626654018688564,0.0018002166398969628,0.0017562701264463502,0.0017771404256168887,1476.014290777524
1787403600,0.0017771404256168887,0.0017871019112725118,0.001755931058481007,0.001774933862449964,865.4040343818702
1787407200,0.001774933862449964,0.0017835138173537845,0.0017429500291473077,0.0017630288438988436,1106.818232209672
1787410800,0.0017630288438988436,0.0018039500220475564,0.0017295323582335938,0.0018036391931348624,3760.8182745913773
1787414400,0.0018036391931348624,0.0019117602306596593,0.0017850721375312687,0.001891229743268967,9429.233606932348
1787418000,0.001891229743268967,0.001957417051575162,0.0018823514052441574,0.0019240943185910193,8977.417898253094
1787421600,0.0019240943185910193,0.0019505322838125408,0.0019107520531196733,0.001936412527939617,1334.7995974758999
1787425200,0.001936412527939617,0.001981779817830618,0.0018673752205310902,0.0018804200380087282,8470.948250878995
1787428800,0.0018804200380087282,0.001889871126117145,0.0018444633598635968,0.0018602391415232665,1237.9094602105677
1787432400,0.0018602391415232665,0.0018602391415232665,0.001799331405935125,0.0018160695420847406,2705.9941834205665
1787436000,0.0018160695420847406,0.0018448970516253672,0.0018059951137620377,0.001816592444801273,1099.4521629187645
1787439600,0.001816592444801273,0.0018568380993810444,0.001816592444801273,0.0018498972499045798,4050.8845688960405
1787443200,0.0018498972499045798,0.0018760338867055658,0.0018082708813323804,0.0018760338867055658,1952.9970591136903
1787446800,0.0018760338867055658,0.0018760338867055658,0.0018091199072776964,0.0018453382282353438,2510.106319699337
1787450400,0.0018453382282353438,0.0018453382282353438,0.001767210903432637,0.0017951153249171508,4201.740786963348
1787454000,0.0017951153249171508,0.0018102836584596342,0.0017081582027216058,0.001718671588037748,4825.980481260038
1787457600,0.001718671588037748,0.0017418910855223847,0.0016916843781359838,0.0017226941921808867,2510.6991881430267
1787461200,0.0017226941921808867,0.0017537073728109657,0.0017106205565807864,0.0017334671687529535,3570.917171812333
1787464800,0.0017334671687529535,0.0017622151084328418,0.0015456110692468293,0.0016461348300543242,27414.775310142075
1787468400,0.0016461348300543242,0.0016621199270904588,0.0016230023551331398,0.0016328038192677927,4319.158956393207
1787472000,0.0016328038192677927,0.0017193456699808333,0.0016319277066105923,0.0017075906656062766,5855.198530837667
1787475600,0.0017075906656062766,0.0017425213082946725,0.0016915832789552462,0.0016915832789552462,5435.5500743470475
1787479200,0.0016915832789552462,0.0017526151795040138,0.0016915832789552462,0.0017472263485436134,3578.463697194086
1787482800,0.0017472263485436134,0.0017475062041222061,0.0017007143968459657,0.001735176621385071,4686.1693082192005
1787486400,0.001735176621385071,0.001735176621385071,0.0016912483080588133,0.0017108481704320466,2943.0912486989187
1787490000,0.0017108481704320466,0.0017487825219444186,0.0017076333809442745,0.001741477356998021,4850.375252890914
1787493600,0.001741477356998021,0.0017543314385565418,0.001695247917437003,0.0017419076007627573,2564.6144526527614
1787497200,0.0017419076007627573,0.0017648148003339005,0.0017241235907322582,0.0017440392524811685,3583.4926063558387
1787500800,0.0017440392524811685,0.001764728252181401,0.0016922445217422153,0.0017098317168972473,2770.5239370915183
1787504400,0.0017098317168972473,0.0018325601637561217,0.0016916187881679489,0.001818553861650955,8672.983267072379
1787508000,0.001818553861650955,0.0018573856841174671,0.0017828874056443683,0.0018081432375658775,5016.024541343368
1787511600,0.0018081432375658775,0.0018081432375658775,0.0017720836358101277,0.001786039181115576,1598.1199704335834
1787515200,0.001786039181115576,0.001786039181115576,0.0017431360437684318,0.001743539668211735,1819.8959299942514
1787518800,0.001743539668211735,0.001801682476895666,0.001743539668211735,0.001785298433028062,2762.715191610597
1787522400,0.001785298433028062,0.0018744166563207125,0.001785298433028062,0.0018554482954720208,5397.088491764829
1787526000,0.0018554482954720208,0.0018700375063810146,0.0018393745265368271,0.0018393745265368271,961.6929782540209
1787529600,0.0018393745265368271,0.001865201189647765,0.0018239099399851163,0.0018349259498293253,1630.2522771373772
1787533200,0.0018349259498293253,0.0018825207212220861,0.0018168360969700226,0.0018271115112739656,2216.6677705854863
1787536800,0.0018271115112739656,0.0018635583519240057,0.0017947363063095137,0.0018378623791795448,1758.3311612117823
1787540400,0.0018378623791795448,0.0018726861910684763,0.0018121262769268637,0.0018647184490419176,3863.8743916886087
1787544000,0.0018647184490419176,0.0019413098804545719,0.0018647184490419176,0.0019110241140788415,5322.2919255652705
1787547600,0.0019110241140788415,0.001926164080158509,0.0018967311864911507,0.0019210497763964736,638.9918565362021
1787551200,0.0019210497763964736,0.0020214364104867936,0.0018934442806121832,0.0020157813524067382,6470.317202146668
1787554800,0.0020157813524067382,0.0020157813524067382,0.0019726746346462815,0.0019882825734452154,2459.9607977758274
1787558400,0.0019882825734452154,0.0021879413858819368,0.0019707738819254735,0.0021599488485772376,14321.495399563404
1787562000,0.0021599488485772376,0.0021599598145056902,0.002048391054404458,0.0021220163863858873,10489.092023411176
1787565600,0.0021220163863858873,0.0021250109571995268,0.0019973239996258062,0.002111210404712068,8596.538841026077
1787569200,0.002111210404712068,0.0022413790550846664,0.0020833135894305094,0.0021718036932794316,14761.610978735602
1787572800,0.0021718036932794316,0.0021718036932794316,0.001984782623862773,0.002069106560235547,13315.268148622634
1787576400,0.002069106560235547,0.002076589237538264,0.001925426041698774,0.001976764302302566,10043.894818929568
1787580000,0.001976764302302566,0.002063036599014782,0.0019572757503158403,0.00204146694628738,9071.974115794237
1787583600,0.00204146694628738,0.002063540980231901,0.0019391652042139557,0.0019689709272800323,13370.446289039663
1787587200,0.0019689709272800323,0.001975864428347412,0.0017878526502143124,0.0018490278212797617,19330.548382471996
1787590800,0.0018490278212797617,0.0019291880814049397,0.0018188235565174,0.0018960356766160682,9069.811700238408
1787594400,0.0018960356766160682,0.0021828474532142764,0.001840820199526265,0.0020980008938224306,29650.225586909175
1787598000,0.0020980008938224306,0.002113893651231027,0.0020216021752681237,0.0020905279909976507,8599.607002730798
1787601600,0.0020905279909976507,0.002103340781198709,0.0019835832543038364,0.0020265831196960124,10609.794779950935
1787605200,0.0020265831196960124,0.002494405759176551,0.0020055165464313678,0.002440524957264086,32659.108056265253
1787608800,0.002440524957264086,0.002637119339906472,0.0022296261328588673,0.002565468401559756,46619.74515410906
1787612400,0.002565468401559756,0.00268167360331596,0.002423540297857056,0.0025092075220806403,36873.72378253937
1787616000,0.0025092075220806403,0.0026491172637408754,0.0024791759868609334,0.002577938795556041,13985.040365758905
1787619600,0.002577938795556041,0.0025860462038464044,0.0022448784676043394,0.002305396384040884,30163.924334190346
1787623200,0.002305396384040884,0.0023061083223225413,0.002160737653366104,0.002200521544558448,20750.000604454755
1787626800,0.002200521544558448,0.0026152358044892257,0.0021764867362014427,0.0024913190935211592,31313.601317817647
1787630400,0.0024913190935211592,0.0026041691804654884,0.0022952218043113693,0.002478378934266346,40179.66688747606
1787634000,0.002478378934266346,0.0028564073238154996,0.0024604287882579977,0.0027239765458992597,45564.66442938942
1787637600,0.0027239765458992597,0.0027647527727040636,0.0025612165570996622,0.002615968539538343,32423.363342592656
1787641200,0.002615968539538343,0.002683661583750024,0.002403296309232329,0.002461567424431219,22179.229116033974
1787644800,0.002461567424431219,0.002510522675271399,0.0024094963168925084,0.0024435634679706233,11604.485046584408
1787648400,0.0024435634679706233,0.002444351579332523,0.0022759042514788963,0.002330524991042801,13863.506092961976
1787652000,0.002330524991042801,0.0024204400194071988,0.0023007528043492145,0.0023927610132919224,7989.764378340075
1787655600,0.0023927610132919224,0.0025524736337378478,0.0023927610132919224,0.0024228897383200133,13236.877624557643
1787659200,0.0024228897383200133,0.0024270817211410963,0.002219788052360709,0.0022410660086995423,15034.164156571635
1787662800,0.0022410660086995423,0.0022703429420594026,0.002113030016402059,0.0022326397356407764,12709.769370123602
1787666400,0.0022326397356407764,0.0023203073706085883,0.0022059116528762375,0.0023047676128586324,14343.41798248405
1787670000,0.0023047676128586324,0.0023574922162011417,0.0022774064450211025,0.0023533839983517556,5140.188149092605
1787673600,0.0023533839983517556,0.0024201486859863285,0.00229226021104974,0.0024040660100658005,7878.297719369293
1787677200,0.0024040660100658005,0.0024258122875103574,0.0022010183079524243,0.002255639606949433,13846.930295494525
1787680800,0.002255639606949433,0.0022627134564211695,0.0021601604456599997,0.0022623530554878057,11279.881116228757
1787684400,0.0022623530554878057,0.0022771187378365022,0.0022110610086842637,0.002245581246137044,2912.890175574882
1787688000,0.002245581246137044,0.002248864643730922,0.0021209305751991327,0.0022020994132696597,10232.686680857943
1787691600,0.0022020994132696597,0.002221855114962818,0.0021424879297780434,0.002190548387880912,6721.295842084931
1787695200,0.002190548387880912,0.0023317662931727,0.0021055618079418676,0.0023218194565639808,17657.94334723393
1787698800,0.0023218194565639808,0.002449594189082328,0.0022896795920560693,0.002447789842955815,16420.215251607693
1787702400,0.002447789842955815,0.0024536947273207867,0.002283821272802725,0.0023050438265523475,12806.243099846866
1787706000,0.0023050438265523475,0.0023548576418702134,0.002262953357528222,0.0022836006357125505,8484.114361910359
1787709600,0.0022836006357125505,0.002354222281679366,0.0022689665545011627,0.002338838970810169,3167.3954080198982
1787713200,0.002338838970810169,0.002347056461421118,0.0022401957845435134,0.002343910694536063,8829.324778218423
1787716800,0.002343910694536063,0.0024956520682637377,0.0023286816233681804,0.0024881522068156765,9535.611677776298
1787720400,0.0024881522068156765,0.0024956890043492316,0.0023818033616748646,0.002409613412399152,7116.4231281909315
1787724000,0.002409613412399152,0.0024149601723416816,0.002355979410879116,0.002412119957942683,3079.8545105967164
1787727600,0.002412119957942683,0.0024744302623395304,0.0023873043992017192,0.0024167903306918006,4456.683623301843
1787731200,0.0024167903306918006,0.00248594826169338,0.002410208131618957,0.002423231112091223,4145.551883013039
1787734800,0.002423231112091223,0.002454828035050482,0.0023813186175837262,0.0023882874391639927,2074.6160326521826
1787738400,0.0023882874391639927,0.00260902258042546,0.002372136995795645,0.0026064984379388888,14274.773321266284
1787742000,0.0026064984379388888,0.0028208015159590424,0.0025786284830379026,0.002636557894553878,24636.711325300508
1787745600,0.002636557894553878,0.00263955544338756,0.0025333374952904502,0.0026056911248911194,4967.9023281749805
1787749200,0.0026056911248911194,0.002623519617638996,0.0024968884021779937,0.00255548317954416,9366.14327778098
1787752800,0.00255548317954416,0.002574642935091706,0.002371486230580956,0.0024223103234759084,11902.716412269348
1787756400,0.0024223103234759084,0.0024223103234759084,0.0022251480340116933,0.002256496399379726,23421.394700201432
1787760000,0.002256496399379726,0.0022841416831738508,0.0021478994990992563,0.0022448825522284744,20237.40938139512
1787763600,0.0022448825522284744,0.002285116041371153,0.002218359623335867,0.002242370001744914,2070.658499394639
1787767200,0.002242370001744914,0.0022612065993732533,0.002132603337288739,0.0021707178974651035,13219.696464276962
1787770800,0.0021707178974651035,0.0021848831135059376,0.0021251504503696896,0.0021483879392289857,6198.141908591766
1787774400,0.0021483879392289857,0.00224123588927427,0.00212525022993469,0.0021904858484133134,9966.689462892275
1787778000,0.0021904858484133134,0.002225990839987429,0.0021501539946698505,0.0021868984126808197,5497.761005016615
1787781600,0.0021868984126808197,0.002233974348707098,0.002182458884057114,0.002211462612999054,1947.484338040743
1787785200,0.002211462612999054,0.00224940721054042,0.002178108893335121,0.00224343175812097,1405.656603386509
1787788800,0.00224343175812097,0.0022455232310001007,0.0021943229073136112,0.002237932162461277,2669.0947637877066
1787792400,0.002237932162461277,0.0022835690266173477,0.002188980328973126,0.002203292380334089,6452.614629977794
1787796000,0.002203292380334089,0.002228156057998491,0.0021728488397343413,0.0021741431239565767,3524.397493612602
1787799600,0.0021741431239565767,0.002191975574528309,0.0020493972768230403,0.0020592680429383954,9024.75435934158
1787803200,0.0020592680429383954,0.0021527578523259884,0.002011562413755463,0.0021095467872439978,14525.745847851984
1787806800,0.0021095467872439978,0.002113505939465354,0.002034611650430513,0.0020604038314804207,3253.251955437374
1787810400,0.0020604038314804207,0.0021232176748492812,0.002005299624542304,0.0020950684459506634,7800.022701270292
1787814000,0.0020950684459506634,0.0021085324724853943,0.0020071267050793666,0.002038975295074448,4463.176126752974
1787817600,0.002038975295074448,0.002090249773431067,0.0019771323779679663,0.002054725895101141,8604.191786037582
1787821200,0.002054725895101141,0.00226302564017807,0.0020424579074433025,0.0021880232162017244,17095.39187897397
1787824800,0.0021880232162017244,0.0022077318526316702,0.002147805876181067,0.0021521072194933084,5161.283688400294
1787828400,0.0021521072194933084,0.0021759996076145807,0.0020682647354391126,0.0020910782476761306,3737.9620167971793
1787832000,0.0020910782476761306,0.002163147645020418,0.002020069342206884,0.002163147645020418,11506.723093756309
1787835600,0.002163147645020418,0.002178637260734966,0.0017862214015919177,0.0018688005785248093,56627.04262605657
1787839200,0.0018688005785248093,0.0019299946751784988,0.0017679643746173603,0.0018869912764669047,33185.64319444632
1787842800,0.0018869912764669047,0.0018984327549332472,0.0017217166806212836,0.001842168184187038,26880.60984904004
1787846400,0.001842168184187038,0.0018484463647781564,0.0017231826579871192,0.0017966476333540168,15018.90982250841
1787850000,0.0017966476333540168,0.0018296205133629428,0.0016868320334332968,0.0017739803707398003,16796.214853053076
1787853600,0.0017739803707398003,0.001911303498507771,0.0017496063884821177,0.001902536518922526,15502.442478065046
1787857200,0.001902536518922526,0.0019167227150628718,0.0017585317979976812,0.0017886704588772288,10729.482859464484
1787860800,0.0017886704588772288,0.0019090927327668115,0.0017293544272797541,0.0018965671307847429,19795.331562883068
1787864400,0.0018965671307847429,0.002063305286213754,0.0018548187591791512,0.001876375803924526,20219.935036563067
1787868000,0.001876375803924526,0.0018989916438313223,0.0016955504128962039,0.0017187319533235928,21058.44784564097
1787871600,0.0017187319533235928,0.0017309682495413401,0.0014997293538109822,0.0015838918550686787,37886.55910023668
1787875200,0.0015838918550686787,0.0018031672644464045,0.0015307228244861018,0.0017056796478935002,27180.218771331798
1787878800,0.0017056796478935002,0.0018843878552361661,0.0017055716537176223,0.0018262796251810314,18731.47812011463
1787882400,0.0018262796251810314,0.001826619402545189,0.0017194545924051395,0.0017669763403007266,4950.036499770687
1787886000,0.0017669763403007266,0.001919265662887719,0.001727880487856383,0.0019081662215196216,20430.608514558717
1787889600,0.0019081662215196216,0.0019084886723617904,0.001826605563886216,0.0018471299276011219,4367.7661112504275
1787893200,0.0018471299276011219,0.0018681798207419629,0.0018236804118354154,0.0018564099940464116,743.4817445129519
1787896800,0.0018564099940464116,0.0019304300204556989,0.001831917378264122,0.0019101919182797891,6454.6307412907745
1787900400,0.0019101919182797891,0.0019101919182797891,0.0018401772508195508,0.0018557496692185138,4169.0786708086425
1787904000,0.0018557496692185138,0.0018685351612164841,0.0017779077126147784,0.001808566267581952,4022.2349051193737
1787907600,0.001808566267581952,0.0018217310509231876,0.0017707767037721896,0.0018217304527706015,3684.507769014565
1787911200,0.0018217304527706015,0.00183004079068917,0.0017765538903498686,0.0017959379344886055,2676.18497210094
1787914800,0.0017959379344886055,0.0018269921705857419,0.0017700468665759396,0.0018023318467490891,3838.9624190714635
1787918400,0.0018023318467490891,0.0018023326496752021,0.0017209300994337447,0.0017731145071933844,7282.87028445837
1787922000,0.0017731145071933844,0.0017852282419813673,0.0016633702340160801,0.0016905227632538172,12478.8752134118
1787925600,0.0016905227632538172,0.0017253912220521828,0.0015623885885241702,0.0016537977619903307,34201.32143896803
1787929200,0.0016537977619903307,0.0017195701212958303,0.001629461620082704,0.0016463389134455707,7522.810447172136
1787932800,0.0016463389134455707,0.0016736083053801934,0.0015949981144277373,0.0016603688746612822,6223.231417170485
1787936400,0.0016603688746612822,0.0016651672156073746,0.0015910807848033032,0.0016156799937033872,8269.28170124926
1787940000,0.0016156799937033872,0.0016156833760842964,0.0014740085746067512,0.0015297294641066247,20271.847851979936
1787943600,0.0015297294641066247,0.001602973714786706,0.001492842154354043,0.0015906958808248007,5086.595517363084
1787947200,0.0015906958808248007,0.0016034375558958954,0.0015570530766878387,0.0015793583447195512,3081.5295545357685
1787950800,0.0015793583447195512,0.0015801734117505746,0.0015455198037761058,0.0015624526574439675,1630.9996779860905
1787954400,0.0015624526574439675,0.0015835404404073684,0.0015052611151754464,0.001555725071095641,14268.433570134435
1787958000,0.001555725071095641,0.001708950636182515,0.0015364002624319163,0.0016831145751336533,15169.70023949889
1787961600,0.0016831145751336533,0.0017784244325025605,0.0016704672222140075,0.0017762787499002429,10878.66195753455
1787965200,0.0017762787499002429,0.0017851419077367964,0.0017262307732555876,0.0017443563977059342,4471.179504616218
1787968800,0.0017443563977059342,0.0017443563977059342,0.00158822993355233,0.001609141781862912,13288.652504024145
1787972400,0.001609141781862912,0.001693216961175519,0.0015774909283277857,0.0016729495846829966,8337.138295270814
1787976000,0.0016729495846829966,0.0017339012515789599,0.0016089171733332742,0.0017069520206438895,11364.84838077721
1787979600,0.0017069520206438895,0.0017095451811858877,0.0016631698920302565,0.0016841492363135647,1463.2712302050804
1787983200,0.0016841492363135647,0.001691262094115528,0.0016569954917907016,0.001667205660404695,2418.1451647880886
1787986800,0.001667205660404695,0.0016874841244650031,0.0016176907682704227,0.001620703374655902,4870.688853329298
1787990400,0.001620703374655902,0.0017323659176260685,0.0015863895131685913,0.0016687929350780294,12681.818129982883
1787994000,0.0016687929350780294,0.0017585840699484371,0.0016478802444414617,0.0017409444165252088,7788.197003263177
1787997600,0.0017409444165252088,0.001781096489392075,0.0016873169589262204,0.0017720155497221507,5169.4702026901805
1788001200,0.0017720155497221507,0.0017945135944784163,0.0017405073389039879,0.001769062697970648,4068.8146899337785
1788004800,0.001769062697970648,0.0017690639011611502,0.0016518940813430754,0.0016825768134443957,7891.803154682242
1788008400,0.0016825768134443957,0.0016847744381472468,0.0016312616939301433,0.0016601215537501335,3564.5068203439396
1788012000,0.0016601215537501335,0.00167403343067347,0.0015610620958877229,0.0016195157994473195,11017.967098769574
1788015600,0.0016195157994473195,0.0017185049145557092,0.0015986153590320518,0.0016994346125484162,7533.557698709691
1788019200,0.0016994346125484162,0.0017325022144906862,0.0016615293118208132,0.0016820894328523415,5433.395267666644
1788022800,0.0016820894328523415,0.0017442820148423084,0.001642835437600002,0.0016849473068804746,9603.918581467316
1788026400,0.0016849473068804746,0.0016954943758237518,0.0016036960560742509,0.0016320638680984503,4892.227699979937
1788030000,0.0016320638680984503,0.0016743049957008418,0.0016139739640126292,0.0016507927290344187,5314.140708294577
1788033600,0.0016507927290344187,0.001662747797070121,0.0016125439394639037,0.0016132344043671327,4175.967662297258
1788037200,0.0016132344043671327,0.0016303876694760014,0.0015810849607682943,0.0016007846514698894,1828.6472291500925
1788040800,0.0016007846514698894,0.0016609081243204235,0.0015797610160371964,0.0016232664044363951,6614.068937061994
1788044400,0.0016232664044363951,0.0016506756895944838,0.001595099411700224,0.0016243989901004682,5257.506014878609
1788048000,0.0016243989901004682,0.0016243989901004682,0.0015941839954040022,0.0016124063845995022,714.5232188137192
1788051600,0.0016124063845995022,0.0016149670043807663,0.0015688053740572786,0.001604658664266725,3065.3042627040677
1788055200,0.001604658664266725,0.001605370009635363,0.0015058609546665762,0.001576227497838426,8182.998374142854
1788058800,0.001576227497838426,0.0016077695732440377,0.0015644950217466864,0.0016001460678974446,2011.6700008035427
1788062400,0.0016001460678974446,0.001623530201139361,0.0015825633189526062,0.0016080564464464563,1949.2472679207565
1788066000,0.0016080564464464563,0.001609206723057087,0.001584101330548819,0.0015920263704835985,756.0305712160849
1788069600,0.0015920263704835985,0.0016092257462062712,0.0015711889374513417,0.0015782664918279547,3029.1540531916958
1788073200,0.0015782664918279547,0.001605505461997912,0.0015618266051343893,0.0015856000969115315,2641.3871688379727
1788076800,0.0015856000969115315,0.0015867675387307959,0.0015297412140184692,0.0015698418081327701,3997.9877636337173
1788080400,0.0015698418081327701,0.0016174365140808591,0.0015545851634653257,0.0015840194696530897,3282.724984068436
1788084000,0.0015840194696530897,0.0016097181749194858,0.0015259751817225293,0.001561055046352207,6203.366079777056
1788087600,0.001561055046352207,0.0015627053800685534,0.0015171179735115042,0.001549037096716953,5494.096165595747
1788091200,0.001549037096716953,0.0016109247120335106,0.0015323535600028967,0.0016109247120335106,4485.414450946011
1788094800,0.0016109247120335106,0.0016230591156627867,0.0015874533098335143,0.0016019366112446274,3022.1427205979608
1788098400,0.0016019366112446274,0.001604554710565207,0.0014903513489874845,0.0015693519820031982,9039.199486989532
1788102000,0.0015693519820031982,0.0015693519820031982,0.001492946523958186,0.0015350361742767645,6406.546609086082
1788105600,0.0015350361742767645,0.0015535975592426469,0.001513972237526745,0.0015337628712126855,3152.796586368439
1788109200,0.0015337628712126855,0.0015475186484599755,0.0015016187943638717,0.0015168701300138593,6002.0144092153505
1788112800,0.0015168701300138593,0.0015297649382713897,0.0014995728547093862,0.001520880554028795,2519.9339254436004
1788116400,0.001520880554028795,0.001520880554028795,0.001475644568671541,0.0014928830834147852,2679.6772480142845
1788120000,0.0014928830834147852,0.0014928830834147852,0.0014498212714290934,0.0014727927421132022,3656.7261781753264
1788123600,0.0014727927421132022,0.0014803875247438546,0.001418150732710544,0.0014499430724230946,6096.021536430662
1788127200,0.0014499430724230946,0.0014632723492786351,0.0014262026613061686,0.0014332191484625262,2630.0614323021755
1788130800,0.0014332191484625262,0.001487229911807606,0.0014264998031230276,0.0014339072453339252,5277.942225176793
1788134400,0.0014339072453339252,0.0014403717672204308,0.0013210814543805276,0.0013233008431155096,10890.831167792423
1788138000,0.0013233008431155096,0.001387583717917182,0.0013231795750294566,0.0013231795750294566,7530.369154645691
1788141600,0.0013231795750294566,0.0013629990408689351,0.0013158097720466122,0.0013629990408689351,4279.702159545198
1788145200,0.0013629990408689351,0.001373428372998306,0.0013234202241751995,0.0013597781468160529,3695.388245929385
1788148800,0.0013597781468160529,0.0014599441965503367,0.0013367234393348853,0.0014513365839190758,7528.424697092771
1788152400,0.0014513365839190758,0.0014596438780121773,0.001426609708962714,0.0014527287950663094,2508.7968936670213
1788156000,0.0014527287950663094,0.0014527287950663094,0.0013461643136432877,0.0013741132631512882,9674.76259845564
1788159600,0.0013741132631512882,0.0014537031446590603,0.0013732017266045152,0.0014409578315297384,4082.7279818188167
1788163200,0.0014409578315297384,0.0014409578315297384,0.0013889328053168296,0.0014381838371344921,3916.794897894577
1788166800,0.0014381838371344921,0.0014480801373756643,0.0014137199681803414,0.0014319534997549103,2076.5789409668487
1788170400,0.0014319534997549103,0.0014531168638759059,0.0013838696086427352,0.001415236320703488,6012.816655062014
1788174000,0.001415236320703488,0.0014359983830396093,0.0013715719755509857,0.0013836896072360937,3167.5585343483585
1788177600,0.0013836896072360937,0.0013991071443747688,0.0013608069164143366,0.0013848428118599465,4215.835734612044
1788181200,0.0013848428118599465,0.0013878120553526547,0.0012693926631439506,0.0013136912060889407,11262.077835767646
1788184800,0.0013136912060889407,0.00134838833907037,0.0012847550846102021,0.0013448891578170135,5480.329527607716
1788188400,0.0013448891578170135,0.00135528996750756,0.001329834198130913,0.0013405918440092784,2863.5848298990677
1788192000,0.0013405918440092784,0.0013537352301284038,0.0012137971820229876,0.0012572965655346133,18114.235232709983
1788195600,0.0012572965655346133,0.0013240349871451631,0.0011444760920007557,0.0013105970425459855,38282.43477565753
1788199200,0.0013105970425459855,0.001328689842277429,0.0012874433341764284,0.0013260238485149466,3740.5395282637937
1788202800,0.0013260238485149466,0.001357852097523951,0.0013086672797908445,0.0013268765915392048,4414.740338683834
1788206400,0.0013268765915392048,0.0013362291600520098,0.0013051484748041312,0.0013277078312312735,2242.1924722129743
1788210000,0.0013277078312312735,0.0013534057501760487,0.0013199758536881865,0.0013457752103580246,1807.7313189201705
1788213600,0.0013457752103580246,0.0013692972002710769,0.001316551652014062,0.0013506548210580113,3892.5048739633894
1788217200,0.0013506548210580113,0.0013506636912996339,0.0013196627205551746,0.0013349615945327379,1023.9381218472244
1788220800,0.0013349615945327379,0.0013539594963896122,0.0013228647850019796,0.0013385703068983625,1646.8475741423454
1788224400,0.0013385703068983625,0.0013394017588801046,0.0013025045842238847,0.0013195846826844057,1480.9333831600413
1788228000,0.0013195846826844057,0.0013321591436787062,0.0013002625585133932,0.0013285043402154948,2252.4748535183953
1788231600,0.0013285043402154948,0.001410687204804885,0.0013100492400427192,0.0013740890201223413,5316.068198298397
1788235200,0.0013740890201223413,0.0013930596654306725,0.0013616751807375893,0.0013913658284723468,2185.380397378805
1788238800,0.0013913658284723468,0.001405013118900813,0.00131697987035493,0.001367282466126311,7238.360019583021
1788242400,0.001367282466126311,0.0013904243416798156,0.0013557028608901405,0.0013608631896381434,2808.014955767055
1788246000,0.0013608631896381434,0.001377024686095878,0.001350069579344272,0.0013614521844872653,2649.477183801371
1788249600,0.0013614521844872653,0.0013765009647077817,0.001342498120884794,0.001362409646982341,3367.998896678747
1788253200,0.001362409646982341,0.00137026345478729,0.0013418686109755741,0.001354819249559149,2088.9601989088014
1788256800,0.001354819249559149,0.0013778336378268091,0.0013314872672582727,0.0013482852026514569,3508.0369591899685
1788260400,0.0013482852026514569,0.0013482852026514569,0.0013289496558053287,0.001344319042365423,568.6730284409396
1788264000,0.001344319042365423,0.0013484395898641164,0.0013174250504746987,0.0013266411658501352,1707.4225527260198
1788267600,0.0013266411658501352,0.0013287739882622222,0.001292792564259673,0.001297960131980895,4504.390984000161
1788271200,0.001297960131980895,0.0013218565581923762,0.0012750670284332685,0.001289966130152481,3727.6325041127825
1788274800,0.001289966130152481,0.0013051219940360833,0.0012629067965786289,0.0012888003809712893,2583.4175144189026
1788278400,0.0012888003809712893,0.0013371379217841162,0.0012658695324747839,0.0013323423839362554,4991.079000423988
1788282000,0.0013323423839362554,0.0014476201281571927,0.0013086298911985852,0.0014469874058764907,10180.92956989853
1788285600,0.0014469874058764907,0.0014484700954904798,0.0012800500991774456,0.0013405150329872401,21420.32266727672
1788289200,0.0013405150329872401,0.0013470596823840864,0.0012402542000529895,0.0012722074448562697,7124.016533787275
1788292800,0.0012722074448562697,0.0012723473564636458,0.0010077449050621178,0.001174950232985939,50548.02973528857
1788296400,0.001174950232985939,0.001175720043751334,0.0011265616024187081,0.0011561855273373213,3822.1972909448714
1788300000,0.0011561855273373213,0.001157452934517021,0.0010561250836328773,0.001083995196398971,12265.69165196105
1788303600,0.001083995196398971,0.0011142598771451805,0.0010714799428437856,0.0011017070708294924,2736.40261797281
1788307200,0.0011017070708294924,0.0011252352624946983,0.0010758747886053183,0.001114093112618521,6730.342236713082
1788310800,0.001114093112618521,0.0011156079662812035,0.0010642917044216996,0.0010868628345964942,4777.926133288016
1788314400,0.0010868628345964942,0.0011101011039870788,0.0010712510731466607,0.0011085716217262656,2029.8691099733587
1788318000,0.0011085716217262656,0.0011527920825645506,0.0010967821461008952,0.001134437576749721,3713.1792748461444
1788321600,0.001134437576749721,0.0011385706263935481,0.0011133865089079783,0.0011266948081633038,2138.899599694689
1788325200,0.0011266948081633038,0.001149233981553408,0.0011028527012436771,0.001149233981553408,3622.932009086402
1788328800,0.001149233981553408,0.001149233981553408,0.0011207432595797626,0.0011265510243179673,770.9828116450268
1788332400,0.0011265510243179673,0.0011380939843496606,0.0011233409404682797,0.0011349645990745903,274.6508026107601
1788336000,0.0011349645990745903,0.0011687076681213642,0.0011332792481711994,0.0011687076681213642,3668.4525698509015
1788339600,0.0011687076681213642,0.0011687076681213642,0.0011031630058612155,0.0011113459669903477,8348.632292909957
1788343200,0.0011113459669903477,0.0011199392065432742,0.0010540198685256219,0.0010609900133664875,4477.90484335683
1788346800,0.0010609900133664875,0.0011378051335262775,0.0010593935467865865,0.0010809153673916549,5917.062698364495
1788350400,0.0010809153673916549,0.001159797216541031,0.0010803517514374852,0.001159797216541031,5524.037665470991
1788354000,0.001159797216541031,0.0011875050245426088,0.001147918927626696,0.0011743250247451904,3712.9496389701544
1788357600,0.0011743250247451904,0.0011962515383100373,0.0011644469033027349,0.0011644469033027349,1690.529500555348
1788361200,0.0011644469033027349,0.001177558188364382,0.001153901805607081,0.0011678961495394324,1392.3050397329987
1788364800,0.0011678961495394324,0.0011846034482126718,0.0010835762989026816,0.0011172501956384464,10101.531989703366
1788368400,0.0011172501956384464,0.001120079962351341,0.0011013880596913615,0.0011075072864241368,1101.143659648286
1788372000,0.0011075072864241368,0.0011195170035083032,0.0010879765726413539,0.0011056010841559488,4075.230659791643
1788375600,0.0011056010841559488,0.0011511452416667998,0.0010854901786652989,0.0011509862558637565,3432.09203688178
1788379200,0.0011509862558637565,0.0011673784699284865,0.0011369021092477124,0.0011561766090525216,1363.1548173812932
1788382800,0.0011561766090525216,0.0011648774187015738,0.0011119203134892792,0.0011268078588146369,2399.0652774144464
1788386400,0.0011268078588146369,0.0011782325455655582,0.0011088968692784392,0.0011565985729186316,2378.17138957955
1788390000,0.0011565985729186316,0.0011765914701372256,0.0011486242330131992,0.0011635069043069515,1933.2255175262105
1788393600,0.0011635069043069515,0.0011636436197901832,0.001130183932058262,0.0011402651102391226,681.9285561958873
1788397200,0.0011402651102391226,0.0011572325639211422,0.0011328502049762137,0.001144653687773342,1465.622972376374
1788400800,0.001144653687773342,0.001151360099517402,0.0011197953645292558,0.0011501252218752388,1654.1423107734809
1788404400,0.0011501252218752388,0.0011501537558499875,0.0011096068856490695,0.0011352119098926436,1561.4250261701097
1788408000,0.0011352119098926436,0.0011556337589015884,0.0011308581907461537,0.0011556337589015884,995.8339289609045
1788411600,0.0011556337589015884,0.0011572685117963906,0.0011077713159471057,0.001141207786140634,3898.39478085722
1788415200,0.001141207786140634,0.0011444386067227931,0.0011228380697011087,0.0011274050791534778,1926.120233328872
1788418800,0.0011274050791534778,0.0011451709035142177,0.0011078290541372089,0.0011087718115375584,2018.7027990658596
1788422400,0.0011087718115375584,0.0011263180837715796,0.0011071762095019716,0.0011168111736677756,1182.628693361504
1788426000,0.0011168111736677756,0.001122828815330437,0.0010992728452461778,0.0011122652866742049,3197.8015266322673
1788429600,0.0011122652866742049,0.0011122652866742049,0.0009633087334890689,0.0009791761850820122,17891.844295644336
1788433200,0.0009791761850820122,0.0009894159841559568,0.000947680521360296,0.0009651984526666807,5360.6474114406155
1788436800,0.0009651984526666807,0.0009763060229043561,0.0008799372312597585,0.0009326537773287652,19829.642056941237
1788440400,0.0009326537773287652,0.0009747724360253758,0.0009326537773287652,0.0009518708215358388,6621.742082006524
1788444000,0.0009518708215358388,0.0009987844896782775,0.0009485976316959766,0.0009885827286137598,3804.633001160309
1788447600,0.0009885827286137598,0.0010258485508574944,0.0009249108971601237,0.0009743936170899637,5025.378241723566
1788451200,0.0009743936170899637,0.0009760909506801824,0.0008721057270959703,0.00093948967078807,17494.44862237119
1788454800,0.00093948967078807,0.0009520687214692802,0.0009228456042170176,0.0009251579040688733,2416.4979314520942
1788458400,0.0009251579040688733,0.0010246913935108813,0.0009207660164326345,0.0009775215049789357,12264.253150198163
1788462000,0.0009775215049789357,0.0009775215049789357,0.0009312702397357616,0.0009313881624263618,1831.9935529267436
1788465600,0.0009313881624263618,0.0009684567271617527,0.0009277028648182748,0.0009520589765483106,2579.91967326427
1788469200,0.0009520589765483106,0.0009561626295151013,0.0009222754690839934,0.0009246122856573938,4755.074622062345
1788472800,0.0009246122856573938,0.0009540015439690869,0.0009246122856573938,0.0009445098511582223,2452.3611552959933
1788476400,0.0009445098511582223,0.000986004130892535,0.0009377890502860213,0.0009595136803017955,5786.03586120887
1788480000,0.0009595136803017955,0.0009673565309943853,0.0009244130187082647,0.0009380569935671055,2334.30391689932
1788483600,0.0009380569935671055,0.0009391039271258667,0.0008352796818287203,0.0008688439467153746,15313.741859895707
1788487200,0.0008688439467153746,0.0008998907811607281,0.0008571505064121786,0.0008891894052115919,3504.181841062632
1788490800,0.0008891894052115919,0.000923359003355217,0.0008869764976549095,0.0009190392954538708,2877.017998446065
1788494400,0.0009190392954538708,0.0009190392954538708,0.0008417388802356767,0.0008649155354933809,7511.706095217397
1788498000,0.0008649155354933809,0.0008736343517952299,0.000845978847696542,0.0008619034993599095,2697.8967875061153
1788501600,0.0008619034993599095,0.000868423698828786,0.0008252104870371205,0.0008354542602590546,2862.3090344384564
1788505200,0.0008354542602590546,0.0008744038067610061,0.0008354542602590546,0.0008473729748717358,5243.7956231568105
1788508800,0.0008473729748717358,0.00088711260049552,0.0008458775334178358,0.0008801843224119949,2552.8321492668215
1788512400,0.0008801843224119949,0.0008860451418532627,0.0008391037252188438,0.0008798452181450098,5526.42557239481
1788516000,0.0008798452181450098,0.0008984537381199057,0.0008647685719700347,0.0008865254099987567,2216.974376504715
1788519600,0.0008865254099987567,0.0008954384803658336,0.0008347272670220883,0.0008397022733152823,4829.2164749827425
1788523200,0.0008397022733152823,0.0008403228738299529,0.0007524938960181738,0.0007943603302320696,9850.153072966632
1788526800,0.0007943603302320696,0.0007943603302320696,0.0007067535770463661,0.0007425956469458065,21076.709787139906
1788530400,0.0007425956469458065,0.0007528616380901532,0.0006787749326588729,0.0007241869894328615,14336.99125733563
1788534000,0.0007241869894328615,0.0007855157110278489,0.0006969550458256619,0.0007690698721655089,10195.3207264572
1788537600,0.0007690698721655089,0.00081115792675949,0.0007375889430848431,0.0007841429150184837,9742.03845306608
1788541200,0.0007841429150184837,0.0007963165115021822,0.0007514381899877368,0.0007596837914358309,4950.595598087552
1788544800,0.0007596837914358309,0.0007823748274047917,0.0007491512994263424,0.000765436782126313,2418.0586249544112
1788548400,0.000765436782126313,0.0007852125512471517,0.000757065328492217,0.0007588714531024978,2047.6140553639937
1788552000,0.0007588714531024978,0.0007762674169599996,0.0007497460923946629,0.0007761214088605934,2427.8978463327844
1788555600,0.0007761214088605934,0.0007954702878153887,0.0007312693373357557,0.0007515617767303755,19094.516414883958
1788559200,0.0007515617767303755,0.0007656895748459162,0.0007459988654190654,0.0007592478257767556,2401.731483760187
1788562800,0.0007592478257767556,0.0007690608975471058,0.0007480802034136857,0.0007573085875422004,1686.4258983512239
1788566400,0.0007573085875422004,0.00076351009410041,0.0007442061405831819,0.0007627448149691494,1400.1914610136785
1788570000,0.0007627448149691494,0.0007688650331623353,0.0007551594813070675,0.0007659152726586433,442.1903349647988
1788573600,0.0007659152726586433,0.0007685797713033016,0.0007378513512925673,0.0007458692743704034,1419.5517345487463
1788577200,0.0007458692743704034,0.0007512945059768255,0.0007066923815054318,0.0007206322201573973,6453.8466614834
1788580800,0.0007206322201573973,0.0007221502087165851,0.0007108854872694424,0.0007132273919475666,639.674103174472
1788584400,0.0007132273919475666,0.0007432157506650842,0.0007095346571750125,0.0007432157506650842,1845.2766447967954
1788588000,0.0007432157506650842,0.0008383975710504868,0.0007432157506650842,0.0008285561735564401,8066.349524378901
1788591600,0.0008285561735564401,0.000835126318186843,0.0007843709663894272,0.0007926194294790607,5033.846398836872
1788595200,0.0007926194294790607,0.0007960479920264665,0.0007858770450634174,0.0007874677569761459,362.9538137168776
1788598800,0.0007874677569761459,0.0008105476184055405,0.0007874677569761459,0.0007991730443993514,1432.228392962549
1788602400,0.0007991730443993514,0.000808352919796221,0.0007948118335585529,0.0007949088506421576,1185.167377314196
1788606000,0.0007949088506421576,0.0007996452656417375,0.0007862474332964922,0.0007907819851401725,653.7698214910724
1788609600,0.0007907819851401725,0.0007999423043166656,0.0007808326210963016,0.0007938771915016716,804.0443938660835
1788613200,0.0007938771915016716,0.0008011135285291423,0.000789916074338768,0.0007965535582783663,455.5021859458335
1788616800,0.0007965535582783663,0.0007991074610651434,0.0007358654705165369,0.0007467141262402219,4567.373115539104
1788620400,0.0007467141262402219,0.0007680383072451637,0.0007406130827370587,0.0007680372953524589,1502.903984192997
1788624000,0.0007680372953524589,0.0007929026186500246,0.0007588285955689748,0.0007921860168643376,2169.5399556612433
1788627600,0.0007921860168643376,0.0008160747756922372,0.000783664494677608,0.0008145985416326368,3340.0288774542355
1788631200,0.0008145985416326368,0.0008556413649746469,0.0007931091350026284,0.0008549686899197625,5737.804854735873
1788634800,0.0008549686899197625,0.0009034197318646089,0.0008440017636559492,0.0008812077931546906,7214.8885234232675
1788638400,0.0008812077931546906,0.0009040358791208732,0.0008713304108729348,0.0009015070390315713,1794.8443134706731
1788642000,0.0009015070390315713,0.0009316254964708043,0.0008906592734109855,0.0009285147879632406,5266.9411454385145
1788645600,0.0009285147879632406,0.001047808613482228,0.0008855410803109018,0.001037203896722753,14943.614426039685
1788649200,0.001037203896722753,0.0010697684214692408,0.0009773856676286278,0.000989281655717512,8230.392662494658
1788652800,0.000989281655717512,0.0010186120861062332,0.0009458684362732289,0.0009562636005251826,4815.1197939131
1788656400,0.0009562636005251826,0.001002803855731453,0.0009534082780549428,0.000998138856307036,3667.0500591424184
1788660000,0.000998138856307036,0.0010323534440149671,0.0009869732876976618,0.00102326404486931,3692.3438764972852
1788663600,0.00102326404486931,0.0010405047578389858,0.0009959926775227382,0.0010221815455955796,3633.567409282226
1788667200,0.0010221815455955796,0.0010409981402083085,0.0009715177974245112,0.0009715177974245112,4003.308767230012
1788670800,0.0009715177974245112,0.0010148007168969979,0.00096103929443644,0.0009950406404961169,3577.5614880741227
1788674400,0.0009950406404961169,0.0009991488627049583,0.0009651443108738523,0.0009751587973524081,2062.7097523523757
1788678000,0.0009751587973524081,0.0009818107946846378,0.0009553320799756943,0.0009680634908749842,2199.1265973379213
1788681600,0.0009680634908749842,0.0010164692412317296,0.0009680634908749842,0.000976922863355699,4019.17569850493
1788685200,0.000976922863355699,0.0009908209489474817,0.000964599531412815,0.0009704203643143154,3073.28065440747
1788688800,0.0009704203643143154,0.0009857127952392793,0.0009626827579649676,0.0009675313643358033,1465.9613177626852
1788692400,0.0009675313643358033,0.0009750112892856597,0.0009547352368348581,0.0009624579455029119,1251.5293001732425
1788696000,0.0009624579455029119,0.0009701727412519077,0.0009476670294802191,0.0009528690864650482,1282.0197332652635
1788699600,0.0009528690864650482,0.0009618091199558758,0.0009265033183609137,0.0009395931882067309,1772.7365955386883
1788703200,0.0009395931882067309,0.0009738660980153928,0.0009319312023480591,0.0009735671551039321,3374.2895480943175
1788706800,0.0009735671551039321,0.0009735671551039321,0.0009389325985724145,0.0009407799811977712,3471.6622144861362
1788710400,0.0009407799811977712,0.0009407799811977712,0.0008812050244580868,0.0008907137941681982,5014.7502295914655
1788714000,0.0008907137941681982,0.000891414915679761,0.0008634515650260727,0.0008776973626882757,1372.4575403739366
1788717600,0.0008776973626882757,0.0008776973626882757,0.0007985336360193284,0.0008230425334691079,8010.775207275804
1788721200,0.0008230425334691079,0.0008561750699308821,0.0008230425334691079,0.0008553614017098644,5581.50383627704
1788724800,0.0008553614017098644,0.0008553614017098644,0.0008294733389371696,0.0008374444347087862,1619.1868544003312
1788728400,0.0008374444347087862,0.0008448246863849374,0.0008263334451821667,0.0008448246863849374,2323.327663350211
1788732000,0.0008448246863849374,0.0008488388372333195,0.000828667433269609,0.0008462850413695318,3406.898126514769
1788735600,0.0008462850413695318,0.0009353865315641412,0.0008462850413695318,0.0009346455390603831,7018.7942757837245
1788739200,0.0009346455390603831,0.000935559685193156,0.0009202837146815713,0.0009264317540490633,1180.2304778066164
1788742800,0.0009264317540490633,0.0009264317540490633,0.0008945941437432693,0.0008945941437432693,2209.843334484471
1788746400,0.0008945941437432693,0.0009004734151300694,0.0008884005831319198,0.0008929090914085963,1803.765872845806
1788750000,0.0008929090914085963,0.0008993379416663912,0.0008684416472479709,0.0008759024910788538,1752.126275071743
1788753600,0.0008759024910788538,0.0008774836904990587,0.0008586824044116776,0.0008715007928324855,992.7307259114581
1788757200,0.0008715007928324855,0.0008715007928324855,0.000851587544723788,0.000851587544723788,921.0249022416642
1788760800,0.000851587544723788,0.000863237391640624,0.0008470741615282341,0.0008470741615282341,506.70076407189345
1788764400,0.0008470741615282341,0.000847581826025717,0.0008091658126548442,0.0008246291208331858,2949.800653828376
1788768000,0.0008246291208331858,0.0008264721624679845,0.0008039796525226557,0.0008231977985608776,1803.2636868771542
1788771600,0.0008231977985608776,0.0008231977985608776,0.0008115308897039868,0.0008195863143494972,258.4445236927015
1788775200,0.0008195863143494972,0.0008203815030664686,0.0007964695852664399,0.000796998512451785,1815.8320663131085
1788778800,0.000796998512451785,0.0008010593918082105,0.0007695667221480814,0.0007726349914262983,4244.094946077462
1788782400,0.0007726349914262983,0.0008046895770068375,0.0007702888879659852,0.0007963872209467963,2358.73392409974
1788786000,0.0007963872209467963,0.0008109799463554944,0.0007811317745290192,0.0007928508283053638,1667.3641844330718
1788789600,0.0007928508283053638,0.0008457503976396356,0.000756171573525296,0.00081484820074137,9685.702804032584
1788793200,0.00081484820074137,0.00081484820074137,0.0006971578328092374,0.0007281993231964723,18567.88426030703
1788796800,0.0007281993231964723,0.0007773568775909646,0.0007281993231964723,0.0007707727668066407,4001.968744505771
1788800400,0.0007707727668066407,0.0007837739448069716,0.0007481301861779484,0.0007580213709708288,2434.7747815311327
1788804000,0.0007580213709708288,0.0007846015443144451,0.0007504095809558018,0.000760898607108921,3353.630464644894
1788807600,0.000760898607108921,0.0007793824896464502,0.0007565938112697776,0.0007674173896455713,2393.8107588278503
1788811200,0.0007674173896455713,0.0007728957779022819,0.0007495382138601028,0.0007728957779022819,3297.929729371678
1788814800,0.0007728957779022819,0.0008322251165638976,0.0007676464274582301,0.0007979125716751812,8505.497382003186
1788818400,0.0007979125716751812,0.0008051071894956876,0.0007742812362740247,0.0007843543794304943,1700.038176385484
1788822000,0.0007843543794304943,0.0007942612210280045,0.0007697112614637317,0.000783862904521713,2408.8506915875137
1788825600,0.000783862904521713,0.0008235617540319096,0.0007781591021021662,0.0008076660723329977,3339.6899233140475
1788829200,0.0008076660723329977,0.0008224653111944302,0.0007973812282503327,0.0008103731798857941,2762.1307869079224
1788832800,0.0008103731798857941,0.0008175662706779936,0.0007941336329933235,0.0007941336329933235,1822.8916714528145
1788836400,0.0007941336329933235,0.0007941336329933235,0.0007296765790862104,0.0007600554458980169,6081.242820236276
1788840000,0.0007600554458980169,0.0007647188734717174,0.0007448331558207544,0.0007448331558207544,1671.4465269402788
1788843600,0.0007448331558207544,0.0007466415062556906,0.0006675374059346944,0.0007070037095716516,13152.323870409842
1788847200,0.0007070037095716516,0.0007071473121801233,0.0006934719124019708,0.0006934719124019708,2098.8211545420663
1788850800,0.0006934719124019708,0.0007065303877760549,0.0006805609268591166,0.0006922531731125332,2393.1970189719136
1788854400,0.0006922531731125332,0.0007069910908883761,0.0006908821711950642,0.000699011611035716,1953.5351458189978
1788858000,0.000699011611035716,0.0007041461677863141,0.0006899366735631939,0.0006904753156813579,1839.142192262846
1788861600,0.0006904753156813579,0.0007007521136094614,0.0006785032532234743,0.0006813581933661681,2305.826609692051
1788865200,0.0006813581933661681,0.0006936354087908101,0.0006599195124645538,0.0006836962388232006,4930.163372143408
1788868800,0.0006836962388232006,0.0006919172605086587,0.0006617041557091776,0.0006633112850755343,2474.79871436745
1788872400,0.0006633112850755343,0.0006716150987488074,0.0006152215792267496,0.0006268534113943167,7606.160814498965
1788876000,0.0006268534113943167,0.0006396645945732584,0.0005873349710317861,0.000596083882706054,18177.11300657672
1788879600,0.000596083882706054,0.0006052326471550257,0.0005858133851918667,0.000589538951167831,3083.2132044721493
1788883200,0.000589538951167831,0.0005902347440715263,0.0005606384904701632,0.0005737422556891151,7435.696213744265
1788886800,0.0005737422556891151,0.0005872142616000174,0.0005567445263872772,0.0005645119331125983,5635.728881255089
1788890400,0.0005645119331125983,0.0005729565402606927,0.0005578717358491879,0.0005619080058174443,2033.8333725700122
1788894000,0.0005619080058174443,0.0006177904309353173,0.0005544340602579588,0.0005943633953846813,6687.050904752601
1788897600,0.0005943633953846813,0.000597342683411341,0.0005791004608027981,0.000597342683411341,1885.4050707422434
1788901200,0.000597342683411341,0.0006901294046573293,0.000597342683411341,0.0006065830837500527,14714.246501062333
1788904800,0.0006065830837500527,0.0006178235928985938,0.0006008924835733206,0.0006142751293387936,1238.139550766232
1788908400,0.0006142751293387936,0.0006260545377022164,0.0006053880255374981,0.0006260545377022164,1828.9558044457674
1788912000,0.0006260545377022164,0.0006260545377022164,0.0005965140336942001,0.0006094408276659637,2437.7977368351126
1788915600,0.0006094408276659637,0.0006094408276659637,0.0005953089486455827,0.0006038397190505781,1114.0949951684397
1788919200,0.0006038397190505781,0.0006038397190505781,0.0005703480449680992,0.0005703480449680992,3132.610600677682
1788922800,0.0005703480449680992,0.0005797217836571546,0.0005674195686954234,0.0005731764266639071,1197.991075008008
1788926400,0.0005731764266639071,0.0006360081203242255,0.0005731764266639071,0.0006279851532672733,5410.4324482459015
1788930000,0.0006279851532672733,0.0006329965474292762,0.0006039913713313347,0.0006040179639019085,2343.2427126694815
1788933600,0.0006040179639019085,0.0006275708613011491,0.0006038828882491936,0.0006208980405116394,1433.285416132321
1788937200,0.0006208980405116394,0.0006341646361995054,0.0006174807891002981,0.0006335080311639038,1158.9010882660782
1788940800,0.0006335080311639038,0.0006613840339727438,0.0006251422309595477,0.0006613840339727438,3679.2775613003114
1788944400,0.0006613840339727438,0.000680637399086599,0.0006569748308533795,0.0006680167715346072,2887.14314461427
1788948000,0.0006680167715346072,0.0006777627365021432,0.0006411860815344597,0.0006411860815344597,2604.0724016178565
1788951600,0.0006411860815344597,0.0006484132770576095,0.0006028007046166046,0.0006343735198293352,4666.775695780601
1788955200,0.0006343735198293352,0.0006865875082698709,0.0006255605515393392,0.000684980705356274,4671.749642640156
1788958800,0.000684980705356274,0.0006866716048046493,0.0006583126772500612,0.0006658109256749016,1817.3104921141187
1788962400,0.0006658109256749016,0.000694179900012202,0.0006498089378674974,0.000694179900012202,3276.589824017383
1788966000,0.000694179900012202,0.0007233182491388616,0.0006826507137661712,0.000705731587638363,5154.286589893199
1788969600,0.000705731587638363,0.0007263017346749937,0.000692391445837522,0.0007027620380651102,3629.301568365357
1788973200,0.0007027620380651102,0.0007090921046532363,0.0006955418294766296,0.0006980781128753959,384.99334719789607
1788976800,0.0006980781128753959,0.0007068643670679678,0.0006871576059278426,0.0006871576059278426,831.5053616124643
1788980400,0.0006871576059278426,0.0006913889327035285,0.0006554969034495593,0.0006554969034495593,3205.2572938138924
1788984000,0.0006554969034495593,0.0006558335872662404,0.0006366828769899688,0.0006461084587705777,1675.2310867053252
1788987600,0.0006461084587705777,0.0006575712391408756,0.0006381620136920947,0.0006381620136920947,2454.558878049934
1788991200,0.0006381620136920947,0.0006466998951560707,0.0006187068113051634,0.0006210940907257856,2525.3642196827
1788994800,0.0006210940907257856,0.0006247507342239021,0.0006167262223033891,0.0006176634163741269,125.23039481685312
1788998400,0.0006176634163741269,0.0006243667504162014,0.0006176634163741269,0.0006231998466616621,109.3055857185745
1789002000,0.0006231998466616621,0.0006263673999079571,0.0006155849883357059,0.0006218779322360128,164.7666892635532
1789005600,0.0006218779322360128,0.0006302937057966804,0.0006218779322360128,0.0006241388540658999,198.70941013965665
1789009200,0.0006241388540658999,0.0006320470286447766,0.0005250776434224121,0.000579714766917773,13035.924684793854
1789012800,0.000579714766917773,0.00059029587299431,0.0005605212873196077,0.0005714336186976316,6738.628804598369
1789016400,0.0005714336186976316,0.0005772140639191438,0.00056278554327388,0.0005664315980818597,1729.5772473868608
1789020000,0.0005664315980818597,0.0005672744969871889,0.0005521777608110522,0.0005672744969871889,1542.910675953164
1789023600,0.0005672744969871889,0.0005696714159988298,0.000557654321901212,0.0005629624765266322,2464.4105361323363
1789027200,0.0005629624765266322,0.0005834338191299682,0.0005629624765266322,0.0005794465704202208,1580.0730215405501
1789030800,0.0005794465704202208,0.0005847247157288216,0.000568149296063186,0.000572855435847091,1858.417751694189
1789034400,0.000572855435847091,0.0005847839684333621,0.0005631520721455008,0.000583544435528091,2374.3818260178764
1789038000,0.000583544435528091,0.000583544435528091,0.0005621391775927278,0.0005813669123799146,2338.3797070781707
1789041600,0.0005813669123799146,0.0005813669123799146,0.0005607230551651079,0.0005693653555865195,239.70813415124022
1789045200,0.0005693653555865195,0.0005737682457097992,0.0005544272051085118,0.0005737682457097992,2304.8295456882975
1789048800,0.0005737682457097992,0.000582359808792007,0.0005643394544881348,0.000582359808792007,892.5159149756814
1789052400,0.000582359808792007,0.0005825712060746498,0.0005663280179553683,0.0005695155733668352,1478.3188660311203
1789056000,0.0005695155733668352,0.0006021836849602306,0.0005695155733668352,0.0005969887187803969,2578.4806063564674
1789059600,0.0005969887187803969,0.0006063651025522368,0.000595861300159726,0.0006035410086228091,643.2632752360074
1789063200,0.0006035410086228091,0.0006035410086228091,0.0005886626346321663,0.0005935216426424572,813.2180851889084
1789066800,0.0005935216426424572,0.0006176991382944926,0.0005773239783070636,0.0006165228905538856,4184.56770332023
1789070400,0.0006165228905538856,0.0006176286705530478,0.0005966720167653736,0.000609244323886907,1893.4204575366402
1789074000,0.000609244323886907,0.0006097251283998582,0.0005963889809281458,0.0006015079921866118,795.8675616039538
1789077600,0.0006015079921866118,0.0006109349225267291,0.0005987268567334505,0.0006090592186811458,903.1022744474307
1789081200,0.0006090592186811458,0.000619020777721113,0.0005998341939222134,0.0006154008647795051,961.7927482366731
1789084800,0.0006154008647795051,0.0006636629139098613,0.0006148549125892265,0.0006553212711184038,3863.3821994020514
1789088400,0.0006553212711184038,0.0007112376491189299,0.0006551473685572296,0.0007077524504471018,5574.764539789296
1789092000,0.0007077524504471018,0.0007114300936524479,0.0006753127900756684,0.0007009817221605087,3311.4690992631267
1789095600,0.0007009817221605087,0.0007381905466705514,0.000696391301993997,0.0007374257688020223,2432.2190196613938
1789099200,0.0007374257688020223,0.0009814322467874576,0.00073080679507807,0.0008720309802358725,34717.83200136633
1789102800,0.0008720309802358725,0.0009755900755838137,0.0008618391851021961,0.0009354149139872523,16812.11507781757
1789106400,0.0009354149139872523,0.0009361029759559135,0.0008533215250976178,0.0008678591368022741,6190.450164172075
1789110000,0.0008678591368022741,0.0008704299679735403,0.0008173786700576161,0.0008496047476279883,7343.364985691134
1789113600,0.0008496047476279883,0.0008734628924683664,0.0008285456942644441,0.0008734628924683664,6684.342700236693
1789117200,0.0008734628924683664,0.0009093710263071696,0.0008549387358818513,0.000888657847700405,6534.421866171422
1789120800,0.000888657847700405,0.0008962130182920744,0.0008744034274701892,0.0008962130182920744,1764.7574699479637
1789124400,0.0008962130182920744,0.0008962130182920744,0.0008532326348474024,0.0008568272383932722,3284.669024112695
1789128000,0.0008568272383932722,0.000888038549839251,0.0008456121941047606,0.0008501973685485831,6404.823616925808
1789131600,0.0008501973685485831,0.0008869164242990667,0.0008388249846313185,0.0008869164242990667,3542.9924635844036
1789135200,0.0008869164242990667,0.0009067919232264185,0.0008344152818167919,0.0008441531269276772,7425.592684921214
1789138800,0.0008441531269276772,0.0008761284899403932,0.0008261918812621926,0.0008710639469104914,3756.9633345586108
1789142400,0.0008710639469104914,0.0008710639469104914,0.0008445024311562668,0.0008445024311562668,2421.6240661370725
1789146000,0.0008445024311562668,0.0008487096866153031,0.0007809794206082695,0.00080033358295937,8276.198767228976
1789149600,0.00080033358295937,0.00080033358295937,0.0007551188957647545,0.0007570408644813985,3316.2071132512992
1789153200,0.0007570408644813985,0.0007645974903686957,0.0007437450515044116,0.000756109020726922,2303.399310185405
1789156800,0.000756109020726922,0.0007783024580412104,0.0007446852756630215,0.0007521687755090301,3133.820146863018
1789160400,0.0007521687755090301,0.0007779028321873473,0.0007466626673076866,0.0007777392107523173,2075.742019585132
1789164000,0.0007777392107523173,0.0007967361860039754,0.0007763137035483433,0.0007826802127811423,2125.5832897195605
1789167600,0.0007826802127811423,0.000786137999746586,0.0007710854314181254,0.000779814436772821,886.9379242719913
1789171200,0.000779814436772821,0.0007908271134084028,0.0007702522559098304,0.0007812144327352639,1008.6773986184307
1789174800,0.0007812144327352639,0.0008198781702773596,0.0007744881696389652,0.000810917987505247,2831.507154906694
1789178400,0.000810917987505247,0.000810917987505247,0.0008040807253211297,0.0008040807253211297,306.72966860442233
1789182000,0.0008040807253211297,0.0008147403008093047,0.0007779430401894516,0.0007848850901755303,1945.2969608992007
1789185600,0.0007848850901755303,0.0007880340602438682,0.0007783679978925346,0.0007878853252441873,658.7121910931364
1789189200,0.0007878853252441873,0.0007878853252441873,0.0007739621130875067,0.0007828189231194107,375.51119922454126
1789192800,0.0007828189231194107,0.0007828189231194107,0.0007615887336510665,0.0007624184790892916,3265.289284020184
1789196400,0.0007624184790892916,0.000770349928219421,0.0007608773910230011,0.000770349928219421,120.331531148752
1789200000,0.000770349928219421,0.000770349928219421,0.0007376456285926791,0.0007426514170023042,2311.1003552296784
1789203600,0.0007426514170023042,0.0007459529641939069,0.0007337815576986859,0.0007426262032414275,412.0005351227788
1789207200,0.0007426262032414275,0.0007503971561136245,0.0007348535920563964,0.000738891343997946,741.5619758606153
1789210800,0.000738891343997946,0.000743676531891322,0.0007308333565824761,0.000743489282877744,905.8105683235796
1789214400,0.000743489282877744,0.0007446276063920883,0.0007289584257859517,0.0007355328116077396,704.1727794744229
1789218000,0.0007355328116077396,0.0007413153858403138,0.0006927783479572776,0.0007031309998269765,4162.893476285945
1789221600,0.0007031309998269765,0.0007068669252214833,0.000674542471103737,0.0006804717836589333,4500.442219773017
1789225200,0.0006804717836589333,0.0006914726614637764,0.0006640696335549978,0.0006771982954614454,4258.468918218164
1789228800,0.0006771982954614454,0.0007008202935431706,0.0006762544262526064,0.0006920635682596592,3207.761360252784
1789232400,0.0006920635682596592,0.0007941391571945247,0.0006920635682596592,0.0007941391571945247,6787.876258690009
1789236000,0.0007941391571945247,0.0009150618603886481,0.0007324058261547811,0.0008925135525326805,15636.752231097611
1789239600,0.0008925135525326805,0.0009021565846022941,0.0008109235369130877,0.0008251453528226885,5648.059661030144
1789243200,0.0008251453528226885,0.0008327461421488662,0.0008054714006549544,0.0008054714006549544,1524.59916258622
1789246800,0.0008054714006549544,0.0008605231799328875,0.0008054714006549544,0.0008501370140064726,3980.906209870917
1789250400,0.0008501370140064726,0.0008601809208650826,0.0008397203375110585,0.0008397896406343909,716.806178903138
1789254000,0.0008397896406343909,0.0008397896406343909,0.0008097979774896062,0.0008097979774896062,1792.9903863707484
1789257600,0.0008097979774896062,0.0008278717487170526,0.0008050243443824174,0.0008178237961363496,1921.9314712132643
1789261200,0.0008178237961363496,0.0008224406759891545,0.0007912982107699124,0.0008005846795989417,1987.1356355728594
1789264800,0.0008005846795989417,0.0008005846795989417,0.0007756771516221377,0.0007756771516221377,1047.145758349539
1789268400,0.0007756771516221377,0.0007827848302050294,0.0007730510164299731,0.0007730510164299731,93.61974243177494
1789272000,0.0007730510164299731,0.000788139115698483,0.0007718434789806413,0.000788139115698483,492.6685801493312
1789275600,0.000788139115698483,0.000789897658079198,0.0007726874353265159,0.0007892976918890293,2169.7882712628243
1789279200,0.0007892976918890293,0.0007892976918890293,0.0007715599174209095,0.0007809174856876873,844.8566846913037
1789282800,0.0007809174856876873,0.0007809174856876873,0.0007588104057963113,0.0007710404455483682,2087.209370323729
1789286400,0.0007710404455483682,0.0008025945219135809,0.0007710404455483682,0.0008008997204564906,2218.2821133923717
1789293600,0.0008008997204564906,0.0008008997204564906,0.0007605184154865541,0.0007647518429230137,1953.04253359181
1789297200,0.0007647518429230137,0.0007681218501808794,0.0007481443094106492,0.0007562734371667848,3421.7629977867696
1789300800,0.0007562734371667848,0.000761215898822872,0.0007446689748082637,0.0007539586198849977,1211.8569513021937
1789304400,0.0007539586198849977,0.000758762605303411,0.000735116707318511,0.000758762605303411,1820.4786454932569
1789308000,0.000758762605303411,0.00077606117251545,0.0007523082527559423,0.00077606117251545,862.2252098513884
1789311600,0.00077606117251545,0.00077606117251545,0.0007622146570615456,0.0007730672189981387,662.5799142294085
1789315200,0.0007730672189981387,0.000780693594320028,0.0007615358189789326,0.0007710022723422962,630.8156554090683
1789318800,0.0007710022723422962,0.0007710022723422962,0.000751817539919426,0.0007569077581125774,1110.7940132625151
1789322400,0.0007569077581125774,0.000770006885431258,0.0007476071632728167,0.0007659127325819249,1405.647893151027
1789326000,0.0007659127325819249,0.0007835955229716867,0.0007659127325819249,0.0007680543446243437,1091.840003392284
1789329600,0.0007680543446243437,0.0007792054143497357,0.0007649829377214021,0.00077310959274928,845.1248294220504
1789333200,0.00077310959274928,0.0007817532092831594,0.000770237996165565,0.0007710307372631482,757.2655011711104
1789336800,0.0007710307372631482,0.0007710307372631482,0.0007349721182829809,0.0007349721182829809,1920.0843275027403
1789340400,0.0007349721182829809,0.0007419005070664623,0.0007349721182829809,0.0007381241146236191,39.297631064141015
1789344000,0.0007381241146236191,0.0007496560276562937,0.0007293892830483673,0.0007496560276562937,1183.8486023388305
1789347600,0.0007496560276562937,0.000760608628851138,0.0007496560276562937,0.0007520843666405281,239.05053133865724
1789351200,0.0007520843666405281,0.000760839204854697,0.0007520843666405281,0.000753627105615494,554.2150548121859
1789354800,0.000753627105615494,0.0007632828906105142,0.0007506323305885874,0.0007603916862183977,358.922845685831
1789358400,0.0007603916862183977,0.0007626064012116189,0.0007520365807699987,0.0007535862515662984,45.2880563089141
1789362000,0.0007535862515662984,0.0008152103462247736,0.0007535862515662984,0.0008035567998241753,3475.729421665934
1789365600,0.0008035567998241753,0.0008477225877375105,0.0008035567998241753,0.0008461186763935116,2577.135961698513
1789369200,0.0008461186763935116,0.000847834934403857,0.0008327327630513174,0.000834951938398602,1130.4567652767366
1789372800,0.000834951938398602,0.000834951938398602,0.000700052810603333,0.0007504718324473534,15925.693575166826
1789376400,0.0007504718324473534,0.0007600741329784806,0.0007482423703337464,0.0007560967006346471,855.8570426561149
1789380000,0.0007560967006346471,0.0007641634092034815,0.0007545326544562758,0.0007641634092034815,47.35478833603643
1789383600,0.0007641634092034815,0.0007669166355106904,0.0007491831324333416,0.0007504948156842413,1386.4489040038268
1789387200,0.0007504948156842413,0.0009666446476243191,0.0007504948156842413,0.0008775621473065096,20520.84729182652
1789390800,0.0008775621473065096,0.0008775621473065096,0.0008558603229619491,0.0008558603229619491,1748.521022741403
1789394400,0.0008558603229619491,0.000864686395429787,0.0008181238613015479,0.0008209226871911366,4216.3369929210385
1789398000,0.0008209226871911366,0.000842437025262184,0.0008149829534440582,0.0008332626577762871,1695.804714215983
1789401600,0.0008332626577762871,0.0008440841505204794,0.0008268261749016051,0.0008358992973143537,1301.7704588700558
1789405200,0.0008358992973143537,0.0008369405319527154,0.0008227371100175103,0.0008364289167688768,242.60008672333984
1789408800,0.0008364289167688768,0.000856302806072263,0.0008266981624577112,0.000844726095889341,916.0610236826913
1789412400,0.000844726095889341,0.0008956244529730453,0.0008405522158424286,0.0008822400893892287,3157.070320774763
1789416000,0.0008822400893892287,0.0009032708698144926,0.0008728931391579774,0.0008927272576593282,1597.8403200998828
1789419600,0.0008927272576593282,0.0008927272576593282,0.0008661163599363834,0.0008762353128661231,1333.0879066922269
1789423200,0.0008762353128661231,0.0008762353128661231,0.0006833927686276493,0.0007303143543783091,32569.539939699654
1789426800,0.0007303143543783091,0.0007696809313306301,0.0007201320532088652,0.000751660952410667,4713.519116705357
1789430400,0.000751660952410667,0.0007686988332698545,0.0007514106489246405,0.0007575208261839774,860.7779979961268
1789434000,0.0007575208261839774,0.0007611598348749747,0.0007447910143552026,0.0007447910143552026,1713.302467209972
1789437600,0.0007447910143552026,0.0007447910143552026,0.0007298500296082424,0.0007298500296082424,579.9506702317816
1789441200,0.0007298500296082424,0.0007429819416114512,0.0007256513060256303,0.0007259885009362298,1817.3433109087962
1789444800,0.0007259885009362298,0.0007265913549594937,0.0007042740545032132,0.0007204845472869021,2434.361139291541
1789448400,0.0007204845472869021,0.0007383517772744719,0.0007115972689191095,0.0007383517772744719,1161.7158202949688
1789452000,0.0007383517772744719,0.0008233445784563714,0.0007280850302430361,0.0007953544326663279,8385.291976685015
1789455600,0.0007953544326663279,0.0008049086172572513,0.0007796929368784185,0.0007913630586215322,2279.6995869891516
1789459200,0.0007913630586215322,0.0008449180043793844,0.0007811512859585361,0.0008383881503119301,4035.2750521430926
1789462800,0.0008383881503119301,0.001041147312477942,0.0008383881503119301,0.0008929243726557044,26485.07106054462
1789466400,0.0008929243726557044,0.0008929243726557044,0.0008629326964112095,0.0008768314360593789,2567.2945885079926
1789470000,0.0008768314360593789,0.0009356579755873905,0.0008696220368414608,0.000914037326953701,3984.856484191342
1789473600,0.000914037326953701,0.0009796185388621348,0.000914037326953701,0.0009237118927848876,3857.7079975869683
1789477200,0.0009237118927848876,0.0009721137782326643,0.0009237118927848876,0.0009330428380584868,4839.678076335519
1789480800,0.0009330428380584868,0.0009422615508876174,0.0008596685273499267,0.0008596685273499267,2838.8137453955496
1789484400,0.0008596685273499267,0.0009015939667228113,0.0008596685273499267,0.000889211801399304,957.8406666222892
1789488000,0.000889211801399304,0.0009003313557794897,0.0008574135922244259,0.0008613542522609441,1791.5661262006756
1789491600,0.0008613542522609441,0.0009038794246072717,0.0008525955942647515,0.0008753279164188833,4281.78943131653
1789495200,0.0008753279164188833,0.0008944745227864129,0.0008687375938588793,0.0008687375938588793,1464.42394985534
1789498800,0.0008687375938588793,0.0008764555634810603,0.0008615189916978793,0.0008764555634810603,1670.035248083054
1789502400,0.0008764555634810603,0.0008764555634810603,0.0008569201452233718,0.0008637470845639665,933.4355779130813
1789506000,0.0008637470845639665,0.0008698794871811304,0.0008384931129655187,0.0008384931129655187,1042.9006842413617
1789509600,0.0008384931129655187,0.0010371502101830697,0.0008384931129655187,0.0010274794392460007,6655.172221767537
1789513200,0.0010274794392460007,0.0010274794392460007,0.00094864836116575,0.0009769744096868726,6728.560385422728
1789516800,0.0009769744096868726,0.0009873525641496035,0.0009548491566835227,0.0009795824003210668,2354.4692288511083
1789520400,0.0009795824003210668,0.00098979979462935,0.0009533066492489492,0.0009829780098470125,2645.382253970367
1789524000,0.0009829780098470125,0.0010359944294211795,0.0009829780098470125,0.0010286157981361625,3454.5785371491543
1789527600,0.0010286157981361625,0.0011134627148989922,0.0010165390348121654,0.0011134627148989922,8399.859087397625
1789531200,0.0011134627148989922,0.0011134627148989922,0.0010595571734150762,0.0010662028825167472,6729.9325914697265
1789534800,0.0010662028825167472,0.0010857424493436636,0.0010406306545349805,0.001060326482375336,5789.615544759823
1789538400,0.001060326482375336,0.0010614691049735628,0.001023723242933237,0.0010358553456488698,3573.176588704634
1789542000,0.0010358553456488698,0.0010448227047436017,0.0010237100959095368,0.0010374218442728658,2292.431715658339
1789545600,0.0010374218442728658,0.0010395503698307942,0.0009648594343297917,0.000979570157047258,5858.677715452168
1789549200,0.000979570157047258,0.00099455774401131,0.0009651146089227126,0.0009916059299971743,3082.1021587768437
1789552800,0.0009916059299971743,0.0009926255694075816,0.0009710628007454575,0.000983337389438685,2276.6479016213766
1789556400,0.000983337389438685,0.000985931115031785,0.000965334057093631,0.0009793193496941098,2585.202073714591
1789560000,0.0009793193496941098,0.0009808005392038716,0.0009511602712609224,0.0009624937256116628,4678.645246251033
1789563600,0.0009624937256116628,0.0009633793522006696,0.0009229091590693055,0.0009373974903212964,4071.135376169471
1789567200,0.0009373974903212964,0.0009383947615095744,0.0009091939067919033,0.0009232421339778401,3034.2186314805776
1789570800,0.0009232421339778401,0.0009283130781655567,0.0009096367372844459,0.0009242510393553939,2274.107673779363
1789574400,0.0009242510393553939,0.0009260186301293396,0.0008970437666745171,0.000910293066887512,2965.8566954308044
1789578000,0.000910293066887512,0.0009109382986847089,0.0008683123387550933,0.0008893937874985707,3756.0329261334787
1789581600,0.0008893937874985707,0.0009326544975321245,0.0008723096086638657,0.0009158330956575624,5494.109827070527
1789585200,0.0009158330956575624,0.0009235450532904158,0.0009086419899909734,0.0009215807000276426,223.7241422864482
1789592400,0.0009215807000276426,0.0009215807000276426,0.0009188295976456398,0.0009188295976456398,30.54155628512687
1789617600,0.0009188295976456398,0.0010061539333549917,0.0009188295976456398,0.0009822409685317011,1052.8959060862526
1789621200,0.0009822409685317011,0.0010181573118983826,0.0009751085865765377,0.0010007853717026902,4193.290373106555
1789624800,0.0010007853717026902,0.0010007853717026902,0.000746228257291671,0.0008398048511429491,58866.377770412015
1789628400,0.0008398048511429491,0.0008908400051155522,0.0008295672214200445,0.0008697457100996983,6881.976302546339
1789632000,0.0008697457100996983,0.0008697457100996983,0.0008026491741095648,0.0008080748110908804,5260.237033617912
1789635600,0.0008080748110908804,0.0008438907490900461,0.0008080748110908804,0.0008265659727414505,3916.9632523437003
1789639200,0.0008265659727414505,0.0008649805754855626,0.0008137246863749177,0.0008631370546744303,4570.86269139914
1789642800,0.0008631370546744303,0.0008969475384451987,0.0008550970480026711,0.0008856776688877204,6529.185549442298
1789646400,0.0008856776688877204,0.0009061380172196503,0.0008817007431255465,0.0008916252031799428,1793.9389600983468
1789650000,0.0008916252031799428,0.0008930550440045576,0.0008522777320422706,0.0008522777320422706,2097.961366690987
1789653600,0.0008522777320422706,0.0008698855072473803,0.0008522777320422706,0.0008566484215327245,2056.6846647771404
1789657200,0.0008566484215327245,0.000862783979664166,0.0008391677890422686,0.0008507516557102727,1924.3292583951434
1789660800,0.0008507516557102727,0.0008616773812804409,0.0008483896953715423,0.0008604415491005357,469.3184791094384
1789664400,0.0008604415491005357,0.0008695172605554062,0.000848161048148749,0.000848161048148749,686.5604581069216
1789668000,0.000848161048148749,0.000848161048148749,0.0008476466345477126,0.0008476466345477126,16.78340336404471
1789671600,0.0008476466345477126,0.0008540206522676424,0.0008421819346453032,0.0008440064393128922,283.1264951416147
1789675200,0.0008440064393128922,0.0008510631025186636,0.0008363305825461587,0.0008363305825461587,751.6005422496984
